-- phpMyAdmin SQL Dump
-- version 5.2.1
-- https://www.phpmyadmin.net/
--
-- Servidor: 127.0.0.1
-- Tiempo de generación: 13-12-2024 a las 14:47:32
-- Versión del servidor: 10.4.32-MariaDB
-- Versión de PHP: 8.2.12

SET SQL_MODE = "NO_AUTO_VALUE_ON_ZERO";
START TRANSACTION;
SET time_zone = "+00:00";


/*!40101 SET @OLD_CHARACTER_SET_CLIENT=@@CHARACTER_SET_CLIENT */;
/*!40101 SET @OLD_CHARACTER_SET_RESULTS=@@CHARACTER_SET_RESULTS */;
/*!40101 SET @OLD_COLLATION_CONNECTION=@@COLLATION_CONNECTION */;
/*!40101 SET NAMES utf8mb4 */;

--
-- Base de datos: `rx_huilalaplata`
--

-- --------------------------------------------------------

--
-- Estructura de tabla para la tabla `entidades`
--

CREATE TABLE `entidades` (
  `id_entidad` int(11) NOT NULL,
  `nombre_entidad` varchar(255) NOT NULL,
  `tipo_entidad` enum('EPS','SOAT','Particular') NOT NULL
) ENGINE=InnoDB DEFAULT CHARSET=utf8mb4 COLLATE=utf8mb4_general_ci;

--
-- Volcado de datos para la tabla `entidades`
--

INSERT INTO `entidades` (`id_entidad`, `nombre_entidad`, `tipo_entidad`) VALUES
(4, 'SECRETARIA DE SALUD', 'EPS'),
(5, 'ADRES', 'EPS'),
(6, 'SANITAS EPS', 'EPS'),
(7, 'NUEVA EPS SUBSIDIADO', 'EPS'),
(8, 'ASMETSALUD', 'EPS'),
(9, 'AIC', 'EPS'),
(10, 'FIDUPREVISORA', 'SOAT'),
(11, 'NUEVA EPS CONTRIBUTIVO', 'EPS'),
(12, 'EMSSANAR', 'EPS'),
(13, 'SALUD TOTAL SUBSIDIADO', 'EPS'),
(14, 'LA PREVISORA', 'SOAT'),
(15, 'SEGUROS BOLIVAR', 'SOAT'),
(16, 'COMPAÑÍA MUNDIAL', 'SOAT'),
(17, 'PARTICULAR', 'Particular'),
(18, 'AXA COLPATRIA', 'SOAT'),
(19, 'COMPAÑÍA DE SEGUROS COLMENA', 'SOAT'),
(20, 'COOSALUD EPS', 'EPS'),
(21, 'SANIDAD MILITAR', 'EPS'),
(22, 'POSITIVA COMPAÑÍA', 'SOAT'),
(23, 'SEGUROS DEL ESTADO', 'SOAT'),
(24, 'FAMISANAR SUBSIDIADO', 'EPS'),
(25, 'POLICIA NACIONAL', 'EPS'),
(26, 'SANITAS  SUBSIDIADO', 'EPS'),
(27, 'ASMET SALUD', 'EPS'),
(28, 'SANITAS  CONTRIBUTIVO', 'EPS'),
(29, 'AIC CONTRIBUTIVO', 'EPS'),
(30, 'SURAMERICANA', 'EPS'),
(31, '40625947', 'EPS'),
(32, '26592386', 'EPS'),
(33, '26574703', 'EPS'),
(34, '66916481', 'EPS'),
(35, '21426115', 'EPS'),
(36, '36376268', 'EPS'),
(37, '36380428', 'EPS'),
(38, '36380947', 'EPS'),
(39, '36376910', 'EPS'),
(40, '36277058', 'EPS'),
(41, '36381916', 'EPS'),
(42, '36375318', 'EPS'),
(43, '36380327', 'EPS'),
(44, 'SALUD TOTAL', 'EPS'),
(45, 'SANITAS CONTRIBUTIVO', 'EPS'),
(46, 'COMPENSAR', 'EPS'),
(47, 'SOLIDARIA', 'EPS'),
(48, 'SURAMERICANA EPS', 'EPS'),
(49, 'CAJACOPI ATLANTICO CAJA DE COMPENSACION', 'EPS'),
(50, 'EQUIDAD SEGUROS', 'EPS'),
(51, 'POSITIVA ARL', 'EPS'),
(52, 'ASMET  SALUD SUBSIDIADO', 'EPS'),
(53, 'SURAMERICANA  EPS', 'EPS'),
(54, 'SEGUROS DE VIDA COLMENA', 'EPS'),
(55, 'SURAMERICANA ARL', 'EPS'),
(56, 'CAPITAL SALUD', 'EPS');

-- --------------------------------------------------------

--
-- Estructura de tabla para la tabla `factura`
--

CREATE TABLE `factura` (
  `id_factura` int(11) NOT NULL,
  `codigo_factura` int(11) NOT NULL,
  `nombre_archivo` varchar(255) NOT NULL,
  `id_procedimiento` int(11) NOT NULL,
  `id_entidad` int(11) NOT NULL,
  `nombre_paciente` varchar(255) DEFAULT NULL,
  `tipo_id` varchar(10) DEFAULT NULL,
  `id_paciente` varchar(50) DEFAULT NULL,
  `sexo` varchar(1) DEFAULT NULL,
  `fecha_nacimiento` date DEFAULT NULL,
  `cantidad` int(11) DEFAULT 1,
  `valor_unitario` decimal(10,3) DEFAULT NULL,
  `valor_descuento` decimal(10,3) DEFAULT NULL,
  `descuento` decimal(5,2) DEFAULT NULL,
  `fecha_procedimiento` date DEFAULT NULL
) ENGINE=InnoDB DEFAULT CHARSET=utf8mb4 COLLATE=utf8mb4_general_ci;

--
-- Volcado de datos para la tabla `factura`
--

INSERT INTO `factura` (`id_factura`, `codigo_factura`, `nombre_archivo`, `id_procedimiento`, `id_entidad`, `nombre_paciente`, `tipo_id`, `id_paciente`, `sexo`, `fecha_nacimiento`, `cantidad`, `valor_unitario`, `valor_descuento`, `descuento`, `fecha_procedimiento`) VALUES
(1, 2493, 'RECIBO DE CAJA LA PLATA', 23, 5, 'ELIAN SEBASTIAN PERDOMO OSSA', NULL, '1081418682', 'M', '2020-06-09', 1, 690900.000, 587265.000, 0.15, '2024-12-02'),
(2, 2494, 'RECIBO DE CAJA LA PLATA', 66, 7, 'MARIA JUBELA OLAYA', NULL, '25560968', 'F', '1961-01-05', 1, 524477.000, 445805.450, 0.15, '2024-12-02'),
(3, 2495, 'RECIBO DE CAJA LA PLATA', 55, 11, 'MARIELA  ORTIZ BOLAÑOS', NULL, '26428613', 'F', '1978-05-05', 1, 1301850.000, 1106572.500, 0.15, '2024-12-02'),
(4, 2496, 'RECIBO DE CAJA LA PLATA', 23, 5, 'LIAM SAMUEL CUELLAR ROJAS', NULL, '1081424442', 'M', '2019-09-15', 1, 690900.000, 587265.000, 0.15, '2024-12-02'),
(5, 2496, 'RECIBO DE CAJA LA PLATA', 32, 5, 'LIAM SAMUEL CUELLAR ROJAS', NULL, '1081424442', 'M', '2019-09-15', 1, 758200.000, 644470.000, 0.15, '2024-12-02'),
(6, 2497, 'RECIBO DE CAJA LA PLATA', 55, 45, 'JOSE DIOMEDES ARANGO GALLEGO', NULL, '13886163', 'M', '1957-02-02', 1, 1254525.000, 1066346.250, 0.15, '2024-12-02'),
(7, 2497, 'RECIBO DE CAJA LA PLATA', 47, 45, 'JOSE DIOMEDES ARANGO GALLEGO', NULL, '13886163', 'M', '1957-02-02', 1, 941320.000, 800122.000, 0.15, '2024-12-02'),
(8, 2498, 'RECIBO DE CAJA LA PLATA', 23, 7, 'YOHAN ALEXI MUÑOZ ANACONA', NULL, '1081404160', 'M', '2007-12-15', 1, 528539.000, 449258.150, 0.15, '2024-12-02'),
(9, 2499, 'RECIBO DE CAJA LA PLATA', 23, 14, 'LUIS EUGENIO GAMBOA', NULL, '12269369', 'M', '1957-11-01', 1, 690900.000, 587265.000, 0.15, '2024-12-02'),
(10, 2500, 'RECIBO DE CAJA LA PLATA', 66, 7, 'LUCELIDA  CHIMBACO', NULL, '26470524', 'F', '1964-05-08', 1, 524477.000, 445805.450, 0.15, '2024-12-02'),
(11, 2500, 'RECIBO DE CAJA LA PLATA', 75, 7, 'LUCELIDA  CHIMBACO', NULL, '26470524', 'F', '1964-05-08', 1, 892225.000, 758391.250, 0.15, '2024-12-02'),
(12, 2501, 'RECIBO DE CAJA LA PLATA', 55, 26, 'JOSE FABIO ALMARIO LEIVA', NULL, '4895148', 'M', '1954-07-13', 1, 1254525.000, 1066346.250, 0.15, '2024-12-02'),
(13, 2501, 'RECIBO DE CAJA LA PLATA', 46, 26, 'JOSE FABIO ALMARIO LEIVA', NULL, '4895148', 'M', '1954-07-13', 1, 611320.000, 519622.000, 0.15, '2024-12-02'),
(14, 2502, 'RECIBO DE CAJA LA PLATA', 23, 44, 'ANA LIBIA SANCHEZ VIVAS', NULL, '1081400751', 'F', '1988-09-11', 1, 587265.000, 499175.250, 0.15, '2024-12-02'),
(15, 2503, 'RECIBO DE CAJA LA PLATA', 23, 45, 'BLANCA NUBIA RODRIGUEZ SANEZ', NULL, '1077844105', 'F', '1987-01-30', 1, 499175.250, 424298.963, 0.15, '2024-12-02'),
(16, 2504, 'RECIBO DE CAJA LA PLATA', 23, 26, 'GRICELDA  LOZADA DE ANGEL', NULL, '31853492', 'F', '1959-12-17', 1, 499175.250, 424298.963, 0.15, '2024-12-02'),
(17, 2505, 'RECIBO DE CAJA LA PLATA', 23, 5, 'BRAYAN ESTIVEN SANCHEZ SANABRIA', NULL, '1077859427', 'M', '2009-01-13', 1, 690900.000, 587265.000, 0.15, '2024-12-02'),
(18, 2506, 'RECIBO DE CAJA LA PLATA', 23, 26, 'JOSE ANTONIO RICARDO RAMIREZ', NULL, '12269802', 'M', '1952-08-30', 1, 499175.250, 424298.963, 0.15, '2024-12-02'),
(19, 2507, 'RECIBO DE CAJA LA PLATA', 58, 7, 'ANGELA YURANY OSSA CUETOCHAMBO', NULL, '1079508794', 'F', '2009-09-27', 1, 842385.000, 716027.250, 0.15, '2024-12-02'),
(20, 2508, 'RECIBO DE CAJA LA PLATA', 23, 21, 'JOSE CAMILO PEÑA TAMARA', NULL, '1005485993', 'M', '2001-12-10', 1, 587265.000, 499175.250, 0.15, '2024-12-02'),
(21, 2509, 'RECIBO DE CAJA LA PLATA', 46, 10, 'GUSTAVO  ALVARADO', NULL, '4896716', 'M', '1957-01-01', 1, 719200.000, 611320.000, 0.15, '2024-12-02'),
(22, 2510, 'RECIBO DE CAJA LA PLATA', 44, 7, 'JUAN BAUTISTA CALDON AMBITO', NULL, '12136199', 'M', '1963-10-21', 1, 572626.000, 486732.100, 0.15, '2024-12-02'),
(23, 2511, 'RECIBO DE CAJA LA PLATA', 23, 26, 'EDWIN MAURICIO MUÑOZ SANZA', NULL, '1075227810', 'M', '2006-04-16', 1, 499175.250, 424298.963, 0.15, '2024-12-02'),
(24, 2512, 'RECIBO DE CAJA LA PLATA', 23, 27, 'MARIA GREGORIA CAMAYO BOLAÑOS', NULL, '31227620', 'F', '1948-05-09', 1, 528539.000, 449258.150, 0.15, '2024-12-02'),
(25, 2513, 'RECIBO DE CAJA LA PLATA', 32, 5, 'NANCY  NORIEGA CASTRO', NULL, '36380653', 'F', '1972-08-14', 1, 758200.000, 644470.000, 0.15, '2024-12-03'),
(26, 2514, 'RECIBO DE CAJA LA PLATA', 23, 5, 'JOSE HUBER RAMOS INSECA', NULL, '12276247', 'M', '1963-10-20', 1, 690900.000, 587265.000, 0.15, '2024-12-03'),
(27, 2514, 'RECIBO DE CAJA LA PLATA', 32, 5, 'JOSE HUBER RAMOS INSECA', NULL, '12276247', 'M', '1963-10-20', 1, 758200.000, 644470.000, 0.15, '2024-12-03'),
(28, 2515, 'RECIBO DE CAJA LA PLATA', 23, 5, 'ALFARIS MARIBEL CEBALLOS UCUE', NULL, '1062077783', 'F', '2006-05-20', 1, 690900.000, 587265.000, 0.15, '2024-12-03'),
(29, 2515, 'RECIBO DE CAJA LA PLATA', 32, 5, 'ALFARIS MARIBEL CEBALLOS UCUE', NULL, '1062077783', 'F', '2006-05-20', 1, 758200.000, 644470.000, 0.15, '2024-12-03'),
(30, 2516, 'RECIBO DE CAJA LA PLATA', 73, 26, 'NORMA  CASTAÑEDA RAMIREZ', NULL, '26459969', 'F', '1976-02-05', 1, 1238545.000, 1052763.250, 0.15, '2024-12-03'),
(31, 2517, 'RECIBO DE CAJA LA PLATA', 23, 26, 'VIRGINIA  PASTUSO RAMIREZ', NULL, '26541958', 'F', '1960-07-06', 1, 499175.250, 424298.963, 0.15, '2024-12-03'),
(32, 2518, 'RECIBO DE CAJA LA PLATA', 23, 26, 'CECILIA  ARDILA SAENZ', NULL, '26471415', 'F', '1973-07-30', 1, 499175.250, 424298.963, 0.15, '2024-12-03'),
(33, 2519, 'RECIBO DE CAJA LA PLATA', 55, 29, 'LAUREANO  ECUE MENZA', NULL, '76007773', 'M', '1981-12-09', 1, 1254525.000, 1066346.250, 0.15, '2024-12-03'),
(34, 2520, 'RECIBO DE CAJA LA PLATA', 22, 17, 'MARIELA  MARTINEZ GARZON', NULL, '55144508', 'F', '1956-04-19', 1, 174200.000, 148070.000, 0.15, '2024-12-03'),
(35, 2522, 'RECIBO DE CAJA LA PLATA', 22, 11, 'MARIA GIMENA ROJAS ROJAS', NULL, '36381102', 'F', '1974-06-24', 1, 246840.000, 209814.000, 0.15, '2024-12-03'),
(36, 2523, 'RECIBO DE CAJA LA PLATA', 22, 11, 'LAURA INES CASALLAS GUTIERREZ', NULL, '36178529', 'F', '1965-09-16', 1, 246840.000, 209814.000, 0.15, '2024-12-03'),
(37, 2524, 'RECIBO DE CAJA LA PLATA', 22, 44, 'LUZ MILA ROJAS DIAZ', NULL, '36381778', 'F', '1965-09-10', 1, 290400.000, 246840.000, 0.15, '2024-12-03'),
(38, 2525, 'RECIBO DE CAJA LA PLATA', 22, 11, 'ROSA CELMIRA MENDEZ CADENA', NULL, '26529029', 'F', '1965-10-29', 1, 246840.000, 209814.000, 0.15, '2024-12-03'),
(39, 2526, 'RECIBO DE CAJA LA PLATA', 58, 27, 'MANUEL ANDRES BRAVO MENZA', NULL, '1081420409', 'M', '1998-01-03', 1, 851850.000, 724072.500, 0.15, '2024-12-03'),
(40, 2527, 'RECIBO DE CAJA LA PLATA', 23, 26, 'ALCIDES  PAJOY PISO', NULL, '12268661', 'M', '1952-05-25', 1, 499175.250, 424298.963, 0.15, '2024-12-03'),
(41, 2528, 'RECIBO DE CAJA LA PLATA', 44, 7, 'JUDIT  GARCIA CUADRO', NULL, '1075543165', 'F', '1994-05-24', 1, 572626.000, 486732.100, 0.15, '2024-12-03'),
(42, 2529, 'RECIBO DE CAJA LA PLATA', 23, 26, 'LUIS HERNANDO CAVIEDES MIRANDA', NULL, '7694008', 'M', '1960-08-26', 1, 499175.250, 424298.963, 0.15, '2024-12-03'),
(43, 2530, 'RECIBO DE CAJA LA PLATA', 32, 11, 'RUBEN DARIO NUÑEZ POLANIA', NULL, '1081403754', 'M', '1989-04-03', 1, 682380.000, 580023.000, 0.15, '2024-12-03'),
(44, 2531, 'RECIBO DE CAJA LA PLATA', 23, 26, 'LUIS ERNEY SALINAS GONZALEZ', NULL, '4920500', 'M', '1978-11-10', 1, 499175.250, 424298.963, 0.15, '2024-12-03'),
(45, 2532, 'RECIBO DE CAJA LA PLATA', 23, 9, 'LUZ MARINA CEPEDA DE MARTINEZ', NULL, '36376251', 'F', '1960-07-13', 1, 499175.000, 424298.750, 0.15, '2024-12-04'),
(46, 2533, 'RECIBO DE CAJA LA PLATA', 23, 27, 'ANDREA YULIANA SAENZ VARGAS', NULL, '1033107105', 'F', '2009-11-24', 1, 528539.000, 449258.150, 0.15, '2024-12-04'),
(47, 2534, 'RECIBO DE CAJA LA PLATA', 23, 9, 'ANA BERLINDA CABEZAS BERMUDES', NULL, '36377700', 'F', '1954-08-11', 1, 499175.000, 424298.750, 0.15, '2024-12-04'),
(48, 2535, 'RECIBO DE CAJA LA PLATA', 64, 7, 'MILTON MANUE QUIGUANAS QUINTERO', NULL, '1002979605', 'M', '2001-05-15', 1, 524477.000, 445805.450, 0.15, '2024-12-04'),
(49, 2536, 'RECIBO DE CAJA LA PLATA', 23, 26, 'JOVANA MARCELA MENDOZA POBRE', NULL, '26529516', 'F', '1976-06-14', 1, 499175.250, 424298.963, 0.15, '2024-12-04'),
(50, 2537, 'RECIBO DE CAJA LA PLATA', 23, 26, 'MARIA PAULA TRUJILLO MEDINA', NULL, '1028701547', 'F', '2014-01-23', 1, 499175.250, 424298.963, 0.15, '2024-12-04'),
(51, 2538, 'RECIBO DE CAJA LA PLATA', 56, 12, 'ARANTZA NAHIA VALVERDE PINZON', NULL, '1029622825', 'F', '2015-06-28', 1, 589300.000, 500905.000, 0.15, '2024-12-04'),
(52, 2539, 'RECIBO DE CAJA LA PLATA', 23, 26, 'MIRIAN CECILIA PERDOMO BARBOSA', NULL, '36294300', 'F', '1982-12-26', 1, 499175.250, 424298.963, 0.15, '2024-12-04'),
(53, 2540, 'RECIBO DE CAJA LA PLATA', 58, 10, 'JOHANA ANDREA SANCHEZ MACHADO', NULL, '36384308', 'F', '1980-04-23', 1, 946500.000, 804525.000, 0.15, '2024-12-04'),
(54, 2541, 'RECIBO DE CAJA LA PLATA', 23, 9, 'YANDRY  ACHIPIZ CRUZ', NULL, '1062090018', 'F', '1997-12-25', 1, 499175.000, 424298.750, 0.15, '2024-12-04'),
(55, 2542, 'RECIBO DE CAJA LA PLATA', 23, 9, 'EZEQUIEL  VALENCIA', NULL, '1492320', 'M', '1938-03-07', 1, 499175.000, 424298.750, 0.15, '2024-12-05'),
(56, 2543, 'RECIBO DE CAJA LA PLATA', 23, 7, 'JOSE EDIOSID RAMIREZ VARGAS', NULL, '12271466', 'M', '1964-07-26', 1, 522666.000, 444266.100, 0.15, '2024-12-05'),
(57, 2544, 'RECIBO DE CAJA LA PLATA', 23, 9, 'OLGA LUCIA ROJAS SALINAS', NULL, '26441686', 'F', '1967-06-18', 1, 499175.000, 424298.750, 0.15, '2024-12-05'),
(58, 2545, 'RECIBO DE CAJA LA PLATA', 22, 7, 'VICENTA  PACHONGO YONDAPIZ', NULL, '26521193', 'F', '1957-06-29', 1, 246840.000, 209814.000, 0.15, '2024-12-05'),
(59, 2546, 'RECIBO DE CAJA LA PLATA', 22, 17, 'SHARITH PAOLA OLIVERA AREVALO', NULL, '1102828775', 'F', '1989-09-16', 1, 174200.000, 148070.000, 0.15, '2024-12-05'),
(60, 2547, 'RECIBO DE CAJA LA PLATA', 58, 7, 'JOSE DISNEY OIDOR OIDRO', NULL, '79914986', 'M', '1978-12-20', 1, 842385.000, 716027.250, 0.15, '2024-12-05'),
(61, 2548, 'RECIBO DE CAJA LA PLATA', 58, 11, 'MARICELA  VALENCIA VELAZCO', NULL, '34556602', 'F', '1970-03-31', 1, 851850.000, 724072.500, 0.15, '2024-12-05'),
(62, 2549, 'RECIBO DE CAJA LA PLATA', 23, 26, 'CARLOS JULIO CHAGUENDO OSSA', NULL, '12272307', 'M', '1966-01-03', 1, 499175.250, 424298.963, 0.15, '2024-12-05'),
(63, 2550, 'RECIBO DE CAJA LA PLATA', 23, 11, 'NUBIA ESTELA ORTIZ RAMIREZ', NULL, '36376244', 'F', '1962-10-25', 1, 528539.000, 449258.150, 0.15, '2024-12-05'),
(64, 2551, 'RECIBO DE CAJA LA PLATA', 23, 26, 'ANA  IQUINAS OLCUNCHE', NULL, '26523291', 'F', '1945-06-13', 1, 499175.250, 424298.963, 0.15, '2024-12-05'),
(65, 2552, 'RECIBO DE CAJA LA PLATA', 23, 11, 'GLADYS  ARIAS PICHICA', NULL, '36377474', 'F', '1966-09-13', 1, 528539.000, 449258.150, 0.15, '2024-12-06'),
(66, 2553, 'RECIBO DE CAJA LA PLATA', 23, 9, 'LUZ MARINA CEPEDA DE MARTINEZ', NULL, '36376251', 'F', '1960-07-13', 1, 499175.000, 424298.750, 0.15, '2024-12-06'),
(67, 2554, 'RECIBO DE CAJA LA PLATA', 23, 26, 'YENNY KATHERIN OIDOR PIZO', NULL, '1081398603', 'F', '2005-12-09', 1, 499175.250, 424298.963, 0.15, '2024-12-06'),
(68, 2555, 'RECIBO DE CAJA LA PLATA', 23, 7, 'JEAN CARLOS AMAYA YUSTY', NULL, '1075790806', 'M', '2004-11-04', 1, 522666.000, 444266.100, 0.15, '2024-12-06'),
(69, 2556, 'RECIBO DE CAJA LA PLATA', 55, 17, 'HERMES  TUNUBALA', NULL, '76273030', 'M', '1969-08-03', 1, 1117200.000, 949620.000, 0.15, '2024-12-06'),
(70, 2557, 'RECIBO DE CAJA LA PLATA', 23, 9, 'MARIAM CONSUELO YOTENGO', NULL, '1062079588', 'F', '1988-07-13', 1, 499175.000, 424298.750, 0.15, '2024-12-06'),
(71, 2557, 'RECIBO DE CAJA LA PLATA', 46, 9, 'MARIAM CONSUELO YOTENGO', NULL, '1062079588', 'F', '1988-07-13', 1, 611320.000, 519622.000, 0.15, '2024-12-06'),
(72, 2558, 'RECIBO DE CAJA LA PLATA', 22, 11, 'LIGIA  CHANTRE BELTRAN', NULL, '36381003', 'F', '1972-12-09', 1, 246840.000, 209814.000, 0.15, '2024-12-06'),
(73, 2559, 'RECIBO DE CAJA LA PLATA', 23, 7, 'MARIA EDILMA MONSALVE', NULL, '26529156', 'F', '1967-04-16', 1, 522666.000, 444266.100, 0.15, '2024-12-06'),
(74, 2560, 'RECIBO DE CAJA LA PLATA', 58, 26, 'LUZ MERY CEBALLES', NULL, '36376257', 'F', '1961-05-23', 1, 804525.000, 683846.250, 0.15, '2024-12-06'),
(75, 2561, 'RECIBO DE CAJA LA PLATA', 23, 9, 'FLOR ELENA PERDOMO CAMAYO', NULL, '1081405253', 'F', '1990-04-27', 1, 499175.000, 424298.750, 0.15, '2024-12-06'),
(76, 2562, 'RECIBO DE CAJA LA PLATA', 23, 9, 'MIKAEL JAIR BAICUE CUENE', NULL, '1080269056', 'M', '2024-03-31', 1, 499175.000, 424298.750, 0.15, '2024-12-06'),
(77, 2563, 'RECIBO DE CAJA LA PLATA', 55, 9, 'EZEQUIEL  VALENCIA', NULL, '1492320', 'M', '1938-03-07', 1, 1254525.000, 1066346.250, 0.15, '2024-12-07'),
(78, 2564, 'RECIBO DE CAJA LA PLATA', 23, 9, 'DERLY JIMENA MORA RODRIGUEZ', NULL, '1080268885', 'F', '2023-06-23', 1, 499175.000, 424298.750, 0.15, '2024-12-07'),
(79, 2565, 'RECIBO DE CAJA LA PLATA', 58, 27, 'JHON ALEXANDER LISCANO LIEVANO', NULL, '1004248450', 'M', '2002-03-27', 1, 851850.000, 724072.500, 0.15, '2024-12-07'),
(80, 2566, 'RECIBO DE CAJA LA PLATA', 73, 11, 'INES  VARGAS PEREZ', NULL, '20300751', 'F', '1940-01-20', 1, 1284930.000, 1092190.500, 0.15, '2024-12-07'),
(81, 2567, 'RECIBO DE CAJA LA PLATA', 54, 12, 'GLORIA YANETH MENSA ORDOÑEZ', NULL, '36383043', 'F', '1978-08-29', 1, 946500.000, 804525.000, 0.15, '2024-12-07'),
(82, 2568, 'RECIBO DE CAJA LA PLATA', 23, 7, 'CECILIA ALONSO ACOSTA', NULL, '40729007', 'F', '1967-11-18', 1, 522666.000, 444266.100, 0.15, '2024-12-07'),
(83, 2569, 'RECIBO DE CAJA LA PLATA', 55, 27, 'CATALINA  GAVIRIA GURRUTE', NULL, '36377928', 'F', '1964-08-21', 1, 1301850.000, 1106572.500, 0.15, '2024-12-07'),
(84, 2570, 'RECIBO DE CAJA LA PLATA', 23, 5, 'JISELA  MENZA YACUECHIME', NULL, '1007459182', 'F', '1992-07-25', 1, 690900.000, 587265.000, 0.15, '2024-12-09'),
(85, 2571, 'RECIBO DE CAJA LA PLATA', 55, 26, 'MARIA CONCEPCION VIDAL MARULANDA', NULL, '36381885', 'F', '1970-12-28', 1, 1254525.000, 1066346.250, 0.15, '2024-12-09'),
(86, 2572, 'RECIBO DE CAJA LA PLATA', 23, 5, 'EDINSON GABINO CHANTRE PAJA', NULL, '1002855513', 'M', '2000-05-08', 1, 690900.000, 587265.000, 0.15, '2024-12-09'),
(87, 2573, 'RECIBO DE CAJA LA PLATA', 58, 7, 'ANCIZAR  ANAYA MERA', NULL, '12271684', 'M', '1960-03-19', 1, 842385.000, 716027.250, 0.15, '2024-12-09'),
(88, 2574, 'RECIBO DE CAJA LA PLATA', 66, 5, 'MARIA LETICIA CUNACUE CHACUE', NULL, '25457508', 'F', '1968-10-27', 1, 589300.000, 500905.000, 0.15, '2024-12-09'),
(89, 2574, 'RECIBO DE CAJA LA PLATA', 75, 5, 'MARIA LETICIA CUNACUE CHACUE', NULL, '25457508', 'F', '1968-10-27', 1, 1002500.000, 852125.000, 0.15, '2024-12-09'),
(90, 2575, 'RECIBO DE CAJA LA PLATA', 23, 9, 'MILQUECEDEC  MARIN MENDOZA', NULL, '1117513182', 'M', '1988-09-11', 1, 499175.000, 424298.750, 0.15, '2024-12-09'),
(91, 2576, 'RECIBO DE CAJA LA PLATA', 55, 9, 'MARIA  PERDOMO CAINAS', NULL, '25560228', 'F', '1972-04-15', 1, 1254525.000, 1066346.250, 0.15, '2024-12-09'),
(92, 2577, 'RECIBO DE CAJA LA PLATA', 23, 26, 'YEISON JAVIER CASAMACHIN MUÑOZ', NULL, '1059765858', 'M', '2009-09-13', 1, 499175.250, 424298.963, 0.15, '2024-12-09'),
(93, 2578, 'RECIBO DE CAJA LA PLATA', 23, 11, 'LUCIA  MURCIA PINZON', NULL, '1075309489', 'F', '1998-02-07', 1, 528539.000, 449258.150, 0.15, '2024-12-09'),
(94, 2579, 'RECIBO DE CAJA LA PLATA', 55, 7, 'FABER EMILIO LISCANO GUZMAN', NULL, '79839879', 'M', '1976-07-21', 1, 1292385.000, 1098527.250, 0.15, '2024-12-09'),
(95, 2580, 'RECIBO DE CAJA LA PLATA', 44, 26, 'ANGEL OVIDIO QUINA ORTIZ', NULL, '4897068', 'M', '1966-01-31', 2, 546890.000, 464856.500, 0.15, '2024-12-09'),
(96, 2581, 'RECIBO DE CAJA LA PLATA', 66, 15, 'LUIS ARCADIO CASTRO COMETA', NULL, '4686946', 'M', '1961-06-09', 1, 589300.000, 500905.000, 0.15, '2024-12-09'),
(97, 2581, 'RECIBO DE CAJA LA PLATA', 75, 15, 'LUIS ARCADIO CASTRO COMETA', NULL, '4686946', 'M', '1961-06-09', 1, 1002500.000, 852125.000, 0.15, '2024-12-09'),
(98, 2582, 'RECIBO DE CAJA LA PLATA', 23, 5, 'JOSE BENITO GUETOCUE', NULL, '4688272', 'M', '1965-11-17', 1, 690900.000, 587265.000, 0.15, '2024-12-09'),
(99, 2583, 'RECIBO DE CAJA LA PLATA', 23, 5, 'YEFERSON FABIAN GUETOCUE CUELLO', NULL, '1145825757', 'M', '2010-05-17', 1, 690900.000, 587265.000, 0.15, '2024-12-09'),
(100, 2583, 'RECIBO DE CAJA LA PLATA', 44, 5, 'YEFERSON FABIAN GUETOCUE CUELLO', NULL, '1145825757', 'M', '2010-05-17', 1, 643400.000, 546890.000, 0.15, '2024-12-09'),
(101, 2584, 'RECIBO DE CAJA LA PLATA', 23, 10, 'SOFANOR  ARGUELLO SALAZAR', NULL, '4916289', 'M', '1942-11-01', 1, 587265.000, 499175.250, 0.15, '2024-12-09'),
(102, 2585, 'RECIBO DE CAJA LA PLATA', 23, 5, 'MARIA CAROLINA CUELLO QUINTO', NULL, '1061219670', 'F', '1986-11-29', 1, 690900.000, 587265.000, 0.15, '2024-12-09'),
(103, 2586, 'RECIBO DE CAJA LA PLATA', 23, 7, 'JOSE EDIOSID RAMIREZ VARGAS', NULL, '12271466', 'M', '1964-07-26', 1, 522666.000, 444266.100, 0.15, '2024-12-09'),
(104, 2587, 'j', 23, 11, 'DANIELA ISABEL GARCIA CEBALLOS', NULL, '1026268582', 'F', '1990-03-16', 1, 528539.000, 449258.150, 0.15, '2024-12-09'),
(105, 2588, 'RECIBO DE CAJA LA PLATA', 23, 9, 'JHON JAIRO DIAZ YUNDA', NULL, '1061223005', 'M', '1992-06-24', 1, 499175.000, 424298.750, 0.15, '2024-12-09'),
(106, 2589, 'RECIBO DE CAJA LA PLATA', 23, 44, 'ERIKA VALENTINA SANTOFIMIO ROJAS', NULL, '1000372748', 'F', '2002-04-04', 1, 587265.000, 499175.250, 0.15, '2024-12-09'),
(107, 2590, 'RECIBO DE CAJA LA PLATA', 66, 5, 'MARIA LETICIA CUNACUE CHACUE', NULL, '25457508', 'F', '1968-10-27', 1, 589300.000, 500905.000, 0.15, '2024-12-09'),
(108, 2591, 'RECIBO DE CAJA LA PLATA', 58, 56, 'MARIA YINETH PENAGOS MOSQUERA', NULL, '1121936304', 'F', '1996-05-22', 1, 946500.000, 804525.000, 0.15, '2024-12-09'),
(109, 2592, 'RECIBO DE CAJA LA PLATA', 23, 26, 'LIBRADA  ROJAS DE MUÑOZ', NULL, '25467718', 'M', '1944-04-26', 1, 499175.250, 424298.963, 0.15, '2024-12-09'),
(110, 2593, 'RECIBO DE CAJA LA PLATA', 23, 44, 'MARTHA CECILIA TORRES VARGAS', NULL, '36377009', 'F', '1972-02-02', 1, 587265.000, 499175.250, 0.15, '2024-12-10'),
(111, 2594, 'RECIBO DE CAJA LA PLATA', 23, 7, 'YULI VALENTINA CALDON CLAVIJO', NULL, '1004248910', 'F', '2002-06-07', 1, 522666.000, 444266.100, 0.15, '2024-12-10'),
(112, 2595, 'RECIBO DE CAJA LA PLATA', 23, 16, 'ERICK NICOLAS TORRES HERNANDEZ', NULL, '1032494218', 'M', '1997-10-22', 1, 690900.000, 587265.000, 0.15, '2024-12-10'),
(113, 2595, 'RECIBO DE CAJA LA PLATA', 32, 16, 'ERICK NICOLAS TORRES HERNANDEZ', NULL, '1032494218', 'M', '1997-10-22', 1, 758200.000, 644470.000, 0.15, '2024-12-10'),
(114, 2596, 'RECIBO DE CAJA LA PLATA', 58, 26, 'LIDA SOFIA LISCANO ANAYA', NULL, '1129583516', 'F', '1987-09-29', 1, 804525.000, 683846.250, 0.15, '2024-12-10'),
(115, 2597, 'RECIBO DE CAJA LA PLATA', 44, 16, 'FERNEY STHIVEN GRISALES NUÑEZ', NULL, '1081419762', 'M', '1997-08-13', 1, 643400.000, 546890.000, 0.15, '2024-12-10'),
(116, 2597, 'RECIBO DE CAJA LA PLATA', 23, 16, 'FERNEY STHIVEN GRISALES NUÑEZ', NULL, '1081419762', 'M', '1997-08-13', 1, 690900.000, 587265.000, 0.15, '2024-12-10'),
(117, 2598, 'RECIBO DE CAJA LA PLATA', 23, 14, 'JOSE FREINER CASTRO CAMPOS', NULL, '1081396765', 'M', '2005-06-15', 1, 690900.000, 587265.000, 0.15, '2024-12-10'),
(118, 2598, 'RECIBO DE CAJA LA PLATA', 44, 14, 'JOSE FREINER CASTRO CAMPOS', NULL, '1081396765', 'M', '2005-06-15', 1, 643400.000, 546890.000, 0.15, '2024-12-10'),
(119, 2599, 'RECIBO DE CAJA LA PLATA', 22, 11, 'EMPERATRIZ  RIVERA DE ALVAREZ', NULL, '36376000', 'F', '1957-08-11', 1, 246840.000, 209814.000, 0.15, '2024-12-10'),
(120, 2600, 'RECIBO DE CAJA LA PLATA', 22, 11, 'OTLIA  QUINTERO ALVIRA', NULL, '36377248', 'F', '1958-08-09', 1, 246840.000, 209814.000, 0.15, '2024-12-10'),
(121, 2601, 'RECIBO DE CAJA LA PLATA', 23, 9, 'DORA  CRUZ ACHIPIZ', NULL, '1081423665', 'F', '1999-03-28', 1, 499175.000, 424298.750, 0.15, '2024-12-10'),
(122, 2602, 'RECIBO DE CAJA LA PLATA', 22, 11, 'EDILMA  PEREZ', NULL, '26491216', 'F', '1952-03-02', 1, 246840.000, 209814.000, 0.15, '2024-12-10'),
(123, 2603, 'RECIBO DE CAJA LA PLATA', 23, 24, 'CLAUDIA PATRICIA QUICHOYA PENNA', NULL, '1004302559', 'F', '2003-01-09', 1, 587265.000, 499175.250, 0.15, '2024-12-10'),
(124, 2604, 'RECIBO DE CAJA LA PLATA', 23, 11, 'ARNUZ  OROZCO QUINTERO', NULL, '12135870', 'M', '1968-07-18', 1, 528539.000, 449258.150, 0.15, '2024-12-10'),
(125, 2604, 'RECIBO DE CAJA LA PLATA', 58, 11, 'ARNUZ  OROZCO QUINTERO', NULL, '12135870', 'M', '1968-07-18', 1, 851850.000, 724072.500, 0.15, '2024-12-10'),
(126, 2605, 'RECIBO DE CAJA LA PLATA', 58, 11, 'YANEIRIS YANET RODRIGUEZ SUAREZ', NULL, '40931557', 'F', '1977-07-19', 1, 851850.000, 724072.500, 0.15, '2024-12-10'),
(127, 2606, 'RECIBO DE CAJA LA PLATA', 23, 26, 'JAIME  LOSADA CASTRO', NULL, '12267641', 'M', '1941-08-01', 1, 499175.250, 424298.963, 0.15, '2024-12-10'),
(128, 2607, 'RECIBO DE CAJA LA PLATA', 22, 11, 'LEDI CONSTANZA ROJAS MORENO', NULL, '41709184', 'F', '1956-01-06', 1, 246840.000, 209814.000, 0.15, '2024-12-10'),
(129, 2608, 'RECIBO DE CAJA LA PLATA', 24, 27, 'LEIDY MARCELA VALDERRAMA GARZON', NULL, '1081402633', 'F', '1989-05-02', 1, 682380.000, 580023.000, 0.15, '2024-12-10'),
(130, 2609, 'RECIBO DE CAJA LA PLATA', 58, 11, 'MARLY YOHANA PEREZ RAMOS', NULL, '36314863', 'F', '1982-08-07', 1, 851850.000, 724072.500, 0.15, '2024-12-10'),
(131, 2610, 'RECIBO DE CAJA LA PLATA', 64, 7, 'YENY ANDREA ROJAS OCHOA', NULL, '1004248781', 'F', '2002-05-04', 1, 524477.000, 445805.450, 0.15, '2024-12-10'),
(132, 2611, 'RECIBO DE CAJA LA PLATA', 23, 26, 'WILLIAM FERNANDO CASTILLO', NULL, '12280901', 'M', '1981-11-20', 1, 499175.250, 424298.963, 0.15, '2024-12-11'),
(133, 2612, 'RECIBO DE CAJA LA PLATA', 23, 26, 'MARIA PAULA TRUJILLO MEDINA', NULL, '1028701547', 'F', '2014-01-23', 1, 499175.250, 424298.963, 0.15, '2024-12-11'),
(134, 2613, 'RECIBO DE CAJA LA PLATA', 23, 5, 'ENUAR ANDRES ASTAIZA CASAMACHIN', NULL, '1081421075', 'M', '1998-06-29', 1, 690900.000, 587265.000, 0.15, '2024-12-11'),
(135, 2614, 'RECIBO DE CAJA LA PLATA', 22, 11, 'MABEL  OSORIO RAMIREZ', NULL, '26511805', 'F', '1963-08-28', 1, 246840.000, 209814.000, 0.15, '2024-12-11'),
(136, 2615, 'RECIBO DE CAJA LA PLATA', 23, 5, 'CESAR FABIAN OIDOR MOSQUERA', NULL, '1007490097', 'M', '2003-12-06', 1, 690900.000, 587265.000, 0.15, '2024-12-11'),
(137, 2616, 'RECIBO DE CAJA LA PLATA', 23, 24, 'ROSALBA  MOLANO', NULL, '36375151', 'F', '1954-05-13', 1, 587265.000, 499175.250, 0.15, '2024-12-11'),
(138, 2617, 'RECIBO DE CAJA LA PLATA', 23, 44, 'ROSA ELENA FANDIÑO HERNANDEZ', NULL, '40755028', 'F', '1953-06-21', 1, 587265.000, 499175.250, 0.15, '2024-12-11'),
(139, 2618, 'RECIBO DE CAJA LA PLATA', 22, 10, 'NUBIA  TRUJILLO MURCIA', NULL, '26521014', 'F', '1956-09-02', 1, 290400.000, 246840.000, 0.15, '2024-12-11'),
(140, 2619, 'RECIBO DE CAJA LA PLATA', 58, 11, 'RUBEN DARIO PEREZ LOSADA', NULL, '1081422763', 'M', '1999-08-28', 1, 851850.000, 724072.500, 0.15, '2024-12-11'),
(141, 2620, 'RECIBO DE CAJA LA PLATA', 22, 11, 'FLOR MARIA CRUZ YONDAPIZ', NULL, '25576608', 'F', '1963-01-02', 1, 246840.000, 209814.000, 0.15, '2024-12-11'),
(142, 2621, 'RECIBO DE CAJA LA PLATA', 23, 26, 'JUAN SEBASTIAN ORTIZ CEPEDA', NULL, '1081401919', 'M', '2007-02-17', 1, 499175.250, 424298.963, 0.15, '2024-12-11'),
(143, 2622, 'RECIBO DE CAJA LA PLATA', 55, 12, 'ROSA ELENA PECHENE SANCHEZ', NULL, '25456034', 'F', '1955-05-14', 1, 1396500.000, 1187025.000, 0.15, '2024-12-11');

-- --------------------------------------------------------

--
-- Estructura de tabla para la tabla `precios`
--

CREATE TABLE `precios` (
  `id_precio` int(11) NOT NULL,
  `id_procedimiento` int(11) NOT NULL,
  `id_entidad` int(11) NOT NULL,
  `precio_ambulatorio` decimal(10,3) DEFAULT NULL,
  `precio_hospitalario` decimal(10,3) DEFAULT NULL
) ENGINE=InnoDB DEFAULT CHARSET=utf8mb4 COLLATE=utf8mb4_general_ci;

-- --------------------------------------------------------

--
-- Estructura de tabla para la tabla `procedimientos`
--

CREATE TABLE `procedimientos` (
  `id_procedimiento` int(11) NOT NULL,
  `codigo_procedimiento` varchar(50) NOT NULL,
  `nombre_procedimiento` varchar(255) NOT NULL,
  `marca` varchar(100) DEFAULT NULL,
  `es_contraste` tinyint(1) DEFAULT 0
) ENGINE=InnoDB DEFAULT CHARSET=utf8mb4 COLLATE=utf8mb4_general_ci;

--
-- Volcado de datos para la tabla `procedimientos`
--

INSERT INTO `procedimientos` (`id_procedimiento`, `codigo_procedimiento`, `nombre_procedimiento`, `marca`, `es_contraste`) VALUES
(16, '441302', 'ESOFAGOGASTRODUODENOSCOPIA [EGD] CON O SIN BIOPSIA', 'Endoscopia', 0),
(17, '452301', 'COLONOSCOPIA TOTAL', 'Endoscopia', 0),
(18, '452305', 'COLONOSCOPIA TOTAL CON O SIN BIOPSIA', 'Endoscopia', 0),
(19, '452401', 'SIGMOIDOSCOPIA FLEXIBLE O RIGIDA', 'Endoscopia', 0),
(20, '482301', 'PROCTOSIGMOIDOSCOPIA', 'Endoscopia', 0),
(21, '876801', 'MAMOGRAFIA UNILATERAL O DE PIEZA QUIRURGICA', 'Mamografía', 0),
(22, '876802', 'MAMOGRAFIA BILATERAL', 'Mamografía', 0),
(23, '879111', 'TOMOGRAFIA COMPUTADA DE CRANEO SIMPLE', 'Tomografía', 0),
(24, '879112', 'TOMOGRAFIA COMPUTADA DE CRANEO CON CONTRASTE', 'Tomografía', 1),
(25, '879113', 'TOMOGRAFIA COMPUTADA DE CRANEO SIMPLE Y CON CONTRASTE', 'Tomografía', 1),
(26, '879116', 'TOMOGRAFIA COMPUTADA DE SILLA TURCA (HIPOFISIS)', 'Tomografía', 0),
(27, '879116*', 'TOMOGRAFIA COMPUTADA DE SILLA TURCA (HIPOFISIS) (CON CONTRASTE)', 'Tomografía', 1),
(28, '879121', 'TOMOGRAFIA COMPUTADA DE ORBITAS', 'Tomografía', 0),
(29, '879121*', 'TOMOGRAFIA COMPUTADA DE ORBITAS (CON CONTRASTE)', 'Tomografía', 1),
(30, '879122', 'TOMOGRAFIA COMPUTADA DE OIDO - PEÑASCO Y CONDUCTO AUDITIVO INTERNO', 'Tomografía', 0),
(31, '879122*', 'TOMOGRAFIA COMPUTADA DE OIDO - PEÑASCO Y CONDUCTO AUDITIVO INTERNO (CON CONTRASTE)', 'Tomografía', 1),
(32, '879131', 'TOMOGRAFIA COMPUTADA DE SENOS PARANASALES O CARA', 'Tomografía', 0),
(33, '879131*', 'TOMOGRAFIA COMPUTADA DE SENOS PARANASALES O CARA (CON CONTRASTE)', 'Tomografía', 1),
(34, '879132', 'TOMOGRAFIA COMPUTADA DE RINOFARINGE', 'Tomografía', 0),
(35, '879132*', 'TOMOGRAFIA COMPUTADA DE RINOFARINGE (CON CONTRASTE)', 'Tomografía', 1),
(36, '879141', 'TOMOGRAFIA COMPUTADA DE MAXILARES (ESTUDIO IMPLANTOLOGIA)', 'Tomografía', 0),
(37, '879141*', 'TOMOGRAFIA COMPUTADA DE MAXILARES (ESTUDIO IMPLANTOLOGIA) (CON CONTRASTE)', 'Tomografía', 1),
(38, '879150', 'TOMOGRAFIA COMPUTADA DE ARTICULACION TEMPORO MANDIBULAR (BILATERAL)', 'Tomografía', 0),
(39, '879150*', 'TOMOGRAFIA COMPUTADA DE ARTICULACION TEMPORO MANDIBULAR (BILATERAL) (CON CONTRASTE)', 'Tomografía', 1),
(40, '879161', 'TOMOGRAFIA COMPUTADA DE CUELLO', 'Tomografía', 0),
(41, '879161*', 'TOMOGRAFIA COMPUTADA DE CUELLO (CON CONTRASTE)', 'Tomografía', 1),
(42, '879162', 'TOMOGRAFIA COMPUTADA DE LARINGE', 'Tomografía', 0),
(43, '879162*', 'TOMOGRAFIA COMPUTADA DE LARINGE (CON CONTRASTE)', 'Tomografía', 1),
(44, '879201', 'TOMOGRAFIA COMPUTADA DE COLUMNA SEGMENTOS CERVICAL - TORACICO - LUMBAR O SACRO - POR CADA NIVEL (TRES ESPACIOS)', 'Tomografía', 0),
(45, '879201*', 'TOMOGRAFIA COMPUTADA DE COLUMNA SEGMENTOS CERVICAL - TORACICO - LUMBAR O SACRO - POR CADA NIVEL (TRES ESPACIOS) (CON CONTRASTE)', 'Tomografía', 1),
(46, '879301', 'TOMOGRAFIA COMPUTADA DE TORAX', 'Tomografía', 0),
(47, '879301*', 'TOMOGRAFIA COMPUTADA DE TORAX (CON CONTRASTE)', 'Tomografía', 1),
(48, '879391', 'TOMOGRAFIA COMPUTADA DE TORAX EXTENDIDO AL ABDOMEN SUPERIOR CON SUPRARRENALES', 'Tomografía', 1),
(49, '879391*', 'TOMOGRAFIA COMPUTADA DE TORAX EXTENDIDO AL ABDOMEN SUPERIOR CON SUPRARRENALES (CON CONTRASTE)', 'Tomografía', 1),
(50, '879410', 'TOMOGRAFIA COMPUTADA DE ABDOMEN SUPERIOR', 'Tomografía', 0),
(51, '879410*', 'TOMOGRAFIA COMPUTADA DE ABDOMEN SUPERIOR (CON CONTRASTE)', 'Tomografía', 1),
(52, '879411', 'TOMOGRAFIA COMPUTADA DE INTESTINO [ENTEROTC]', 'Tomografía', 0),
(53, '879411*', 'TOMOGRAFIA COMPUTADA DE INTESTINO [ENTEROTC] (CON CONTRASTE)', 'Tomografía', 1),
(54, '879420', 'TOMOGRAFIA COMPUTADA DE ABDOMEN Y PELVIS (ABDOMEN TOTAL)', 'Tomografía', 0),
(55, '879420*', 'TOMOGRAFIA COMPUTADA DE ABDOMEN Y PELVIS (ABDOMEN TOTAL) (CON CONTRASTE)', 'Tomografía', 1),
(56, '879421', 'TOMOGRAFIA COMPUTADA DE CADERA', 'Tomografía', 0),
(57, '879421*', 'TOMOGRAFIA COMPUTADA DE CADERA (CON CONTRASTE)', 'Tomografía', 1),
(58, '879430', 'TOMOGRAFIA COMPUTADA DE VIAS URINARIAS [UROTC]', 'Tomografía', 0),
(59, '879430*', 'TOMOGRAFIA COMPUTADA DE VIAS URINARIAS [UROTC] (CON CONTRASTE)', 'Tomografía', 1),
(60, '879431', 'UROGRAFIA CON TOMOGRAFIA COMPUTADA', 'Tomografía', 1),
(61, '879431*', 'UROGRAFIA CON TOMOGRAFIA COMPUTADA (CON CONTRASTE)', 'Tomografía', 1),
(62, '879460', 'TOMOGRAFIA COMPUTADA DE PELVIS', 'Tomografía', 0),
(63, '879460*', 'TOMOGRAFIA COMPUTADA DE PELVIS (CON CONTRASTE)', 'Tomografía', 1),
(64, '879510', 'TOMOGRAFIA COMPUTADA DE MIEMBROS SUPERIORES Y ARTICULACIONES', 'Tomografía', 0),
(65, '879510*', 'TOMOGRAFIA COMPUTADA DE MIEMBROS SUPERIORES Y ARTICULACIONES (CON CONTRASTE)', 'Tomografía', 1),
(66, '879520', 'TOMOGRAFIA COMPUTADA DE MIEMBROS INFERIORES Y ARTICULACIONES', 'Tomografía', 0),
(67, '879520*', 'TOMOGRAFIA COMPUTADA DE MIEMBROS INFERIORES Y ARTICULACIONES (CON CONTRASTE)', 'Tomografía', 1),
(68, '879522', 'TOMOGRAFIA COMPUTADA DE MIEMBROS INFERIORES (ANTEVERSION FEMORAL O TORSION TIBIAL)', 'Tomografía', 0),
(69, '879522*', 'TOMOGRAFIA COMPUTADA DE MIEMBROS INFERIORES (ANTEVERSION FEMORAL O TORSION TIBIAL) (CON CONTRASTE)', 'Tomografía', 1),
(70, '879523', 'TOMOGRAFIA COMPUTADA DE MIEMBROS INFERIORES (AXIALES DE ROTULA O LONGITUD DE MIEMBROS INFERIORES)', 'Tomografía', 0),
(71, '879523*', 'TOMOGRAFIA COMPUTADA DE MIEMBROS INFERIORES (AXIALES DE ROTULA O LONGITUD DE MIEMBROS INFERIORES) (CON CONTRASTE)', 'Tomografía', 1),
(72, '879901', 'TOMOGRAFIA COMPUTADA DE VASOS', 'Tomografía', 0),
(73, '879901*', 'TOMOGRAFIA COMPUTADA DE VASOS (CON CONTRASTE)', 'Tomografía', 1),
(74, '879902', 'TOMOGRAFIA COMPUTADA DE CORONARIAS [ANGIOTC CORONARIO]', 'Tomografía', 1),
(75, '879910', 'TOMOGRAFIA COMPUTADA EN RECONSTRUCCION TRIDIMENSIONAL', 'Tomografía', 0),
(76, '879911', 'TOMOGRAFIA COMPUTADA RECONSTRUCCION VIRTUAL', 'Tomografía', 0),
(77, '879920', 'TOMOGRAFIA COMPUTADA CON MODALIDAD DINAMICA (SECUENCIA RAPIDA)', 'Tomografía', 0),
(78, '881202', 'ECOCARDIOGRAMA TRANSTORÁCICO', 'Ecocardiograma', 0),
(79, '881205', 'ECOCARDIOGRAMA TRANSESOFÁGICO', 'Ecocardiograma', 0),
(80, '881210', 'ECOCARDIOGRAMA DE STRESS CON PRUEBA DE ESFUERZO O CON PRUEBA FARMACOLÓGICA', 'Ecocardiograma', 0),
(81, '890228', 'CONSULTA DE PRIMERA VEZ POR ESPECIALISTA EN CARDIOLOGÍA', 'Consulta', 0),
(82, '890246', 'CONSULTA DE PRIMERA VEZ POR ESPECIALISTA EN GASTROENTEROLOGIA', 'Consulta', 0),
(83, '890328', 'CONSULTA DE CONTROL O DE SEGUIMIENTO POR ESPECIALISTA EN CARDIOLOGÍA', 'Consulta', 0),
(84, '890329', 'CONSULTA DE CONTROL O DE SEGUIMIENTO POR ESPECIALISTA EN CARDIOLOGÍA PEDIÁTRICA', 'Consulta', 0),
(85, '890346', 'CONSULTA DE CONTROL O DE SEGUIMIENTO POR ESPECIALISTA EN GASTROENTEROLOGIA', 'Consulta', 0),
(86, '890428', 'INTERCONSULTA POR ESPECIALISTA EN CARDIOLOGIA', 'Consulta', 0),
(87, '890429', 'INTERCONSULTA POR ESPECIALISTA EN CARDIOLOGIA PEDIATRICA', 'Consulta', 0),
(88, '894102', 'PRUEBA DE ESFUERZO CARDIOVASCULAR', 'Prueba', 0),
(89, '895001', 'MONITOREO ELECTROCARDIOGRÁFICO CONTINUO (HOLTER)', 'Monitoreo', 0),
(90, '895004', 'MONITOREO AMBULATORIO DE PRESIÓN ARTERIAL SISTÉMICA', 'Monitoreo', 0);

--
-- Índices para tablas volcadas
--

--
-- Indices de la tabla `entidades`
--
ALTER TABLE `entidades`
  ADD PRIMARY KEY (`id_entidad`);

--
-- Indices de la tabla `factura`
--
ALTER TABLE `factura`
  ADD PRIMARY KEY (`id_factura`),
  ADD KEY `codigo_procedimiento` (`id_procedimiento`),
  ADD KEY `id_entidad` (`id_entidad`);

--
-- Indices de la tabla `precios`
--
ALTER TABLE `precios`
  ADD PRIMARY KEY (`id_precio`),
  ADD KEY `codigo_procedimiento` (`id_procedimiento`),
  ADD KEY `id_entidad` (`id_entidad`);

--
-- Indices de la tabla `procedimientos`
--
ALTER TABLE `procedimientos`
  ADD PRIMARY KEY (`id_procedimiento`);

--
-- AUTO_INCREMENT de las tablas volcadas
--

--
-- AUTO_INCREMENT de la tabla `entidades`
--
ALTER TABLE `entidades`
  MODIFY `id_entidad` int(11) NOT NULL AUTO_INCREMENT, AUTO_INCREMENT=57;

--
-- AUTO_INCREMENT de la tabla `factura`
--
ALTER TABLE `factura`
  MODIFY `id_factura` int(11) NOT NULL AUTO_INCREMENT, AUTO_INCREMENT=144;

--
-- AUTO_INCREMENT de la tabla `precios`
--
ALTER TABLE `precios`
  MODIFY `id_precio` int(11) NOT NULL AUTO_INCREMENT;

--
-- AUTO_INCREMENT de la tabla `procedimientos`
--
ALTER TABLE `procedimientos`
  MODIFY `id_procedimiento` int(11) NOT NULL AUTO_INCREMENT, AUTO_INCREMENT=91;

--
-- Restricciones para tablas volcadas
--

--
-- Filtros para la tabla `factura`
--
ALTER TABLE `factura`
  ADD CONSTRAINT `factura_ibfk_1` FOREIGN KEY (`id_entidad`) REFERENCES `entidades` (`id_entidad`),
  ADD CONSTRAINT `factura_ibfk_2` FOREIGN KEY (`id_procedimiento`) REFERENCES `procedimientos` (`id_procedimiento`);

--
-- Filtros para la tabla `precios`
--
ALTER TABLE `precios`
  ADD CONSTRAINT `precios_ibfk_1` FOREIGN KEY (`id_procedimiento`) REFERENCES `procedimientos` (`id_procedimiento`),
  ADD CONSTRAINT `precios_ibfk_2` FOREIGN KEY (`id_entidad`) REFERENCES `entidades` (`id_entidad`);
COMMIT;

/*!40101 SET CHARACTER_SET_CLIENT=@OLD_CHARACTER_SET_CLIENT */;
/*!40101 SET CHARACTER_SET_RESULTS=@OLD_CHARACTER_SET_RESULTS */;
/*!40101 SET COLLATION_CONNECTION=@OLD_COLLATION_CONNECTION */;
