-- phpMyAdmin SQL Dump
-- version 5.2.1
-- https://www.phpmyadmin.net/
--
-- Servidor: 127.0.0.1
-- Tiempo de generación: 16-11-2024 a las 17:51:02
-- Versión del servidor: 10.4.32-MariaDB
-- Versión de PHP: 8.2.12

SET SQL_MODE = "NO_AUTO_VALUE_ON_ZERO";
START TRANSACTION;
SET time_zone = "+00:00";


/*!40101 SET @OLD_CHARACTER_SET_CLIENT=@@CHARACTER_SET_CLIENT */;
/*!40101 SET @OLD_CHARACTER_SET_RESULTS=@@CHARACTER_SET_RESULTS */;
/*!40101 SET @OLD_COLLATION_CONNECTION=@@COLLATION_CONNECTION */;
/*!40101 SET NAMES utf8mb4 */;

--
-- Base de datos: `rx_huilalaplata`
--

-- --------------------------------------------------------

--
-- Estructura de tabla para la tabla `entidades`
--

CREATE TABLE `entidades` (
  `id_entidad` int(11) NOT NULL,
  `nombre_entidad` varchar(255) NOT NULL,
  `tipo_entidad` enum('EPS','SOAT','Particular') NOT NULL
) ENGINE=InnoDB DEFAULT CHARSET=utf8mb4 COLLATE=utf8mb4_general_ci;

--
-- Volcado de datos para la tabla `entidades`
--

INSERT INTO `entidades` (`id_entidad`, `nombre_entidad`, `tipo_entidad`) VALUES
(4, 'SECRETARIA DE SALUD', 'EPS'),
(5, 'ADRES', 'EPS'),
(6, 'SANITAS EPS', 'EPS'),
(7, 'NUEVA EPS SUBSIDIADO', 'EPS'),
(8, 'ASMETSALUD', 'EPS'),
(9, 'AIC', 'EPS'),
(10, 'FIDUPREVISORA', 'SOAT'),
(11, 'NUEVA EPS CONTRIBUTIVO', 'EPS'),
(12, 'EMSSANAR', 'EPS'),
(13, 'SALUD TOTAL SUBSIDIADO', 'EPS'),
(14, 'LA PREVISORA', 'SOAT'),
(15, 'SEGUROS BOLIVAR', 'SOAT'),
(16, 'COMPAÑÍA MUNDIAL', 'SOAT'),
(17, 'PARTICULAR', 'Particular'),
(18, 'AXA COLPATRIA', 'SOAT'),
(19, 'COMPAÑÍA DE SEGUROS COLMENA', 'SOAT'),
(20, 'COOSALUD EPS', 'EPS'),
(21, 'SANIDAD MILITAR', 'EPS'),
(22, 'POSITIVA COMPAÑÍA', 'SOAT'),
(23, 'SEGUROS DEL ESTADO', 'SOAT'),
(24, 'FAMISANAR SUBSIDIADO', 'EPS'),
(25, 'POLICIA NACIONAL', 'EPS');

-- --------------------------------------------------------

--
-- Estructura de tabla para la tabla `factura`
--

CREATE TABLE `factura` (
  `id_factura` int(11) NOT NULL,
  `codigo_factura` bigint(20) NOT NULL,
  `nombre_archivo` varchar(255) NOT NULL,
  `codigo_procedimiento` varchar(50) NOT NULL,
  `id_entidad` int(11) NOT NULL,
  `nombre_paciente` varchar(255) NOT NULL,
  `tipo_id` varchar(10) DEFAULT NULL,
  `id_paciente` varchar(50) DEFAULT NULL,
  `sexo` char(1) NOT NULL,
  `fecha_nacimiento` date DEFAULT NULL,
  `cantidad` int(11) DEFAULT 1,
  `valor_unitario` decimal(10,3) DEFAULT NULL,
  `valor_descuento` decimal(10,3) DEFAULT NULL,
  `descuento` decimal(5,2) DEFAULT NULL,
  `fecha_procedimiento` date DEFAULT NULL
) ENGINE=InnoDB DEFAULT CHARSET=utf8mb4 COLLATE=utf8mb4_general_ci;

-- --------------------------------------------------------

--
-- Estructura de tabla para la tabla `precios`
--

CREATE TABLE `precios` (
  `id_precio` int(11) NOT NULL,
  `codigo_procedimiento` varchar(50) NOT NULL,
  `id_entidad` int(11) NOT NULL,
  `precio_ambulatorio` decimal(10,3) DEFAULT NULL,
  `precio_hospitalario` decimal(10,3) DEFAULT NULL
) ENGINE=InnoDB DEFAULT CHARSET=utf8mb4 COLLATE=utf8mb4_general_ci;

--
-- Volcado de datos para la tabla `precios`
--

INSERT INTO `precios` (`id_precio`, `codigo_procedimiento`, `id_entidad`, `precio_ambulatorio`, `precio_hospitalario`) VALUES
(347, '879111', 11, 499175.000, 528539.000),
(348, '879112', 11, 0.000, 758200.000),
(349, '879113', 11, 738055.000, 781470.000),
(350, '879116', 11, 644470.000, 682380.000),
(351, '879121', 11, 500905.000, 530370.000),
(352, '879122', 11, 644470.000, 682380.000),
(353, '879131', 11, 644470.000, 682380.000),
(354, '879132', 11, 644470.000, 682380.000),
(355, '879141', 11, 644470.000, 682380.000),
(356, '879150', 11, 644470.000, 682380.000),
(357, '879161', 11, 546890.000, 579060.000),
(358, '879162', 11, 644470.000, 682380.000),
(359, '879201', 11, 546890.000, 579060.000),
(360, '879301', 11, 611320.000, 647280.000),
(361, '879391', 11, 692495.000, 733230.000),
(362, '879410', 11, 692495.000, 733230.000),
(363, '879411', 11, 804525.000, 851850.000),
(364, '879420', 11, 804525.000, 851850.000),
(365, '879421', 11, 500905.000, 530370.000),
(366, '879430', 11, 804525.000, 851850.000),
(367, '879460', 11, 546890.000, 579060.000),
(368, '879510', 11, 500905.000, 530370.000),
(369, '879520', 11, 500905.000, 530370.000),
(370, '879522', 11, 193205.000, 204570.000),
(371, '879523', 11, 193205.000, 204570.000),
(372, '879901', 11, 788545.000, 834930.000),
(373, '879910', 11, 852125.000, 902250.000),
(374, '879911', 11, 852125.000, 902250.000),
(375, '879431', 11, 246840.000, 261360.000),
(376, '876802', 11, 246840.000, 261365.000),
(377, '876801', 11, 202385.000, 214290.000),
(378, '879116*', 11, 974470.000, 1012380.000),
(379, '879121*', 11, 710905.000, 740370.000),
(380, '879122*', 11, 854470.000, 892380.000),
(381, '879131*', 11, 854470.000, 892380.000),
(382, '879132*', 11, 974470.000, 1012380.000),
(383, '879141*', 11, 854470.000, 892380.000),
(384, '879150*', 11, 854470.000, 892380.000),
(385, '879161*', 11, 876890.000, 909060.000),
(386, '879162*', 11, 974470.000, 1012380.000),
(387, '879201*', 11, 876890.000, 909060.000),
(388, '879301*', 11, 941320.000, 977280.000),
(389, '879391*', 11, 1022495.000, 1063230.000),
(390, '879410*', 11, 1022495.000, 1063230.000),
(391, '879411*', 11, 1134525.000, 1181850.000),
(392, '879420*', 11, 1254525.000, 1301850.000),
(393, '879421*', 11, 830905.000, 860370.000),
(394, '879430*', 11, 1134525.000, 1181850.000),
(395, '879460*', 11, 996890.000, 1029060.000),
(396, '879510*', 11, 830905.000, 860370.000),
(397, '879520*', 11, 830905.000, 860370.000),
(398, '879522*', 11, 523205.000, 534570.000),
(399, '879523*', 11, 523205.000, 534570.000),
(400, '879901*', 11, 1238545.000, 1284930.000),
(401, '879431*', 11, 576840.000, 591360.000),
(402, '879111', 7, 499175.000, 522666.000),
(403, '879112', 7, 0.000, 758200.000),
(404, '879113', 7, 738055.000, 772787.000),
(405, '879116', 7, 644470.000, 674798.000),
(406, '879121', 7, 500905.000, 524477.000),
(407, '879122', 7, 644470.000, 674798.000),
(408, '879131', 7, 644470.000, 674798.000),
(409, '879132', 7, 644470.000, 674798.000),
(410, '879141', 7, 644470.000, 674798.000),
(411, '879150', 7, 644470.000, 674798.000),
(412, '879161', 7, 546890.000, 572626.000),
(413, '879162', 7, 644470.000, 674798.000),
(414, '879201', 7, 546890.000, 572626.000),
(415, '879301', 7, 611320.000, 640088.000),
(416, '879391', 7, 692495.000, 725083.000),
(417, '879410', 7, 692495.000, 725083.000),
(418, '879411', 7, 804525.000, 842385.000),
(419, '879420', 7, 804525.000, 842385.000),
(420, '879421', 7, 500905.000, 524477.000),
(421, '879430', 7, 804525.000, 842385.000),
(422, '879460', 7, 546890.000, 572626.000),
(423, '879510', 7, 500905.000, 524477.000),
(424, '879520', 7, 500905.000, 524477.000),
(425, '879522', 7, 193205.000, 202297.000),
(426, '879523', 7, 193205.000, 202297.000),
(427, '879901', 7, 788545.000, 825653.000),
(428, '879910', 7, 852125.000, 892225.000),
(429, '879911', 7, 852125.000, 892225.000),
(430, '879431', 7, 246840.000, 258456.000),
(431, '876802', 7, 246840.000, 261365.000),
(432, '876801', 7, 202385.000, 214290.000),
(433, '879116*', 7, 974470.000, 1004798.000),
(434, '879121*', 7, 710905.000, 734477.000),
(435, '879122*', 7, 854470.000, 884798.000),
(436, '879131*', 7, 854470.000, 884798.000),
(437, '879132*', 7, 974470.000, 1004798.000),
(438, '879141*', 7, 854470.000, 884798.000),
(439, '879150*', 7, 854470.000, 884798.000),
(440, '879161*', 7, 876890.000, 902626.000),
(441, '879162*', 7, 974470.000, 1004798.000),
(442, '879201*', 7, 876890.000, 902626.000),
(443, '879301*', 7, 941320.000, 970088.000),
(444, '879391*', 7, 1022495.000, 1055083.000),
(445, '879410*', 7, 1022495.000, 1055083.000),
(446, '879411*', 7, 1134525.000, 1172385.000),
(447, '879420*', 7, 1254525.000, 1292385.000),
(448, '879421*', 7, 830905.000, 854477.000),
(449, '879430*', 7, 1134525.000, 1172385.000),
(450, '879460*', 7, 996890.000, 1022626.000),
(451, '879510*', 7, 830905.000, 854477.000),
(452, '879520*', 7, 830905.000, 854477.000),
(453, '879522*', 7, 523205.000, 532297.000),
(454, '879523*', 7, 523205.000, 532297.000),
(455, '879901*', 7, 1238545.000, 1275653.000),
(456, '879431*', 7, 576840.000, 588456.000),
(457, '879111', 17, 352359.000, NULL),
(458, '879112', 17, 0.000, 758200.000),
(459, '879113', 17, 434150.000, NULL),
(460, '879116', 17, 379100.000, NULL),
(461, '879121', 17, 294650.000, NULL),
(462, '879122', 17, 379100.000, NULL),
(463, '879131', 17, 379100.000, NULL),
(464, '879132', 17, 379100.000, NULL),
(465, '879141', 17, 379100.000, NULL),
(466, '879150', 17, 379100.000, NULL),
(467, '879161', 17, 321700.000, NULL),
(468, '879162', 17, 379100.000, NULL),
(469, '879201', 17, 321700.000, NULL),
(470, '879301', 17, 359600.000, NULL),
(471, '879391', 17, 407350.000, NULL),
(472, '879410', 17, 407350.000, NULL),
(473, '879411', 17, 473250.000, NULL),
(474, '879420', 17, 757200.000, NULL),
(475, '879421', 17, 294650.000, NULL),
(476, '879430', 17, 473250.000, NULL),
(477, '879460', 17, 321700.000, NULL),
(478, '879510', 17, 294650.000, NULL),
(479, '879520', 17, 294650.000, NULL),
(480, '879522', 17, 113650.000, NULL),
(481, '879523', 17, 113650.000, NULL),
(482, '879910', 17, 601500.000, NULL),
(483, '879911', 17, 601500.000, NULL),
(484, '876802', 17, 246840.000, 261365.000),
(485, '876801', 17, 202385.000, 214290.000),
(486, '879901', 17, 556620.000, NULL),
(487, '879902', 17, 601500.000, NULL),
(488, '879920', 17, 77940.000, NULL),
(489, '879431', 17, 174240.000, NULL),
(490, '879116*', 17, 709100.000, NULL),
(491, '879121*', 17, 504650.000, NULL),
(492, '879122*', 17, 589100.000, NULL),
(493, '879131*', 17, 589100.000, NULL),
(494, '879132*', 17, 709100.000, NULL),
(495, '879141*', 17, 589100.000, NULL),
(496, '879150*', 17, 589100.000, NULL),
(497, '879161*', 17, 651700.000, NULL),
(498, '879162*', 17, 709100.000, NULL),
(499, '879201*', 17, 651700.000, NULL),
(500, '879301*', 17, 689600.000, NULL),
(501, '879391*', 17, 737350.000, NULL),
(502, '879410*', 17, 737350.000, NULL),
(503, '879411*', 17, 803250.000, NULL),
(504, '879420*', 17, 1207200.000, NULL),
(505, '879421*', 17, 624650.000, NULL),
(506, '879430*', 17, 803250.000, NULL),
(507, '879460*', 17, 771700.000, NULL),
(508, '879510*', 17, 624650.000, NULL),
(509, '879520*', 17, 624650.000, NULL),
(510, '879522*', 17, 443650.000, NULL),
(511, '879523*', 17, 443650.000, NULL),
(512, '879901*', 17, 1006620.000, NULL),
(513, '879431*', 17, 504240.000, NULL),
(569, '879111', 6, 469812.000, 499175.000),
(570, '879112', 6, 0.000, 758200.000),
(571, '879113', 6, 694640.000, 738055.000),
(572, '879116', 6, 606560.000, 644470.000),
(573, '879121', 6, 471440.000, 500905.000),
(574, '879122', 6, 606560.000, 644470.000),
(575, '879131', 6, 606560.000, 644470.000),
(576, '879132', 6, 606560.000, 644470.000),
(577, '879141', 6, 606560.000, 644470.000),
(578, '879150', 6, 606560.000, 644470.000),
(579, '879161', 6, 514720.000, 546890.000),
(580, '879162', 6, 606560.000, 644470.000),
(581, '879201', 6, 514720.000, 546890.000),
(582, '879301', 6, 575360.000, 611320.000),
(583, '879391', 6, 651760.000, 692495.000),
(584, '879410', 6, 651760.000, 692495.000),
(585, '879411', 6, 757200.000, 804525.000),
(586, '879420', 6, 757200.000, 804525.000),
(587, '879421', 6, 471440.000, 500905.000),
(588, '879430', 6, 757200.000, 804525.000),
(589, '879460', 6, 514720.000, 546890.000),
(590, '879510', 6, 471440.000, 500905.000),
(591, '879520', 6, 471440.000, 500905.000),
(592, '879522', 6, 181840.000, 193205.000),
(593, '879523', 6, 181840.000, 193205.000),
(594, '879901', 6, 519600.000, 552075.000),
(595, '879910', 6, 802000.000, 852125.000),
(596, '879911', 6, 802000.000, 852125.000),
(597, '879431', 6, 232320.000, 246840.000),
(598, '876802', 6, 246840.000, 261365.000),
(599, '876801', 6, 202385.000, 214290.000),
(600, '879116*', 6, 936560.000, 974470.000),
(601, '879121*', 6, 681440.000, 710905.000),
(602, '879122*', 6, 816560.000, 854470.000),
(603, '879131*', 6, 816560.000, 854470.000),
(604, '879132*', 6, 936560.000, 974470.000),
(605, '879141*', 6, 816560.000, 854470.000),
(606, '879150*', 6, 816560.000, 854470.000),
(607, '879161*', 6, 844720.000, 876890.000),
(608, '879162*', 6, 936560.000, 974470.000),
(609, '879201*', 6, 844720.000, 876890.000),
(610, '879301*', 6, 905360.000, 941320.000),
(611, '879391*', 6, 981760.000, 1022495.000),
(612, '879410*', 6, 981760.000, 1022495.000),
(613, '879411*', 6, 1087200.000, 1134525.000),
(614, '879420*', 6, 1207200.000, 1254525.000),
(615, '879421*', 6, 801440.000, 830905.000),
(616, '879430*', 6, 1087200.000, 1134525.000),
(617, '879460*', 6, 964720.000, 996890.000),
(618, '879510*', 6, 801440.000, 830905.000),
(619, '879520*', 6, 801440.000, 830905.000),
(620, '879522*', 6, 511840.000, 523205.000),
(621, '879523*', 6, 511840.000, 523205.000),
(622, '879901*', 6, 1192160.000, 1238545.000),
(623, '879431*', 6, 562320.000, 576840.000),
(624, '879111', 9, 469812.000, 499175.000),
(625, '879112', 9, 0.000, 758200.000),
(626, '879113', 9, 694640.000, 738055.000),
(627, '879116', 9, 606560.000, 644470.000),
(628, '879121', 9, 471440.000, 500905.000),
(629, '879122', 9, 606560.000, 644470.000),
(630, '879131', 9, 606560.000, 644470.000),
(631, '879132', 9, 606560.000, 644470.000),
(632, '879141', 9, 606560.000, 644470.000),
(633, '879150', 9, 606560.000, 644470.000),
(634, '879161', 9, 514720.000, 546890.000),
(635, '879162', 9, 606560.000, 644470.000),
(636, '879201', 9, 514720.000, 546890.000),
(637, '879301', 9, 575360.000, 611320.000),
(638, '879391', 9, 651760.000, 692495.000),
(639, '879410', 9, 651760.000, 692495.000),
(640, '879411', 9, 757200.000, 804525.000),
(641, '879420', 9, 757200.000, 804525.000),
(642, '879421', 9, 471440.000, 500905.000),
(643, '879430', 9, 757200.000, 804525.000),
(644, '879460', 9, 514720.000, 546890.000),
(645, '879510', 9, 471440.000, 500905.000),
(646, '879520', 9, 471440.000, 500905.000),
(647, '879522', 9, 181840.000, 193205.000),
(648, '879523', 9, 181840.000, 193205.000),
(649, '879901', 9, 742223.000, 788612.000),
(650, '879910', 9, 802000.000, 852125.000),
(651, '879911', 9, 802000.000, 852125.000),
(652, '879431', 9, 232320.000, 246840.000),
(653, '876802', 9, 246840.000, 261365.000),
(654, '876801', 9, 202385.000, 214290.000),
(655, '879116*', 9, 936560.000, 974470.000),
(656, '879121*', 9, 681440.000, 710905.000),
(657, '879122*', 9, 816560.000, 854470.000),
(658, '879131*', 9, 816560.000, 854470.000),
(659, '879132*', 9, 936560.000, 974470.000),
(660, '879141*', 9, 816560.000, 854470.000),
(661, '879150*', 9, 816560.000, 854470.000),
(662, '879161*', 9, 844720.000, 876890.000),
(663, '879162*', 9, 936560.000, 974470.000),
(664, '879201*', 9, 844720.000, 876890.000),
(665, '879301*', 9, 905360.000, 941320.000),
(666, '879391*', 9, 981760.000, 1022495.000),
(667, '879410*', 9, 981760.000, 1022495.000),
(668, '879411*', 9, 1087200.000, 1134525.000),
(669, '879420*', 9, 1207200.000, 1254525.000),
(670, '879421*', 9, 801440.000, 830905.000),
(671, '879430*', 9, 1087200.000, 1134525.000),
(672, '879460*', 9, 964720.000, 996890.000),
(673, '879510*', 9, 801440.000, 830905.000),
(674, '879520*', 9, 801440.000, 830905.000),
(675, '879522*', 9, 511840.000, 523205.000),
(676, '879523*', 9, 511840.000, 523205.000),
(677, '879901*', 9, 1192160.000, 1238545.000),
(678, '879431*', 9, 562320.000, 576840.000),
(679, '879111', 8, 499175.000, 528539.000),
(680, '879112', 8, 0.000, 758200.000),
(681, '879113', 8, 738055.000, 781470.000),
(682, '879116', 8, 644470.000, 682380.000),
(683, '879121', 8, 500905.000, 530370.000),
(684, '879122', 8, 644470.000, 682380.000),
(685, '879131', 8, 644470.000, 682380.000),
(686, '879132', 8, 644470.000, 682380.000),
(687, '879141', 8, 644470.000, 682380.000),
(688, '879150', 8, 644470.000, 682380.000),
(689, '879161', 8, 546890.000, 579060.000),
(690, '879162', 8, 644470.000, 682380.000),
(691, '879201', 8, 546890.000, 579060.000),
(692, '879301', 8, 611320.000, 647280.000),
(693, '879391', 8, 692495.000, 733230.000),
(694, '879410', 8, 692495.000, 733230.000),
(695, '879411', 8, 804525.000, 851850.000),
(696, '879420', 8, 804525.000, 851850.000),
(697, '879421', 8, 500905.000, 530370.000),
(698, '879430', 8, 804525.000, 851850.000),
(699, '879460', 8, 546890.000, 579060.000),
(700, '879510', 8, 500905.000, 530370.000),
(701, '879520', 8, 500905.000, 530370.000),
(702, '879522', 8, 193205.000, 204570.000),
(703, '879523', 8, 193205.000, 204570.000),
(704, '879901', 8, 788545.000, 834930.000),
(705, '879910', 8, 852125.000, 902250.000),
(706, '879911', 8, 852125.000, 902250.000),
(707, '879431', 8, 246840.000, 261360.000),
(708, '876802', 8, 246840.000, 261365.000),
(709, '876801', 8, 202385.000, 214290.000),
(710, '879116*', 8, 974470.000, 1012380.000),
(711, '879121*', 8, 710905.000, 740370.000),
(712, '879122*', 8, 854470.000, 892380.000),
(713, '879131*', 8, 854470.000, 892380.000),
(714, '879132*', 8, 974470.000, 1012380.000),
(715, '879141*', 8, 854470.000, 892380.000),
(716, '879150*', 8, 854470.000, 892380.000),
(717, '879161*', 8, 876890.000, 909060.000),
(718, '879162*', 8, 974470.000, 1012380.000),
(719, '879201*', 8, 876890.000, 909060.000),
(720, '879301*', 8, 941320.000, 977280.000),
(721, '879391*', 8, 1022495.000, 1063230.000),
(722, '879410*', 8, 1022495.000, 1063230.000),
(723, '879411*', 8, 1134525.000, 1181850.000),
(724, '879420*', 8, 1254525.000, 1301850.000),
(725, '879421*', 8, 830905.000, 860370.000),
(726, '879430*', 8, 1134525.000, 1181850.000),
(727, '879460*', 8, 996890.000, 1029060.000),
(728, '879510*', 8, 830905.000, 860370.000),
(729, '879520*', 8, 830905.000, 860370.000),
(730, '879522*', 8, 523205.000, 534570.000),
(731, '879523*', 8, 523205.000, 534570.000),
(732, '879901*', 8, 1238545.000, 1284930.000),
(733, '879431*', 8, 576840.000, 591360.000),
(989, '879111', 4, NULL, 587265.000),
(990, '879111', 12, NULL, 587265.000),
(991, '879111', 20, NULL, 587265.000),
(992, '879111', 21, NULL, 587265.000),
(993, '879111', 24, NULL, 587265.000),
(994, '879111', 25, NULL, 587265.000),
(995, '879111', 13, NULL, 587265.000),
(996, '879112', 4, 0.000, 758200.000),
(997, '879112', 12, 0.000, 758200.000),
(998, '879112', 20, 0.000, 758200.000),
(999, '879112', 21, 0.000, 758200.000),
(1000, '879112', 24, 0.000, 758200.000),
(1001, '879112', 25, 0.000, 758200.000),
(1002, '879112', 13, 0.000, 758200.000),
(1003, '879113', 4, NULL, 868300.000),
(1004, '879113', 12, NULL, 868300.000),
(1005, '879113', 20, NULL, 868300.000),
(1006, '879113', 21, NULL, 868300.000),
(1007, '879113', 24, NULL, 868300.000),
(1008, '879113', 25, NULL, 868300.000),
(1009, '879113', 13, NULL, 868300.000),
(1010, '879116', 4, NULL, 758200.000),
(1011, '879116', 12, NULL, 758200.000),
(1012, '879116', 20, NULL, 758200.000),
(1013, '879116', 21, NULL, 758200.000),
(1014, '879116', 24, NULL, 758200.000),
(1015, '879116', 25, NULL, 758200.000),
(1016, '879116', 13, NULL, 758200.000),
(1017, '879121', 4, NULL, 589300.000),
(1018, '879121', 12, NULL, 589300.000),
(1019, '879121', 20, NULL, 589300.000),
(1020, '879121', 21, NULL, 589300.000),
(1021, '879121', 24, NULL, 589300.000),
(1022, '879121', 25, NULL, 589300.000),
(1023, '879121', 13, NULL, 589300.000),
(1024, '879122', 4, NULL, 758200.000),
(1025, '879122', 12, NULL, 758200.000),
(1026, '879122', 20, NULL, 758200.000),
(1027, '879122', 21, NULL, 758200.000),
(1028, '879122', 24, NULL, 758200.000),
(1029, '879122', 25, NULL, 758200.000),
(1030, '879122', 13, NULL, 758200.000),
(1031, '879131', 4, NULL, 758200.000),
(1032, '879131', 12, NULL, 758200.000),
(1033, '879131', 20, NULL, 758200.000),
(1034, '879131', 21, NULL, 758200.000),
(1035, '879131', 24, NULL, 758200.000),
(1036, '879131', 25, NULL, 758200.000),
(1037, '879131', 13, NULL, 758200.000),
(1038, '879132', 4, NULL, 758200.000),
(1039, '879132', 12, NULL, 758200.000),
(1040, '879132', 20, NULL, 758200.000),
(1041, '879132', 21, NULL, 758200.000),
(1042, '879132', 24, NULL, 758200.000),
(1043, '879132', 25, NULL, 758200.000),
(1044, '879132', 13, NULL, 758200.000),
(1045, '879141', 4, NULL, 758200.000),
(1046, '879141', 12, NULL, 758200.000),
(1047, '879141', 20, NULL, 758200.000),
(1048, '879141', 21, NULL, 758200.000),
(1049, '879141', 24, NULL, 758200.000),
(1050, '879141', 25, NULL, 758200.000),
(1051, '879141', 13, NULL, 758200.000),
(1052, '879150', 4, NULL, 758200.000),
(1053, '879150', 12, NULL, 758200.000),
(1054, '879150', 20, NULL, 758200.000),
(1055, '879150', 21, NULL, 758200.000),
(1056, '879150', 24, NULL, 758200.000),
(1057, '879150', 25, NULL, 758200.000),
(1058, '879150', 13, NULL, 758200.000),
(1059, '879161', 4, NULL, 643400.000),
(1060, '879161', 12, NULL, 643400.000),
(1061, '879161', 20, NULL, 643400.000),
(1062, '879161', 21, NULL, 643400.000),
(1063, '879161', 24, NULL, 643400.000),
(1064, '879161', 25, NULL, 643400.000),
(1065, '879161', 13, NULL, 643400.000),
(1066, '879162', 4, NULL, 758200.000),
(1067, '879162', 12, NULL, 758200.000),
(1068, '879162', 20, NULL, 758200.000),
(1069, '879162', 21, NULL, 758200.000),
(1070, '879162', 24, NULL, 758200.000),
(1071, '879162', 25, NULL, 758200.000),
(1072, '879162', 13, NULL, 758200.000),
(1073, '879201', 4, NULL, 643400.000),
(1074, '879201', 12, NULL, 643400.000),
(1075, '879201', 20, NULL, 643400.000),
(1076, '879201', 21, NULL, 643400.000),
(1077, '879201', 24, NULL, 643400.000),
(1078, '879201', 25, NULL, 643400.000),
(1079, '879201', 13, NULL, 643400.000),
(1080, '879301', 4, NULL, 719200.000),
(1081, '879301', 12, NULL, 719200.000),
(1082, '879301', 20, NULL, 719200.000),
(1083, '879301', 21, NULL, 719200.000),
(1084, '879301', 24, NULL, 719200.000),
(1085, '879301', 25, NULL, 719200.000),
(1086, '879301', 13, NULL, 719200.000),
(1087, '879391', 4, NULL, 814700.000),
(1088, '879391', 12, NULL, 814700.000),
(1089, '879391', 20, NULL, 814700.000),
(1090, '879391', 21, NULL, 814700.000),
(1091, '879391', 24, NULL, 814700.000),
(1092, '879391', 25, NULL, 814700.000),
(1093, '879391', 13, NULL, 814700.000),
(1094, '879410', 4, NULL, 814700.000),
(1095, '879410', 12, NULL, 814700.000),
(1096, '879410', 20, NULL, 814700.000),
(1097, '879410', 21, NULL, 814700.000),
(1098, '879410', 24, NULL, 814700.000),
(1099, '879410', 25, NULL, 814700.000),
(1100, '879410', 13, NULL, 814700.000),
(1101, '879411', 4, NULL, 946500.000),
(1102, '879411', 12, NULL, 946500.000),
(1103, '879411', 20, NULL, 946500.000),
(1104, '879411', 21, NULL, 946500.000),
(1105, '879411', 24, NULL, 946500.000),
(1106, '879411', 25, NULL, 946500.000),
(1107, '879411', 13, NULL, 946500.000),
(1108, '879420', 4, NULL, 946500.000),
(1109, '879420', 12, NULL, 946500.000),
(1110, '879420', 20, NULL, 946500.000),
(1111, '879420', 21, NULL, 946500.000),
(1112, '879420', 24, NULL, 946500.000),
(1113, '879420', 25, NULL, 946500.000),
(1114, '879420', 13, NULL, 946500.000),
(1115, '879421', 4, NULL, 589300.000),
(1116, '879421', 12, NULL, 589300.000),
(1117, '879421', 20, NULL, 589300.000),
(1118, '879421', 21, NULL, 589300.000),
(1119, '879421', 24, NULL, 589300.000),
(1120, '879421', 25, NULL, 589300.000),
(1121, '879421', 13, NULL, 589300.000),
(1122, '879430', 4, NULL, 946500.000),
(1123, '879430', 12, NULL, 946500.000),
(1124, '879430', 20, NULL, 946500.000),
(1125, '879430', 21, NULL, 946500.000),
(1126, '879430', 24, NULL, 946500.000),
(1127, '879430', 25, NULL, 946500.000),
(1128, '879430', 13, NULL, 946500.000),
(1129, '879460', 4, NULL, 643400.000),
(1130, '879460', 12, NULL, 643400.000),
(1131, '879460', 20, NULL, 643400.000),
(1132, '879460', 21, NULL, 643400.000),
(1133, '879460', 24, NULL, 643400.000),
(1134, '879460', 25, NULL, 643400.000),
(1135, '879460', 13, NULL, 643400.000),
(1136, '879510', 4, NULL, 589300.000),
(1137, '879510', 12, NULL, 589300.000),
(1138, '879510', 20, NULL, 589300.000),
(1139, '879510', 21, NULL, 589300.000),
(1140, '879510', 24, NULL, 589300.000),
(1141, '879510', 25, NULL, 589300.000),
(1142, '879510', 13, NULL, 589300.000),
(1143, '879520', 4, NULL, 589300.000),
(1144, '879520', 12, NULL, 589300.000),
(1145, '879520', 20, NULL, 589300.000),
(1146, '879520', 21, NULL, 589300.000),
(1147, '879520', 24, NULL, 589300.000),
(1148, '879520', 25, NULL, 589300.000),
(1149, '879520', 13, NULL, 589300.000),
(1150, '879522', 4, NULL, 227300.000),
(1151, '879522', 12, NULL, 227300.000),
(1152, '879522', 20, NULL, 227300.000),
(1153, '879522', 21, NULL, 227300.000),
(1154, '879522', 24, NULL, 227300.000),
(1155, '879522', 25, NULL, 227300.000),
(1156, '879522', 13, NULL, 227300.000),
(1157, '879523', 4, NULL, 227300.000),
(1158, '879523', 12, NULL, 227300.000),
(1159, '879523', 20, NULL, 227300.000),
(1160, '879523', 21, NULL, 227300.000),
(1161, '879523', 24, NULL, 227300.000),
(1162, '879523', 25, NULL, 227300.000),
(1163, '879523', 13, NULL, 227300.000),
(1164, '879901', 4, NULL, 649500.000),
(1165, '879901', 12, NULL, 649500.000),
(1166, '879901', 20, NULL, 649500.000),
(1167, '879901', 21, NULL, 649500.000),
(1168, '879901', 24, NULL, 649500.000),
(1169, '879901', 25, NULL, 649500.000),
(1170, '879901', 13, NULL, 649500.000),
(1171, '879902', 4, NULL, 1002500.000),
(1172, '879902', 12, NULL, 1002500.000),
(1173, '879902', 20, NULL, 1002500.000),
(1174, '879902', 21, NULL, 1002500.000),
(1175, '879902', 24, NULL, 1002500.000),
(1176, '879902', 25, NULL, 1002500.000),
(1177, '879902', 13, NULL, 1002500.000),
(1178, '879910', 4, NULL, 1002500.000),
(1179, '879910', 12, NULL, 1002500.000),
(1180, '879910', 20, NULL, 1002500.000),
(1181, '879910', 21, NULL, 1002500.000),
(1182, '879910', 24, NULL, 1002500.000),
(1183, '879910', 25, NULL, 1002500.000),
(1184, '879910', 13, NULL, 1002500.000),
(1185, '879911', 4, NULL, 1002500.000),
(1186, '879911', 12, NULL, 1002500.000),
(1187, '879911', 20, NULL, 1002500.000),
(1188, '879911', 21, NULL, 1002500.000),
(1189, '879911', 24, NULL, 1002500.000),
(1190, '879911', 25, NULL, 1002500.000),
(1191, '879911', 13, NULL, 1002500.000),
(1192, '879920', 4, NULL, 129900.000),
(1193, '879920', 12, NULL, 129900.000),
(1194, '879920', 20, NULL, 129900.000),
(1195, '879920', 21, NULL, 129900.000),
(1196, '879920', 24, NULL, 129900.000),
(1197, '879920', 25, NULL, 129900.000),
(1198, '879920', 13, NULL, 129900.000),
(1199, '879431', 4, NULL, 290400.000),
(1200, '879431', 12, NULL, 290400.000),
(1201, '879431', 20, NULL, 290400.000),
(1202, '879431', 21, NULL, 290400.000),
(1203, '879431', 24, NULL, 290400.000),
(1204, '879431', 25, NULL, 290400.000),
(1205, '879431', 13, NULL, 290400.000),
(1206, '876802', 4, NULL, 290400.000),
(1207, '876802', 12, NULL, 290400.000),
(1208, '876802', 20, NULL, 290400.000),
(1209, '876802', 21, NULL, 290400.000),
(1210, '876802', 24, NULL, 290400.000),
(1211, '876802', 25, NULL, 290400.000),
(1212, '876802', 13, NULL, 290400.000),
(1213, '876801', 4, NULL, 238100.000),
(1214, '876801', 12, NULL, 238100.000),
(1215, '876801', 20, NULL, 238100.000),
(1216, '876801', 21, NULL, 238100.000),
(1217, '876801', 24, NULL, 238100.000),
(1218, '876801', 25, NULL, 238100.000),
(1219, '876801', 13, NULL, 238100.000),
(1220, '879116*', 4, NULL, 1088200.000),
(1221, '879116*', 12, NULL, 1088200.000),
(1222, '879116*', 20, NULL, 1088200.000),
(1223, '879116*', 21, NULL, 1088200.000),
(1224, '879116*', 24, NULL, 1088200.000),
(1225, '879116*', 25, NULL, 1088200.000),
(1226, '879116*', 13, NULL, 1088200.000),
(1227, '879121*', 4, NULL, 799300.000),
(1228, '879121*', 12, NULL, 799300.000),
(1229, '879121*', 20, NULL, 799300.000),
(1230, '879121*', 21, NULL, 799300.000),
(1231, '879121*', 24, NULL, 799300.000),
(1232, '879121*', 25, NULL, 799300.000),
(1233, '879121*', 13, NULL, 799300.000),
(1234, '879122*', 4, NULL, 968200.000),
(1235, '879122*', 12, NULL, 968200.000),
(1236, '879122*', 20, NULL, 968200.000),
(1237, '879122*', 21, NULL, 968200.000),
(1238, '879122*', 24, NULL, 968200.000),
(1239, '879122*', 25, NULL, 968200.000),
(1240, '879122*', 13, NULL, 968200.000),
(1241, '879131*', 4, NULL, 968200.000),
(1242, '879131*', 12, NULL, 968200.000),
(1243, '879131*', 20, NULL, 968200.000),
(1244, '879131*', 21, NULL, 968200.000),
(1245, '879131*', 24, NULL, 968200.000),
(1246, '879131*', 25, NULL, 968200.000),
(1247, '879131*', 13, NULL, 968200.000),
(1248, '879132*', 4, NULL, 1088200.000),
(1249, '879132*', 12, NULL, 1088200.000),
(1250, '879132*', 20, NULL, 1088200.000),
(1251, '879132*', 21, NULL, 1088200.000),
(1252, '879132*', 24, NULL, 1088200.000),
(1253, '879132*', 25, NULL, 1088200.000),
(1254, '879132*', 13, NULL, 1088200.000),
(1255, '879141*', 4, NULL, 968200.000),
(1256, '879141*', 12, NULL, 968200.000),
(1257, '879141*', 20, NULL, 968200.000),
(1258, '879141*', 21, NULL, 968200.000),
(1259, '879141*', 24, NULL, 968200.000),
(1260, '879141*', 25, NULL, 968200.000),
(1261, '879141*', 13, NULL, 968200.000),
(1262, '879150*', 4, NULL, 968200.000),
(1263, '879150*', 12, NULL, 968200.000),
(1264, '879150*', 20, NULL, 968200.000),
(1265, '879150*', 21, NULL, 968200.000),
(1266, '879150*', 24, NULL, 968200.000),
(1267, '879150*', 25, NULL, 968200.000),
(1268, '879150*', 13, NULL, 968200.000),
(1269, '879161*', 4, NULL, 973400.000),
(1270, '879161*', 12, NULL, 973400.000),
(1271, '879161*', 20, NULL, 973400.000),
(1272, '879161*', 21, NULL, 973400.000),
(1273, '879161*', 24, NULL, 973400.000),
(1274, '879161*', 25, NULL, 973400.000),
(1275, '879161*', 13, NULL, 973400.000),
(1276, '879162*', 4, NULL, 1088200.000),
(1277, '879162*', 12, NULL, 1088200.000),
(1278, '879162*', 20, NULL, 1088200.000),
(1279, '879162*', 21, NULL, 1088200.000),
(1280, '879162*', 24, NULL, 1088200.000),
(1281, '879162*', 25, NULL, 1088200.000),
(1282, '879162*', 13, NULL, 1088200.000),
(1283, '879201*', 4, NULL, 973400.000),
(1284, '879201*', 12, NULL, 973400.000),
(1285, '879201*', 20, NULL, 973400.000),
(1286, '879201*', 21, NULL, 973400.000),
(1287, '879201*', 24, NULL, 973400.000),
(1288, '879201*', 25, NULL, 973400.000),
(1289, '879201*', 13, NULL, 973400.000),
(1290, '879301*', 4, NULL, 1049200.000),
(1291, '879301*', 12, NULL, 1049200.000),
(1292, '879301*', 20, NULL, 1049200.000),
(1293, '879301*', 21, NULL, 1049200.000),
(1294, '879301*', 24, NULL, 1049200.000),
(1295, '879301*', 25, NULL, 1049200.000),
(1296, '879301*', 13, NULL, 1049200.000),
(1297, '879391*', 4, NULL, 1144700.000),
(1298, '879391*', 12, NULL, 1144700.000),
(1299, '879391*', 20, NULL, 1144700.000),
(1300, '879391*', 21, NULL, 1144700.000),
(1301, '879391*', 24, NULL, 1144700.000),
(1302, '879391*', 25, NULL, 1144700.000),
(1303, '879391*', 13, NULL, 1144700.000),
(1304, '879410*', 4, NULL, 1144700.000),
(1305, '879410*', 12, NULL, 1144700.000),
(1306, '879410*', 20, NULL, 1144700.000),
(1307, '879410*', 21, NULL, 1144700.000),
(1308, '879410*', 24, NULL, 1144700.000),
(1309, '879410*', 25, NULL, 1144700.000),
(1310, '879410*', 13, NULL, 1144700.000),
(1311, '879411*', 4, NULL, 1276500.000),
(1312, '879411*', 12, NULL, 1276500.000),
(1313, '879411*', 20, NULL, 1276500.000),
(1314, '879411*', 21, NULL, 1276500.000),
(1315, '879411*', 24, NULL, 1276500.000),
(1316, '879411*', 25, NULL, 1276500.000),
(1317, '879411*', 13, NULL, 1276500.000),
(1318, '879420*', 4, NULL, 1396500.000),
(1319, '879420*', 12, NULL, 1396500.000),
(1320, '879420*', 20, NULL, 1396500.000),
(1321, '879420*', 21, NULL, 1396500.000),
(1322, '879420*', 24, NULL, 1396500.000),
(1323, '879420*', 25, NULL, 1396500.000),
(1324, '879420*', 13, NULL, 1396500.000),
(1325, '879421*', 4, NULL, 919300.000),
(1326, '879421*', 12, NULL, 919300.000),
(1327, '879421*', 20, NULL, 919300.000),
(1328, '879421*', 21, NULL, 919300.000),
(1329, '879421*', 24, NULL, 919300.000),
(1330, '879421*', 25, NULL, 919300.000),
(1331, '879421*', 13, NULL, 919300.000),
(1332, '879430*', 4, NULL, 1276500.000),
(1333, '879430*', 12, NULL, 1276500.000),
(1334, '879430*', 20, NULL, 1276500.000),
(1335, '879430*', 21, NULL, 1276500.000),
(1336, '879430*', 24, NULL, 1276500.000),
(1337, '879430*', 25, NULL, 1276500.000),
(1338, '879430*', 13, NULL, 1276500.000),
(1339, '879460*', 4, NULL, 1093400.000),
(1340, '879460*', 12, NULL, 1093400.000),
(1341, '879460*', 20, NULL, 1093400.000),
(1342, '879460*', 21, NULL, 1093400.000),
(1343, '879460*', 24, NULL, 1093400.000),
(1344, '879460*', 25, NULL, 1093400.000),
(1345, '879460*', 13, NULL, 1093400.000),
(1346, '879510*', 4, NULL, 919300.000),
(1347, '879510*', 12, NULL, 919300.000),
(1348, '879510*', 20, NULL, 919300.000),
(1349, '879510*', 21, NULL, 919300.000),
(1350, '879510*', 24, NULL, 919300.000),
(1351, '879510*', 25, NULL, 919300.000),
(1352, '879510*', 13, NULL, 919300.000),
(1353, '879520*', 4, NULL, 919300.000),
(1354, '879520*', 12, NULL, 919300.000),
(1355, '879520*', 20, NULL, 919300.000),
(1356, '879520*', 21, NULL, 919300.000),
(1357, '879520*', 24, NULL, 919300.000),
(1358, '879520*', 25, NULL, 919300.000),
(1359, '879520*', 13, NULL, 919300.000),
(1360, '879522*', 4, NULL, 557300.000),
(1361, '879522*', 12, NULL, 557300.000),
(1362, '879522*', 20, NULL, 557300.000),
(1363, '879522*', 21, NULL, 557300.000),
(1364, '879522*', 24, NULL, 557300.000),
(1365, '879522*', 25, NULL, 557300.000),
(1366, '879522*', 13, NULL, 557300.000),
(1367, '879523*', 4, NULL, 557300.000),
(1368, '879523*', 12, NULL, 557300.000),
(1369, '879523*', 20, NULL, 557300.000),
(1370, '879523*', 21, NULL, 557300.000),
(1371, '879523*', 24, NULL, 557300.000),
(1372, '879523*', 25, NULL, 557300.000),
(1373, '879523*', 13, NULL, 557300.000),
(1374, '879901*', 4, NULL, 1099500.000),
(1375, '879901*', 12, NULL, 1099500.000),
(1376, '879901*', 20, NULL, 1099500.000),
(1377, '879901*', 21, NULL, 1099500.000),
(1378, '879901*', 24, NULL, 1099500.000),
(1379, '879901*', 25, NULL, 1099500.000),
(1380, '879901*', 13, NULL, 1099500.000),
(1381, '879431*', 4, NULL, 620400.000),
(1382, '879431*', 12, NULL, 620400.000),
(1383, '879431*', 20, NULL, 620400.000),
(1384, '879431*', 21, NULL, 620400.000),
(1385, '879431*', 24, NULL, 620400.000),
(1386, '879431*', 25, NULL, 620400.000),
(1387, '879431*', 13, NULL, 620400.000),
(4570, '879111', 10, NULL, 587265.000),
(4571, '879111', 18, NULL, 587265.000),
(4572, '879111', 22, NULL, 587265.000),
(4573, '879111', 23, NULL, 587265.000),
(4574, '879111', 14, NULL, 587265.000),
(4575, '879111', 15, NULL, 587265.000),
(4576, '879111', 19, NULL, 587265.000),
(4577, '879111', 16, NULL, 587265.000),
(4578, '879112', 10, 0.000, 758200.000),
(4579, '879112', 18, 0.000, 758200.000),
(4580, '879112', 22, 0.000, 758200.000),
(4581, '879112', 23, 0.000, 758200.000),
(4582, '879112', 14, 0.000, 758200.000),
(4583, '879112', 15, 0.000, 758200.000),
(4584, '879112', 19, 0.000, 758200.000),
(4585, '879112', 16, 0.000, 758200.000),
(4586, '879113', 10, NULL, 868300.000),
(4587, '879113', 18, NULL, 868300.000),
(4588, '879113', 22, NULL, 868300.000),
(4589, '879113', 23, NULL, 868300.000),
(4590, '879113', 14, NULL, 868300.000),
(4591, '879113', 15, NULL, 868300.000),
(4592, '879113', 19, NULL, 868300.000),
(4593, '879113', 16, NULL, 868300.000),
(4594, '879116', 10, NULL, 758200.000),
(4595, '879116', 18, NULL, 758200.000),
(4596, '879116', 22, NULL, 758200.000),
(4597, '879116', 23, NULL, 758200.000),
(4598, '879116', 14, NULL, 758200.000),
(4599, '879116', 15, NULL, 758200.000),
(4600, '879116', 19, NULL, 758200.000),
(4601, '879116', 16, NULL, 758200.000),
(4602, '879121', 10, NULL, 589300.000),
(4603, '879121', 18, NULL, 589300.000),
(4604, '879121', 22, NULL, 589300.000),
(4605, '879121', 23, NULL, 589300.000),
(4606, '879121', 14, NULL, 589300.000),
(4607, '879121', 15, NULL, 589300.000),
(4608, '879121', 19, NULL, 589300.000),
(4609, '879121', 16, NULL, 589300.000),
(4610, '879122', 10, NULL, 758200.000),
(4611, '879122', 18, NULL, 758200.000),
(4612, '879122', 22, NULL, 758200.000),
(4613, '879122', 23, NULL, 758200.000),
(4614, '879122', 14, NULL, 758200.000),
(4615, '879122', 15, NULL, 758200.000),
(4616, '879122', 19, NULL, 758200.000),
(4617, '879122', 16, NULL, 758200.000),
(4618, '879131', 10, NULL, 758200.000),
(4619, '879131', 18, NULL, 758200.000),
(4620, '879131', 22, NULL, 758200.000),
(4621, '879131', 23, NULL, 758200.000),
(4622, '879131', 14, NULL, 758200.000),
(4623, '879131', 15, NULL, 758200.000),
(4624, '879131', 19, NULL, 758200.000),
(4625, '879131', 16, NULL, 758200.000),
(4626, '879132', 10, NULL, 758200.000),
(4627, '879132', 18, NULL, 758200.000),
(4628, '879132', 22, NULL, 758200.000),
(4629, '879132', 23, NULL, 758200.000),
(4630, '879132', 14, NULL, 758200.000),
(4631, '879132', 15, NULL, 758200.000),
(4632, '879132', 19, NULL, 758200.000),
(4633, '879132', 16, NULL, 758200.000),
(4634, '879141', 10, NULL, 758200.000),
(4635, '879141', 18, NULL, 758200.000),
(4636, '879141', 22, NULL, 758200.000),
(4637, '879141', 23, NULL, 758200.000),
(4638, '879141', 14, NULL, 758200.000),
(4639, '879141', 15, NULL, 758200.000),
(4640, '879141', 19, NULL, 758200.000),
(4641, '879141', 16, NULL, 758200.000),
(4642, '879150', 10, NULL, 758200.000),
(4643, '879150', 18, NULL, 758200.000),
(4644, '879150', 22, NULL, 758200.000),
(4645, '879150', 23, NULL, 758200.000),
(4646, '879150', 14, NULL, 758200.000),
(4647, '879150', 15, NULL, 758200.000),
(4648, '879150', 19, NULL, 758200.000),
(4649, '879150', 16, NULL, 758200.000),
(4650, '879161', 10, NULL, 643400.000),
(4651, '879161', 18, NULL, 643400.000),
(4652, '879161', 22, NULL, 643400.000),
(4653, '879161', 23, NULL, 643400.000),
(4654, '879161', 14, NULL, 643400.000),
(4655, '879161', 15, NULL, 643400.000),
(4656, '879161', 19, NULL, 643400.000),
(4657, '879161', 16, NULL, 643400.000),
(4658, '879162', 10, NULL, 758200.000),
(4659, '879162', 18, NULL, 758200.000),
(4660, '879162', 22, NULL, 758200.000),
(4661, '879162', 23, NULL, 758200.000),
(4662, '879162', 14, NULL, 758200.000),
(4663, '879162', 15, NULL, 758200.000),
(4664, '879162', 19, NULL, 758200.000),
(4665, '879162', 16, NULL, 758200.000),
(4666, '879201', 10, NULL, 643400.000),
(4667, '879201', 18, NULL, 643400.000),
(4668, '879201', 22, NULL, 643400.000),
(4669, '879201', 23, NULL, 643400.000),
(4670, '879201', 14, NULL, 643400.000),
(4671, '879201', 15, NULL, 643400.000),
(4672, '879201', 19, NULL, 643400.000),
(4673, '879201', 16, NULL, 643400.000),
(4674, '879301', 10, NULL, 719200.000),
(4675, '879301', 18, NULL, 719200.000),
(4676, '879301', 22, NULL, 719200.000),
(4677, '879301', 23, NULL, 719200.000),
(4678, '879301', 14, NULL, 719200.000),
(4679, '879301', 15, NULL, 719200.000),
(4680, '879301', 19, NULL, 719200.000),
(4681, '879301', 16, NULL, 719200.000),
(4682, '879391', 10, NULL, 814700.000),
(4683, '879391', 18, NULL, 814700.000),
(4684, '879391', 22, NULL, 814700.000),
(4685, '879391', 23, NULL, 814700.000),
(4686, '879391', 14, NULL, 814700.000),
(4687, '879391', 15, NULL, 814700.000),
(4688, '879391', 19, NULL, 814700.000),
(4689, '879391', 16, NULL, 814700.000),
(4690, '879410', 10, NULL, 814700.000),
(4691, '879410', 18, NULL, 814700.000),
(4692, '879410', 22, NULL, 814700.000),
(4693, '879410', 23, NULL, 814700.000),
(4694, '879410', 14, NULL, 814700.000),
(4695, '879410', 15, NULL, 814700.000),
(4696, '879410', 19, NULL, 814700.000),
(4697, '879410', 16, NULL, 814700.000),
(4698, '879411', 10, NULL, 946500.000),
(4699, '879411', 18, NULL, 946500.000),
(4700, '879411', 22, NULL, 946500.000),
(4701, '879411', 23, NULL, 946500.000),
(4702, '879411', 14, NULL, 946500.000),
(4703, '879411', 15, NULL, 946500.000),
(4704, '879411', 19, NULL, 946500.000),
(4705, '879411', 16, NULL, 946500.000),
(4706, '879420', 10, NULL, 946500.000),
(4707, '879420', 18, NULL, 946500.000),
(4708, '879420', 22, NULL, 946500.000),
(4709, '879420', 23, NULL, 946500.000),
(4710, '879420', 14, NULL, 946500.000),
(4711, '879420', 15, NULL, 946500.000),
(4712, '879420', 19, NULL, 946500.000),
(4713, '879420', 16, NULL, 946500.000),
(4714, '879421', 10, NULL, 589300.000),
(4715, '879421', 18, NULL, 589300.000),
(4716, '879421', 22, NULL, 589300.000),
(4717, '879421', 23, NULL, 589300.000),
(4718, '879421', 14, NULL, 589300.000),
(4719, '879421', 15, NULL, 589300.000),
(4720, '879421', 19, NULL, 589300.000),
(4721, '879421', 16, NULL, 589300.000),
(4722, '879430', 10, NULL, 946500.000),
(4723, '879430', 18, NULL, 946500.000),
(4724, '879430', 22, NULL, 946500.000),
(4725, '879430', 23, NULL, 946500.000),
(4726, '879430', 14, NULL, 946500.000),
(4727, '879430', 15, NULL, 946500.000),
(4728, '879430', 19, NULL, 946500.000),
(4729, '879430', 16, NULL, 946500.000),
(4730, '879460', 10, NULL, 643400.000),
(4731, '879460', 18, NULL, 643400.000),
(4732, '879460', 22, NULL, 643400.000),
(4733, '879460', 23, NULL, 643400.000),
(4734, '879460', 14, NULL, 643400.000),
(4735, '879460', 15, NULL, 643400.000),
(4736, '879460', 19, NULL, 643400.000),
(4737, '879460', 16, NULL, 643400.000),
(4738, '879510', 10, NULL, 589300.000),
(4739, '879510', 18, NULL, 589300.000),
(4740, '879510', 22, NULL, 589300.000),
(4741, '879510', 23, NULL, 589300.000),
(4742, '879510', 14, NULL, 589300.000),
(4743, '879510', 15, NULL, 589300.000),
(4744, '879510', 19, NULL, 589300.000),
(4745, '879510', 16, NULL, 589300.000),
(4746, '879520', 10, NULL, 589300.000),
(4747, '879520', 18, NULL, 589300.000),
(4748, '879520', 22, NULL, 589300.000),
(4749, '879520', 23, NULL, 589300.000),
(4750, '879520', 14, NULL, 589300.000),
(4751, '879520', 15, NULL, 589300.000),
(4752, '879520', 19, NULL, 589300.000),
(4753, '879520', 16, NULL, 589300.000),
(4754, '879522', 10, NULL, 227300.000),
(4755, '879522', 18, NULL, 227300.000),
(4756, '879522', 22, NULL, 227300.000),
(4757, '879522', 23, NULL, 227300.000),
(4758, '879522', 14, NULL, 227300.000),
(4759, '879522', 15, NULL, 227300.000),
(4760, '879522', 19, NULL, 227300.000),
(4761, '879522', 16, NULL, 227300.000),
(4762, '879523', 10, NULL, 227300.000),
(4763, '879523', 18, NULL, 227300.000),
(4764, '879523', 22, NULL, 227300.000),
(4765, '879523', 23, NULL, 227300.000),
(4766, '879523', 14, NULL, 227300.000),
(4767, '879523', 15, NULL, 227300.000),
(4768, '879523', 19, NULL, 227300.000),
(4769, '879523', 16, NULL, 227300.000),
(4770, '879901', 10, NULL, 649500.000),
(4771, '879901', 18, NULL, 649500.000),
(4772, '879901', 22, NULL, 649500.000),
(4773, '879901', 23, NULL, 649500.000),
(4774, '879901', 14, NULL, 649500.000),
(4775, '879901', 15, NULL, 649500.000),
(4776, '879901', 19, NULL, 649500.000),
(4777, '879901', 16, NULL, 649500.000),
(4778, '879902', 10, NULL, 1002500.000),
(4779, '879902', 18, NULL, 1002500.000),
(4780, '879902', 22, NULL, 1002500.000),
(4781, '879902', 23, NULL, 1002500.000),
(4782, '879902', 14, NULL, 1002500.000),
(4783, '879902', 15, NULL, 1002500.000),
(4784, '879902', 19, NULL, 1002500.000),
(4785, '879902', 16, NULL, 1002500.000),
(4786, '879910', 10, NULL, 1002500.000),
(4787, '879910', 18, NULL, 1002500.000),
(4788, '879910', 22, NULL, 1002500.000),
(4789, '879910', 23, NULL, 1002500.000),
(4790, '879910', 14, NULL, 1002500.000),
(4791, '879910', 15, NULL, 1002500.000),
(4792, '879910', 19, NULL, 1002500.000),
(4793, '879910', 16, NULL, 1002500.000),
(4794, '879911', 10, NULL, 1002500.000),
(4795, '879911', 18, NULL, 1002500.000),
(4796, '879911', 22, NULL, 1002500.000),
(4797, '879911', 23, NULL, 1002500.000),
(4798, '879911', 14, NULL, 1002500.000),
(4799, '879911', 15, NULL, 1002500.000),
(4800, '879911', 19, NULL, 1002500.000),
(4801, '879911', 16, NULL, 1002500.000),
(4802, '879920', 10, NULL, 129900.000),
(4803, '879920', 18, NULL, 129900.000),
(4804, '879920', 22, NULL, 129900.000),
(4805, '879920', 23, NULL, 129900.000),
(4806, '879920', 14, NULL, 129900.000),
(4807, '879920', 15, NULL, 129900.000),
(4808, '879920', 19, NULL, 129900.000),
(4809, '879920', 16, NULL, 129900.000),
(4810, '879431', 10, NULL, 290400.000),
(4811, '879431', 18, NULL, 290400.000),
(4812, '879431', 22, NULL, 290400.000),
(4813, '879431', 23, NULL, 290400.000),
(4814, '879431', 14, NULL, 290400.000),
(4815, '879431', 15, NULL, 290400.000),
(4816, '879431', 19, NULL, 290400.000),
(4817, '879431', 16, NULL, 290400.000),
(4818, '876802', 10, NULL, 290400.000),
(4819, '876802', 18, NULL, 290400.000),
(4820, '876802', 22, NULL, 290400.000),
(4821, '876802', 23, NULL, 290400.000),
(4822, '876802', 14, NULL, 290400.000),
(4823, '876802', 15, NULL, 290400.000),
(4824, '876802', 19, NULL, 290400.000),
(4825, '876802', 16, NULL, 290400.000),
(4826, '876801', 10, NULL, 238100.000),
(4827, '876801', 18, NULL, 238100.000),
(4828, '876801', 22, NULL, 238100.000),
(4829, '876801', 23, NULL, 238100.000),
(4830, '876801', 14, NULL, 238100.000),
(4831, '876801', 15, NULL, 238100.000),
(4832, '876801', 19, NULL, 238100.000),
(4833, '876801', 16, NULL, 238100.000),
(4834, '890228', 10, NULL, 71500.000),
(4835, '890228', 18, NULL, 71500.000),
(4836, '890228', 22, NULL, 71500.000),
(4837, '890228', 23, NULL, 71500.000),
(4838, '890228', 14, NULL, 71500.000),
(4839, '890228', 15, NULL, 71500.000),
(4840, '890228', 19, NULL, 71500.000),
(4841, '890228', 16, NULL, 71500.000),
(4842, '890328', 10, NULL, 71500.000),
(4843, '890328', 18, NULL, 71500.000),
(4844, '890328', 22, NULL, 71500.000),
(4845, '890328', 23, NULL, 71500.000),
(4846, '890328', 14, NULL, 71500.000),
(4847, '890328', 15, NULL, 71500.000),
(4848, '890328', 19, NULL, 71500.000),
(4849, '890328', 16, NULL, 71500.000),
(4850, '890329', 10, NULL, 71500.000),
(4851, '890329', 18, NULL, 71500.000),
(4852, '890329', 22, NULL, 71500.000),
(4853, '890329', 23, NULL, 71500.000),
(4854, '890329', 14, NULL, 71500.000),
(4855, '890329', 15, NULL, 71500.000),
(4856, '890329', 19, NULL, 71500.000),
(4857, '890329', 16, NULL, 71500.000),
(4858, '890428', 10, NULL, 79100.000),
(4859, '890428', 18, NULL, 79100.000),
(4860, '890428', 22, NULL, 79100.000),
(4861, '890428', 23, NULL, 79100.000),
(4862, '890428', 14, NULL, 79100.000),
(4863, '890428', 15, NULL, 79100.000),
(4864, '890428', 19, NULL, 79100.000),
(4865, '890428', 16, NULL, 79100.000),
(4866, '890429', 10, NULL, 79100.000),
(4867, '890429', 18, NULL, 79100.000),
(4868, '890429', 22, NULL, 79100.000),
(4869, '890429', 23, NULL, 79100.000),
(4870, '890429', 14, NULL, 79100.000),
(4871, '890429', 15, NULL, 79100.000),
(4872, '890429', 19, NULL, 79100.000),
(4873, '890429', 16, NULL, 79100.000),
(4874, '894102', 10, NULL, 399100.000),
(4875, '894102', 18, NULL, 399100.000),
(4876, '894102', 22, NULL, 399100.000),
(4877, '894102', 23, NULL, 399100.000),
(4878, '894102', 14, NULL, 399100.000),
(4879, '894102', 15, NULL, 399100.000),
(4880, '894102', 19, NULL, 399100.000),
(4881, '894102', 16, NULL, 399100.000),
(4882, '895004', 10, NULL, 654700.000),
(4883, '895004', 18, NULL, 654700.000),
(4884, '895004', 22, NULL, 654700.000),
(4885, '895004', 23, NULL, 654700.000),
(4886, '895004', 14, NULL, 654700.000),
(4887, '895004', 15, NULL, 654700.000),
(4888, '895004', 19, NULL, 654700.000),
(4889, '895004', 16, NULL, 654700.000),
(4890, '881202', 10, NULL, 851400.000),
(4891, '881202', 18, NULL, 851400.000),
(4892, '881202', 22, NULL, 851400.000),
(4893, '881202', 23, NULL, 851400.000),
(4894, '881202', 14, NULL, 851400.000),
(4895, '881202', 15, NULL, 851400.000),
(4896, '881202', 19, NULL, 851400.000),
(4897, '881202', 16, NULL, 851400.000),
(4898, '881205', 10, NULL, 1110300.000),
(4899, '881205', 18, NULL, 1110300.000),
(4900, '881205', 22, NULL, 1110300.000),
(4901, '881205', 23, NULL, 1110300.000),
(4902, '881205', 14, NULL, 1110300.000),
(4903, '881205', 15, NULL, 1110300.000),
(4904, '881205', 19, NULL, 1110300.000),
(4905, '881205', 16, NULL, 1110300.000),
(4906, '881210', 10, NULL, 1953700.000),
(4907, '881210', 18, NULL, 1953700.000),
(4908, '881210', 22, NULL, 1953700.000),
(4909, '881210', 23, NULL, 1953700.000),
(4910, '881210', 14, NULL, 1953700.000),
(4911, '881210', 15, NULL, 1953700.000),
(4912, '881210', 19, NULL, 1953700.000),
(4913, '881210', 16, NULL, 1953700.000),
(4914, '895001', 10, NULL, 654700.000),
(4915, '895001', 18, NULL, 654700.000),
(4916, '895001', 22, NULL, 654700.000),
(4917, '895001', 23, NULL, 654700.000),
(4918, '895001', 14, NULL, 654700.000),
(4919, '895001', 15, NULL, 654700.000),
(4920, '895001', 19, NULL, 654700.000),
(4921, '895001', 16, NULL, 654700.000),
(4922, '452301', 10, NULL, 3005600.000),
(4923, '452301', 18, NULL, 3005600.000),
(4924, '452301', 22, NULL, 3005600.000),
(4925, '452301', 23, NULL, 3005600.000),
(4926, '452301', 14, NULL, 3005600.000),
(4927, '452301', 15, NULL, 3005600.000),
(4928, '452301', 19, NULL, 3005600.000),
(4929, '452301', 16, NULL, 3005600.000),
(4930, '452305', 10, NULL, 3005600.000),
(4931, '452305', 18, NULL, 3005600.000),
(4932, '452305', 22, NULL, 3005600.000),
(4933, '452305', 23, NULL, 3005600.000),
(4934, '452305', 14, NULL, 3005600.000),
(4935, '452305', 15, NULL, 3005600.000),
(4936, '452305', 19, NULL, 3005600.000),
(4937, '452305', 16, NULL, 3005600.000),
(4938, '452401', 10, NULL, 1972500.000),
(4939, '452401', 18, NULL, 1972500.000),
(4940, '452401', 22, NULL, 1972500.000),
(4941, '452401', 23, NULL, 1972500.000),
(4942, '452401', 14, NULL, 1972500.000),
(4943, '452401', 15, NULL, 1972500.000),
(4944, '452401', 19, NULL, 1972500.000),
(4945, '452401', 16, NULL, 1972500.000),
(4946, '482301', 10, NULL, 1389400.000),
(4947, '482301', 18, NULL, 1389400.000),
(4948, '482301', 22, NULL, 1389400.000),
(4949, '482301', 23, NULL, 1389400.000),
(4950, '482301', 14, NULL, 1389400.000),
(4951, '482301', 15, NULL, 1389400.000),
(4952, '482301', 19, NULL, 1389400.000),
(4953, '482301', 16, NULL, 1389400.000),
(4954, '441302', 10, NULL, 1389400.000),
(4955, '441302', 18, NULL, 1389400.000),
(4956, '441302', 22, NULL, 1389400.000),
(4957, '441302', 23, NULL, 1389400.000),
(4958, '441302', 14, NULL, 1389400.000),
(4959, '441302', 15, NULL, 1389400.000),
(4960, '441302', 19, NULL, 1389400.000),
(4961, '441302', 16, NULL, 1389400.000),
(4962, '890246', 10, NULL, 71539.000),
(4963, '890246', 18, NULL, 71539.000),
(4964, '890246', 22, NULL, 71539.000),
(4965, '890246', 23, NULL, 71539.000),
(4966, '890246', 14, NULL, 71539.000),
(4967, '890246', 15, NULL, 71539.000),
(4968, '890246', 19, NULL, 71539.000),
(4969, '890246', 16, NULL, 71539.000),
(4970, '890346', 10, NULL, 71539.000),
(4971, '890346', 18, NULL, 71539.000),
(4972, '890346', 22, NULL, 71539.000),
(4973, '890346', 23, NULL, 71539.000),
(4974, '890346', 14, NULL, 71539.000),
(4975, '890346', 15, NULL, 71539.000),
(4976, '890346', 19, NULL, 71539.000),
(4977, '890346', 16, NULL, 71539.000),
(4978, '879116*', 10, NULL, 1088200.000),
(4979, '879116*', 18, NULL, 1088200.000),
(4980, '879116*', 22, NULL, 1088200.000),
(4981, '879116*', 23, NULL, 1088200.000),
(4982, '879116*', 14, NULL, 1088200.000),
(4983, '879116*', 15, NULL, 1088200.000),
(4984, '879116*', 19, NULL, 1088200.000),
(4985, '879116*', 16, NULL, 1088200.000),
(4986, '879121*', 10, NULL, 799300.000),
(4987, '879121*', 18, NULL, 799300.000),
(4988, '879121*', 22, NULL, 799300.000),
(4989, '879121*', 23, NULL, 799300.000),
(4990, '879121*', 14, NULL, 799300.000),
(4991, '879121*', 15, NULL, 799300.000),
(4992, '879121*', 19, NULL, 799300.000),
(4993, '879121*', 16, NULL, 799300.000),
(4994, '879122*', 10, NULL, 968200.000),
(4995, '879122*', 18, NULL, 968200.000),
(4996, '879122*', 22, NULL, 968200.000),
(4997, '879122*', 23, NULL, 968200.000),
(4998, '879122*', 14, NULL, 968200.000),
(4999, '879122*', 15, NULL, 968200.000),
(5000, '879122*', 19, NULL, 968200.000),
(5001, '879122*', 16, NULL, 968200.000),
(5002, '879131*', 10, NULL, 968200.000),
(5003, '879131*', 18, NULL, 968200.000),
(5004, '879131*', 22, NULL, 968200.000),
(5005, '879131*', 23, NULL, 968200.000),
(5006, '879131*', 14, NULL, 968200.000),
(5007, '879131*', 15, NULL, 968200.000),
(5008, '879131*', 19, NULL, 968200.000),
(5009, '879131*', 16, NULL, 968200.000),
(5010, '879132*', 10, NULL, 1088200.000),
(5011, '879132*', 18, NULL, 1088200.000),
(5012, '879132*', 22, NULL, 1088200.000),
(5013, '879132*', 23, NULL, 1088200.000),
(5014, '879132*', 14, NULL, 1088200.000),
(5015, '879132*', 15, NULL, 1088200.000),
(5016, '879132*', 19, NULL, 1088200.000),
(5017, '879132*', 16, NULL, 1088200.000),
(5018, '879141*', 10, NULL, 968200.000),
(5019, '879141*', 18, NULL, 968200.000),
(5020, '879141*', 22, NULL, 968200.000),
(5021, '879141*', 23, NULL, 968200.000),
(5022, '879141*', 14, NULL, 968200.000),
(5023, '879141*', 15, NULL, 968200.000),
(5024, '879141*', 19, NULL, 968200.000),
(5025, '879141*', 16, NULL, 968200.000),
(5026, '879150*', 10, NULL, 968200.000),
(5027, '879150*', 18, NULL, 968200.000),
(5028, '879150*', 22, NULL, 968200.000),
(5029, '879150*', 23, NULL, 968200.000),
(5030, '879150*', 14, NULL, 968200.000),
(5031, '879150*', 15, NULL, 968200.000),
(5032, '879150*', 19, NULL, 968200.000),
(5033, '879150*', 16, NULL, 968200.000),
(5034, '879161*', 10, NULL, 973400.000),
(5035, '879161*', 18, NULL, 973400.000),
(5036, '879161*', 22, NULL, 973400.000),
(5037, '879161*', 23, NULL, 973400.000),
(5038, '879161*', 14, NULL, 973400.000),
(5039, '879161*', 15, NULL, 973400.000),
(5040, '879161*', 19, NULL, 973400.000),
(5041, '879161*', 16, NULL, 973400.000),
(5042, '879162*', 10, NULL, 1088200.000),
(5043, '879162*', 18, NULL, 1088200.000),
(5044, '879162*', 22, NULL, 1088200.000),
(5045, '879162*', 23, NULL, 1088200.000),
(5046, '879162*', 14, NULL, 1088200.000),
(5047, '879162*', 15, NULL, 1088200.000),
(5048, '879162*', 19, NULL, 1088200.000),
(5049, '879162*', 16, NULL, 1088200.000),
(5050, '879201*', 10, NULL, 973400.000),
(5051, '879201*', 18, NULL, 973400.000),
(5052, '879201*', 22, NULL, 973400.000),
(5053, '879201*', 23, NULL, 973400.000),
(5054, '879201*', 14, NULL, 973400.000),
(5055, '879201*', 15, NULL, 973400.000),
(5056, '879201*', 19, NULL, 973400.000),
(5057, '879201*', 16, NULL, 973400.000),
(5058, '879301*', 10, NULL, 1049200.000),
(5059, '879301*', 18, NULL, 1049200.000),
(5060, '879301*', 22, NULL, 1049200.000),
(5061, '879301*', 23, NULL, 1049200.000),
(5062, '879301*', 14, NULL, 1049200.000),
(5063, '879301*', 15, NULL, 1049200.000),
(5064, '879301*', 19, NULL, 1049200.000),
(5065, '879301*', 16, NULL, 1049200.000),
(5066, '879391*', 10, NULL, 1144700.000),
(5067, '879391*', 18, NULL, 1144700.000),
(5068, '879391*', 22, NULL, 1144700.000),
(5069, '879391*', 23, NULL, 1144700.000),
(5070, '879391*', 14, NULL, 1144700.000),
(5071, '879391*', 15, NULL, 1144700.000),
(5072, '879391*', 19, NULL, 1144700.000),
(5073, '879391*', 16, NULL, 1144700.000),
(5074, '879410*', 10, NULL, 1144700.000),
(5075, '879410*', 18, NULL, 1144700.000),
(5076, '879410*', 22, NULL, 1144700.000),
(5077, '879410*', 23, NULL, 1144700.000),
(5078, '879410*', 14, NULL, 1144700.000),
(5079, '879410*', 15, NULL, 1144700.000),
(5080, '879410*', 19, NULL, 1144700.000),
(5081, '879410*', 16, NULL, 1144700.000),
(5082, '879411*', 10, NULL, 1276500.000),
(5083, '879411*', 18, NULL, 1276500.000),
(5084, '879411*', 22, NULL, 1276500.000),
(5085, '879411*', 23, NULL, 1276500.000),
(5086, '879411*', 14, NULL, 1276500.000),
(5087, '879411*', 15, NULL, 1276500.000),
(5088, '879411*', 19, NULL, 1276500.000),
(5089, '879411*', 16, NULL, 1276500.000),
(5090, '879420*', 10, NULL, 1396500.000),
(5091, '879420*', 18, NULL, 1396500.000),
(5092, '879420*', 22, NULL, 1396500.000),
(5093, '879420*', 23, NULL, 1396500.000),
(5094, '879420*', 14, NULL, 1396500.000),
(5095, '879420*', 15, NULL, 1396500.000),
(5096, '879420*', 19, NULL, 1396500.000),
(5097, '879420*', 16, NULL, 1396500.000),
(5098, '879421*', 10, NULL, 919300.000),
(5099, '879421*', 18, NULL, 919300.000),
(5100, '879421*', 22, NULL, 919300.000),
(5101, '879421*', 23, NULL, 919300.000),
(5102, '879421*', 14, NULL, 919300.000),
(5103, '879421*', 15, NULL, 919300.000),
(5104, '879421*', 19, NULL, 919300.000),
(5105, '879421*', 16, NULL, 919300.000);
INSERT INTO `precios` (`id_precio`, `codigo_procedimiento`, `id_entidad`, `precio_ambulatorio`, `precio_hospitalario`) VALUES
(5106, '879430*', 10, NULL, 1276500.000),
(5107, '879430*', 18, NULL, 1276500.000),
(5108, '879430*', 22, NULL, 1276500.000),
(5109, '879430*', 23, NULL, 1276500.000),
(5110, '879430*', 14, NULL, 1276500.000),
(5111, '879430*', 15, NULL, 1276500.000),
(5112, '879430*', 19, NULL, 1276500.000),
(5113, '879430*', 16, NULL, 1276500.000),
(5114, '879460*', 10, NULL, 1093400.000),
(5115, '879460*', 18, NULL, 1093400.000),
(5116, '879460*', 22, NULL, 1093400.000),
(5117, '879460*', 23, NULL, 1093400.000),
(5118, '879460*', 14, NULL, 1093400.000),
(5119, '879460*', 15, NULL, 1093400.000),
(5120, '879460*', 19, NULL, 1093400.000),
(5121, '879460*', 16, NULL, 1093400.000),
(5122, '879510*', 10, NULL, 919300.000),
(5123, '879510*', 18, NULL, 919300.000),
(5124, '879510*', 22, NULL, 919300.000),
(5125, '879510*', 23, NULL, 919300.000),
(5126, '879510*', 14, NULL, 919300.000),
(5127, '879510*', 15, NULL, 919300.000),
(5128, '879510*', 19, NULL, 919300.000),
(5129, '879510*', 16, NULL, 919300.000),
(5130, '879520*', 10, NULL, 919300.000),
(5131, '879520*', 18, NULL, 919300.000),
(5132, '879520*', 22, NULL, 919300.000),
(5133, '879520*', 23, NULL, 919300.000),
(5134, '879520*', 14, NULL, 919300.000),
(5135, '879520*', 15, NULL, 919300.000),
(5136, '879520*', 19, NULL, 919300.000),
(5137, '879520*', 16, NULL, 919300.000),
(5138, '879522*', 10, NULL, 557300.000),
(5139, '879522*', 18, NULL, 557300.000),
(5140, '879522*', 22, NULL, 557300.000),
(5141, '879522*', 23, NULL, 557300.000),
(5142, '879522*', 14, NULL, 557300.000),
(5143, '879522*', 15, NULL, 557300.000),
(5144, '879522*', 19, NULL, 557300.000),
(5145, '879522*', 16, NULL, 557300.000),
(5146, '879523*', 10, NULL, 557300.000),
(5147, '879523*', 18, NULL, 557300.000),
(5148, '879523*', 22, NULL, 557300.000),
(5149, '879523*', 23, NULL, 557300.000),
(5150, '879523*', 14, NULL, 557300.000),
(5151, '879523*', 15, NULL, 557300.000),
(5152, '879523*', 19, NULL, 557300.000),
(5153, '879523*', 16, NULL, 557300.000),
(5154, '879901*', 10, NULL, 1099500.000),
(5155, '879901*', 18, NULL, 1099500.000),
(5156, '879901*', 22, NULL, 1099500.000),
(5157, '879901*', 23, NULL, 1099500.000),
(5158, '879901*', 14, NULL, 1099500.000),
(5159, '879901*', 15, NULL, 1099500.000),
(5160, '879901*', 19, NULL, 1099500.000),
(5161, '879901*', 16, NULL, 1099500.000),
(5162, '879431*', 10, NULL, 620400.000),
(5163, '879431*', 18, NULL, 620400.000),
(5164, '879431*', 22, NULL, 620400.000),
(5165, '879431*', 23, NULL, 620400.000),
(5166, '879431*', 14, NULL, 620400.000),
(5167, '879431*', 15, NULL, 620400.000),
(5168, '879431*', 19, NULL, 620400.000),
(5169, '879431*', 16, NULL, 620400.000);

-- --------------------------------------------------------

--
-- Estructura de tabla para la tabla `procedimientos`
--

CREATE TABLE `procedimientos` (
  `codigo_procedimiento` varchar(50) NOT NULL,
  `nombre_procedimiento` varchar(255) NOT NULL,
  `marca` varchar(100) DEFAULT NULL,
  `es_contraste` tinyint(1) DEFAULT 0
) ENGINE=InnoDB DEFAULT CHARSET=utf8mb4 COLLATE=utf8mb4_general_ci;

--
-- Volcado de datos para la tabla `procedimientos`
--

INSERT INTO `procedimientos` (`codigo_procedimiento`, `nombre_procedimiento`, `marca`, `es_contraste`) VALUES
('441302', 'ESOFAGOGASTRODUODENOSCOPIA [EGD] CON O SIN BIOPSIA', 'Endoscopia', 0),
('452301', 'COLONOSCOPIA TOTAL', 'Endoscopia', 0),
('452305', 'COLONOSCOPIA TOTAL CON O SIN BIOPSIA', 'Endoscopia', 0),
('452401', 'SIGMOIDOSCOPIA FLEXIBLE O RIGIDA', 'Endoscopia', 0),
('482301', 'PROCTOSIGMOIDOSCOPIA', 'Endoscopia', 0),
('876801', 'MAMOGRAFIA UNILATERAL O DE PIEZA QUIRURGICA', 'Mamografía', 0),
('876802', 'MAMOGRAFIA BILATERAL', 'Mamografía', 0),
('879111', 'TOMOGRAFIA COMPUTADA DE CRANEO SIMPLE', 'Tomografía', 0),
('879112', 'TOMOGRAFIA COMPUTADA DE CRANEO CON CONTRASTE', 'Tomografía', 1),
('879113', 'TOMOGRAFIA COMPUTADA DE CRANEO SIMPLE Y CON CONTRASTE', 'Tomografía', 1),
('879116', 'TOMOGRAFIA COMPUTADA DE SILLA TURCA (HIPOFISIS)', 'Tomografía', 0),
('879116*', 'TOMOGRAFIA COMPUTADA DE SILLA TURCA (HIPOFISIS) (CON CONTRASTE)', 'Tomografía', 1),
('879121', 'TOMOGRAFIA COMPUTADA DE ORBITAS', 'Tomografía', 0),
('879121*', 'TOMOGRAFIA COMPUTADA DE ORBITAS (CON CONTRASTE)', 'Tomografía', 1),
('879122', 'TOMOGRAFIA COMPUTADA DE OIDO - PEÑASCO Y CONDUCTO AUDITIVO INTERNO', 'Tomografía', 0),
('879122*', 'TOMOGRAFIA COMPUTADA DE OIDO - PEÑASCO Y CONDUCTO AUDITIVO INTERNO (CON CONTRASTE)', 'Tomografía', 1),
('879131', 'TOMOGRAFIA COMPUTADA DE SENOS PARANASALES O CARA', 'Tomografía', 0),
('879131*', 'TOMOGRAFIA COMPUTADA DE SENOS PARANASALES O CARA (CON CONTRASTE)', 'Tomografía', 1),
('879132', 'TOMOGRAFIA COMPUTADA DE RINOFARINGE', 'Tomografía', 0),
('879132*', 'TOMOGRAFIA COMPUTADA DE RINOFARINGE (CON CONTRASTE)', 'Tomografía', 1),
('879141', 'TOMOGRAFIA COMPUTADA DE MAXILARES (ESTUDIO IMPLANTOLOGIA)', 'Tomografía', 0),
('879141*', 'TOMOGRAFIA COMPUTADA DE MAXILARES (ESTUDIO IMPLANTOLOGIA) (CON CONTRASTE)', 'Tomografía', 1),
('879150', 'TOMOGRAFIA COMPUTADA DE ARTICULACION TEMPORO MANDIBULAR (BILATERAL)', 'Tomografía', 0),
('879150*', 'TOMOGRAFIA COMPUTADA DE ARTICULACION TEMPORO MANDIBULAR (BILATERAL) (CON CONTRASTE)', 'Tomografía', 1),
('879161', 'TOMOGRAFIA COMPUTADA DE CUELLO', 'Tomografía', 0),
('879161*', 'TOMOGRAFIA COMPUTADA DE CUELLO (CON CONTRASTE)', 'Tomografía', 1),
('879162', 'TOMOGRAFIA COMPUTADA DE LARINGE', 'Tomografía', 0),
('879162*', 'TOMOGRAFIA COMPUTADA DE LARINGE (CON CONTRASTE)', 'Tomografía', 1),
('879201', 'TOMOGRAFIA COMPUTADA DE COLUMNA SEGMENTOS CERVICAL - TORACICO - LUMBAR O SACRO - POR CADA NIVEL (TRES ESPACIOS)', 'Tomografía', 0),
('879201*', 'TOMOGRAFIA COMPUTADA DE COLUMNA SEGMENTOS CERVICAL - TORACICO - LUMBAR O SACRO - POR CADA NIVEL (TRES ESPACIOS) (CON CONTRASTE)', 'Tomografía', 1),
('879301', 'TOMOGRAFIA COMPUTADA DE TORAX', 'Tomografía', 0),
('879301*', 'TOMOGRAFIA COMPUTADA DE TORAX (CON CONTRASTE)', 'Tomografía', 1),
('879391', 'TOMOGRAFIA COMPUTADA DE TORAX EXTENDIDO AL ABDOMEN SUPERIOR CON SUPRARRENALES', 'Tomografía', 1),
('879391*', 'TOMOGRAFIA COMPUTADA DE TORAX EXTENDIDO AL ABDOMEN SUPERIOR CON SUPRARRENALES (CON CONTRASTE)', 'Tomografía', 1),
('879410', 'TOMOGRAFIA COMPUTADA DE ABDOMEN SUPERIOR', 'Tomografía', 0),
('879410*', 'TOMOGRAFIA COMPUTADA DE ABDOMEN SUPERIOR (CON CONTRASTE)', 'Tomografía', 1),
('879411', 'TOMOGRAFIA COMPUTADA DE INTESTINO [ENTEROTC]', 'Tomografía', 0),
('879411*', 'TOMOGRAFIA COMPUTADA DE INTESTINO [ENTEROTC] (CON CONTRASTE)', 'Tomografía', 1),
('879420', 'TOMOGRAFIA COMPUTADA DE ABDOMEN Y PELVIS (ABDOMEN TOTAL)', 'Tomografía', 0),
('879420*', 'TOMOGRAFIA COMPUTADA DE ABDOMEN Y PELVIS (ABDOMEN TOTAL) (CON CONTRASTE)', 'Tomografía', 1),
('879421', 'TOMOGRAFIA COMPUTADA DE CADERA', 'Tomografía', 0),
('879421*', 'TOMOGRAFIA COMPUTADA DE CADERA (CON CONTRASTE)', 'Tomografía', 1),
('879430', 'TOMOGRAFIA COMPUTADA DE VIAS URINARIAS [UROTC]', 'Tomografía', 0),
('879430*', 'TOMOGRAFIA COMPUTADA DE VIAS URINARIAS [UROTC] (CON CONTRASTE)', 'Tomografía', 1),
('879431', 'UROGRAFIA CON TOMOGRAFIA COMPUTADA', 'Tomografía', 1),
('879431*', 'UROGRAFIA CON TOMOGRAFIA COMPUTADA (CON CONTRASTE)', 'Tomografía', 1),
('879460', 'TOMOGRAFIA COMPUTADA DE PELVIS', 'Tomografía', 0),
('879460*', 'TOMOGRAFIA COMPUTADA DE PELVIS (CON CONTRASTE)', 'Tomografía', 1),
('879510', 'TOMOGRAFIA COMPUTADA DE MIEMBROS SUPERIORES Y ARTICULACIONES', 'Tomografía', 0),
('879510*', 'TOMOGRAFIA COMPUTADA DE MIEMBROS SUPERIORES Y ARTICULACIONES (CON CONTRASTE)', 'Tomografía', 1),
('879520', 'TOMOGRAFIA COMPUTADA DE MIEMBROS INFERIORES Y ARTICULACIONES', 'Tomografía', 0),
('879520*', 'TOMOGRAFIA COMPUTADA DE MIEMBROS INFERIORES Y ARTICULACIONES (CON CONTRASTE)', 'Tomografía', 1),
('879522', 'TOMOGRAFIA COMPUTADA DE MIEMBROS INFERIORES (ANTEVERSION FEMORAL O TORSION TIBIAL)', 'Tomografía', 0),
('879522*', 'TOMOGRAFIA COMPUTADA DE MIEMBROS INFERIORES (ANTEVERSION FEMORAL O TORSION TIBIAL) (CON CONTRASTE)', 'Tomografía', 1),
('879523', 'TOMOGRAFIA COMPUTADA DE MIEMBROS INFERIORES (AXIALES DE ROTULA O LONGITUD DE MIEMBROS INFERIORES)', 'Tomografía', 0),
('879523*', 'TOMOGRAFIA COMPUTADA DE MIEMBROS INFERIORES (AXIALES DE ROTULA O LONGITUD DE MIEMBROS INFERIORES) (CON CONTRASTE)', 'Tomografía', 1),
('879901', 'TOMOGRAFIA COMPUTADA DE VASOS', 'Tomografía', 0),
('879901*', 'TOMOGRAFIA COMPUTADA DE VASOS (CON CONTRASTE)', 'Tomografía', 1),
('879902', 'TOMOGRAFIA COMPUTADA DE CORONARIAS [ANGIOTC CORONARIO]', 'Tomografía', 1),
('879910', 'TOMOGRAFIA COMPUTADA EN RECONSTRUCCION TRIDIMENSIONAL', 'Tomografía', 0),
('879911', 'TOMOGRAFIA COMPUTADA RECONSTRUCCION VIRTUAL', 'Tomografía', 0),
('879920', 'TOMOGRAFIA COMPUTADA CON MODALIDAD DINAMICA (SECUENCIA RAPIDA)', 'Tomografía', 0),
('881202', 'ECOCARDIOGRAMA TRANSTORÁCICO', 'Ecocardiograma', 0),
('881205', 'ECOCARDIOGRAMA TRANSESOFÁGICO', 'Ecocardiograma', 0),
('881210', 'ECOCARDIOGRAMA DE STRESS CON PRUEBA DE ESFUERZO O CON PRUEBA FARMACOLÓGICA', 'Ecocardiograma', 0),
('890228', 'CONSULTA DE PRIMERA VEZ POR ESPECIALISTA EN CARDIOLOGÍA', 'Consulta', 0),
('890246', 'CONSULTA DE PRIMERA VEZ POR ESPECIALISTA EN GASTROENTEROLOGIA', 'Consulta', 0),
('890328', 'CONSULTA DE CONTROL O DE SEGUIMIENTO POR ESPECIALISTA EN CARDIOLOGÍA', 'Consulta', 0),
('890329', 'CONSULTA DE CONTROL O DE SEGUIMIENTO POR ESPECIALISTA EN CARDIOLOGÍA PEDIÁTRICA', 'Consulta', 0),
('890346', 'CONSULTA DE CONTROL O DE SEGUIMIENTO POR ESPECIALISTA EN GASTROENTEROLOGIA', 'Consulta', 0),
('890428', 'INTERCONSULTA POR ESPECIALISTA EN CARDIOLOGIA', 'Consulta', 0),
('890429', 'INTERCONSULTA POR ESPECIALISTA EN CARDIOLOGIA PEDIATRICA', 'Consulta', 0),
('894102', 'PRUEBA DE ESFUERZO CARDIOVASCULAR', 'Prueba', 0),
('895001', 'MONITOREO ELECTROCARDIOGRÁFICO CONTINUO (HOLTER)', 'Monitoreo', 0),
('895004', 'MONITOREO AMBULATORIO DE PRESIÓN ARTERIAL SISTÉMICA', 'Monitoreo', 0);

--
-- Índices para tablas volcadas
--

--
-- Indices de la tabla `entidades`
--
ALTER TABLE `entidades`
  ADD PRIMARY KEY (`id_entidad`);

--
-- Indices de la tabla `factura`
--
ALTER TABLE `factura`
  ADD PRIMARY KEY (`id_factura`),
  ADD KEY `codigo_procedimiento` (`codigo_procedimiento`),
  ADD KEY `id_entidad` (`id_entidad`);

--
-- Indices de la tabla `precios`
--
ALTER TABLE `precios`
  ADD PRIMARY KEY (`id_precio`),
  ADD KEY `codigo_procedimiento` (`codigo_procedimiento`),
  ADD KEY `id_entidad` (`id_entidad`);

--
-- Indices de la tabla `procedimientos`
--
ALTER TABLE `procedimientos`
  ADD PRIMARY KEY (`codigo_procedimiento`);

--
-- AUTO_INCREMENT de las tablas volcadas
--

--
-- AUTO_INCREMENT de la tabla `entidades`
--
ALTER TABLE `entidades`
  MODIFY `id_entidad` int(11) NOT NULL AUTO_INCREMENT, AUTO_INCREMENT=26;

--
-- AUTO_INCREMENT de la tabla `factura`
--
ALTER TABLE `factura`
  MODIFY `id_factura` int(11) NOT NULL AUTO_INCREMENT, AUTO_INCREMENT=80;

--
-- AUTO_INCREMENT de la tabla `precios`
--
ALTER TABLE `precios`
  MODIFY `id_precio` int(11) NOT NULL AUTO_INCREMENT, AUTO_INCREMENT=5170;

--
-- Restricciones para tablas volcadas
--

--
-- Filtros para la tabla `factura`
--
ALTER TABLE `factura`
  ADD CONSTRAINT `factura_ibfk_1` FOREIGN KEY (`codigo_procedimiento`) REFERENCES `procedimientos` (`codigo_procedimiento`),
  ADD CONSTRAINT `factura_ibfk_2` FOREIGN KEY (`id_entidad`) REFERENCES `entidades` (`id_entidad`);

--
-- Filtros para la tabla `precios`
--
ALTER TABLE `precios`
  ADD CONSTRAINT `precios_ibfk_1` FOREIGN KEY (`codigo_procedimiento`) REFERENCES `procedimientos` (`codigo_procedimiento`),
  ADD CONSTRAINT `precios_ibfk_2` FOREIGN KEY (`id_entidad`) REFERENCES `entidades` (`id_entidad`);
COMMIT;

/*!40101 SET CHARACTER_SET_CLIENT=@OLD_CHARACTER_SET_CLIENT */;
/*!40101 SET CHARACTER_SET_RESULTS=@OLD_CHARACTER_SET_RESULTS */;
/*!40101 SET COLLATION_CONNECTION=@OLD_COLLATION_CONNECTION */;
