-- phpMyAdmin SQL Dump
-- version 5.2.1
-- https://www.phpmyadmin.net/
--
-- Servidor: 127.0.0.1
-- Tiempo de generación: 22-11-2024 a las 23:53:24
-- Versión del servidor: 10.4.32-MariaDB
-- Versión de PHP: 8.2.12

SET SQL_MODE = "NO_AUTO_VALUE_ON_ZERO";
START TRANSACTION;
SET time_zone = "+00:00";


/*!40101 SET @OLD_CHARACTER_SET_CLIENT=@@CHARACTER_SET_CLIENT */;
/*!40101 SET @OLD_CHARACTER_SET_RESULTS=@@CHARACTER_SET_RESULTS */;
/*!40101 SET @OLD_COLLATION_CONNECTION=@@COLLATION_CONNECTION */;
/*!40101 SET NAMES utf8mb4 */;

--
-- Base de datos: `rx_huilalaplata`
--

-- --------------------------------------------------------

--
-- Estructura de tabla para la tabla `entidades`
--

CREATE TABLE `entidades` (
  `id_entidad` int(11) NOT NULL,
  `nombre_entidad` varchar(255) NOT NULL,
  `tipo_entidad` enum('EPS','SOAT','Particular') NOT NULL
) ENGINE=InnoDB DEFAULT CHARSET=utf8mb4 COLLATE=utf8mb4_general_ci;

--
-- Volcado de datos para la tabla `entidades`
--

INSERT INTO `entidades` (`id_entidad`, `nombre_entidad`, `tipo_entidad`) VALUES
(4, 'SECRETARIA DE SALUD', 'EPS'),
(5, 'ADRES', 'EPS'),
(6, 'SANITAS EPS', 'EPS'),
(7, 'NUEVA EPS SUBSIDIADO', 'EPS'),
(8, 'ASMETSALUD', 'EPS'),
(9, 'AIC', 'EPS'),
(10, 'FIDUPREVISORA', 'SOAT'),
(11, 'NUEVA EPS CONTRIBUTIVO', 'EPS'),
(12, 'EMSSANAR', 'EPS'),
(13, 'SALUD TOTAL SUBSIDIADO', 'EPS'),
(14, 'LA PREVISORA', 'SOAT'),
(15, 'SEGUROS BOLIVAR', 'SOAT'),
(16, 'COMPAÑÍA MUNDIAL', 'SOAT'),
(17, 'PARTICULAR', 'Particular'),
(18, 'AXA COLPATRIA', 'SOAT'),
(19, 'COMPAÑÍA DE SEGUROS COLMENA', 'SOAT'),
(20, 'COOSALUD EPS', 'EPS'),
(21, 'SANIDAD MILITAR', 'EPS'),
(22, 'POSITIVA COMPAÑÍA', 'SOAT'),
(23, 'SEGUROS DEL ESTADO', 'SOAT'),
(24, 'FAMISANAR SUBSIDIADO', 'EPS'),
(25, 'POLICIA NACIONAL', 'EPS'),
(26, 'SANITAS  SUBSIDIADO', 'EPS'),
(27, 'ASMET SALUD', 'EPS'),
(28, 'SANITAS  CONTRIBUTIVO', 'EPS'),
(29, 'AIC CONTRIBUTIVO', 'EPS'),
(30, 'SURAMERICANA', 'EPS'),
(31, '40625947', 'EPS'),
(32, '26592386', 'EPS'),
(33, '26574703', 'EPS'),
(34, '66916481', 'EPS'),
(35, '21426115', 'EPS'),
(36, '36376268', 'EPS'),
(37, '36380428', 'EPS'),
(38, '36380947', 'EPS'),
(39, '36376910', 'EPS'),
(40, '36277058', 'EPS'),
(41, '36381916', 'EPS'),
(42, '36375318', 'EPS'),
(43, '36380327', 'EPS'),
(44, 'SALUD TOTAL', 'EPS'),
(45, 'SANITAS CONTRIBUTIVO', 'EPS'),
(46, 'COMPENSAR', 'EPS'),
(47, 'SOLIDARIA', 'EPS'),
(48, 'SURAMERICANA EPS', 'EPS'),
(49, 'CAJACOPI ATLANTICO CAJA DE COMPENSACION', 'EPS'),
(50, 'EQUIDAD SEGUROS', 'EPS'),
(51, 'POSITIVA ARL', 'EPS'),
(52, 'ASMET  SALUD SUBSIDIADO', 'EPS'),
(53, 'SURAMERICANA  EPS', 'EPS'),
(54, 'SEGUROS DE VIDA COLMENA', 'EPS'),
(55, 'SURAMERICANA ARL', 'EPS');

-- --------------------------------------------------------

--
-- Estructura de tabla para la tabla `factura`
--

CREATE TABLE `factura` (
  `id_factura` int(11) NOT NULL,
  `codigo_factura` int(11) NOT NULL,
  `nombre_archivo` varchar(255) NOT NULL,
  `id_procedimiento` int(11) NOT NULL,
  `id_entidad` int(11) NOT NULL,
  `nombre_paciente` varchar(255) DEFAULT NULL,
  `tipo_id` varchar(10) DEFAULT NULL,
  `id_paciente` varchar(50) DEFAULT NULL,
  `sexo` varchar(1) DEFAULT NULL,
  `fecha_nacimiento` date DEFAULT NULL,
  `cantidad` int(11) DEFAULT 1,
  `valor_unitario` decimal(10,3) DEFAULT NULL,
  `valor_descuento` decimal(10,3) DEFAULT NULL,
  `descuento` decimal(5,2) DEFAULT NULL,
  `fecha_procedimiento` date DEFAULT NULL
) ENGINE=InnoDB DEFAULT CHARSET=utf8mb4 COLLATE=utf8mb4_general_ci;

--
-- Volcado de datos para la tabla `factura`
--

INSERT INTO `factura` (`id_factura`, `codigo_factura`, `nombre_archivo`, `id_procedimiento`, `id_entidad`, `nombre_paciente`, `tipo_id`, `id_paciente`, `sexo`, `fecha_nacimiento`, `cantidad`, `valor_unitario`, `valor_descuento`, `descuento`, `fecha_procedimiento`) VALUES
(12, 1559, 'RECIBO DE CAJA LA PLATA', 55, 4, 'PEDRO XENON CASAMACHIN QUIRA', NULL, 'COL12345678910', 'M', '1952-01-16', 1, 1396500.000, 1187025.000, 0.15, '2024-09-02'),
(13, 1560, 'RECIBO DE CAJA LA PLATA', 23, 5, 'JHON ALEXIS CALDERON SALAS', NULL, '1081406414', 'M', '1990-08-19', 1, 587265.000, 499175.250, 0.15, '2024-09-02'),
(14, 1560, 'RECIBO DE CAJA LA PLATA', 28, 5, 'JHON ALEXIS CALDERON SALAS', NULL, '1081406414', 'M', '1990-08-19', 1, 589300.000, 500905.000, 0.15, '2024-09-02'),
(15, 1561, 'RECIBO DE CAJA LA PLATA', 46, 26, 'DOLORES  EMBUS PARRA', NULL, '26469780', 'F', '1941-04-20', 1, 611320.000, 519622.000, 0.15, '2024-09-02'),
(16, 1562, 'RECIBO DE CAJA LA PLATA', 55, 7, 'MARIA DE LOS ANGELES OCHOA DE FALLA', NULL, '36376360', 'F', '1950-08-31', 1, 1292385.000, 1098527.250, 0.15, '2024-09-02'),
(17, 1563, 'RECIBO DE CAJA LA PLATA', 23, 27, 'JAVIER HERNAN SANTOFIMIO GUEVARA', NULL, '12279524', 'M', '1978-09-08', 1, 528539.000, 449258.150, 0.15, '2024-09-02'),
(18, 1564, 'RECIBO DE CAJA LA PLATA', 23, 7, 'ISMAEL  CABRERA', NULL, '1643315', 'M', '1944-08-05', 1, 522666.000, 444266.100, 0.15, '2024-09-02'),
(19, 1565, 'RECIBO DE CAJA LA PLATA', 46, 7, 'LUIS CARLOS PEREZ PEREZ', NULL, '4915416', 'M', '1936-08-26', 1, 640088.000, 544074.800, 0.15, '2024-09-02'),
(20, 1566, 'RECIBO DE CAJA LA PLATA', 54, 9, 'ALAN YOAN PENCUE MEDINA', NULL, '1081422076', 'M', '2017-01-29', 1, 804525.000, 683846.250, 0.15, '2024-09-02'),
(21, 1567, 'RECIBO DE CAJA LA PLATA', 32, 9, 'JENNIFER MILDRED NARVAEZ CUCHIMBA', NULL, '1002980964', 'F', '2002-09-07', 1, 644470.000, 547799.500, 0.15, '2024-09-02'),
(22, 1568, 'RECIBO DE CAJA LA PLATA', 44, 26, 'CONCEPCION  PERDOMO ANDRADE', NULL, '26470107', 'F', '1948-11-21', 1, 546890.000, 464856.500, 0.15, '2024-09-02'),
(23, 1569, 'RECIBO DE CAJA LA PLATA', 23, 26, 'ALICIA  MEDINA DE PALMITO', NULL, '26520162', 'F', '1946-05-16', 1, 499175.250, 424298.962, 0.15, '2024-09-02'),
(24, 1570, 'RECIBO DE CAJA LA PLATA', 23, 27, 'ALFREDO  CALVACHE CAMAYO', NULL, '76332064', 'M', '1978-10-17', 1, 528539.000, 449258.150, 0.15, '2024-09-02'),
(25, 1571, 'RECIBO DE CAJA LA PLATA', 23, 9, 'MAIDELY  VELASCO TRIANA', NULL, '1081392972', 'F', '1985-03-23', 1, 499175.000, 424298.750, 0.15, '2024-09-02'),
(26, 1572, 'RECIBO DE CAJA LA PLATA', 44, 7, 'FRANKLIN ALEXANDER MENDEZ', NULL, '1135884000', 'M', '1993-02-25', 1, 572626.000, 486732.100, 0.15, '2024-09-02'),
(27, 1573, 'RECIBO DE CAJA LA PLATA', 46, 7, 'LIBARDO  PILLIMUE ORTEGA', NULL, '4688838', 'M', '1960-09-13', 1, 640088.000, 544074.800, 0.15, '2024-09-02'),
(28, 1574, 'RECIBO DE CAJA LA PLATA', 46, 26, 'CONCEPCION  PERDOMO ANDRADE', NULL, '26470107', 'F', '1948-11-21', 1, 611320.000, 519622.000, 0.15, '2024-09-02'),
(29, 1574, 'RECIBO DE CAJA LA PLATA', 44, 26, 'CONCEPCION  PERDOMO ANDRADE', NULL, '26470107', 'F', '1948-11-21', 1, 546890.000, 464856.500, 0.15, '2024-09-02'),
(30, 1575, 'RECIBO DE CAJA LA PLATA', 64, 10, 'JOSE DAVID SALAZAR SANCHEZ', NULL, '76282584', 'M', '1973-03-12', 1, 589300.000, 500905.000, 0.15, '2024-09-02'),
(31, 1577, 'RECIBO DE CAJA LA PLATA', 23, 27, 'ALFREDO  CALVACHE CAMAYO', NULL, '76332064', 'M', '1978-10-17', 1, 528539.000, 449258.150, 0.15, '2024-09-03'),
(32, 1578, 'RECIBO DE CAJA LA PLATA', 23, 26, 'MARCOS  QUINTERO MENSA', NULL, '4914778', 'M', '1935-10-20', 1, 499175.250, 424298.962, 0.15, '2024-09-03'),
(33, 1579, 'RECIBO DE CAJA LA PLATA', 23, 26, 'PASTOR  TEJADA ANDRADE', NULL, '4915856', 'M', '1934-04-07', 1, 499175.250, 424298.962, 0.15, '2024-09-03'),
(34, 1580, 'RECIBO DE CAJA LA PLATA', 23, 5, 'YOLANDA  VARGAS SANCHEZ', NULL, '36379509', 'F', '1971-05-05', 1, 587265.000, 499175.250, 0.15, '2024-09-03'),
(35, 1581, 'RECIBO DE CAJA LA PLATA', 46, 7, 'LUIS CARLOS MULCUE CUCHIMBA', NULL, '76272953', 'M', '1973-11-04', 1, 640088.000, 544074.800, 0.15, '2024-09-03'),
(36, 1582, 'RECIBO DE CAJA LA PLATA', 58, 11, 'JULIAN DARIO CASTAÑEDA PERDOMO', NULL, '80092793', 'M', '1981-09-01', 1, 851850.000, 724072.500, 0.15, '2024-09-03'),
(37, 1583, 'RECIBO DE CAJA LA PLATA', 23, 12, 'MARIA ETEL VALVERDE DE SANCHEZ', NULL, '25455830', 'F', '1937-09-12', 1, 587265.000, 499175.250, 0.15, '2024-09-03'),
(38, 1584, 'RECIBO DE CAJA LA PLATA', 55, 9, 'CRUZ EMIRO AQUITE FINCE', NULL, '10580210', 'M', '1964-09-24', 1, 1254525.000, 1066346.250, 0.15, '2024-09-04'),
(39, 1585, 'RECIBO DE CAJA LA PLATA', 23, 9, 'MARCO ANTONIO LIZ LIZCANO', NULL, '4722720', 'M', '1945-08-21', 1, 499175.000, 424298.750, 0.15, '2024-09-04'),
(40, 1586, 'RECIBO DE CAJA LA PLATA', 23, 27, 'MARTHA ISABEL MOSQUERA RENGIFO', NULL, '1081413424', 'F', '1993-09-22', 1, 528539.000, 449258.150, 0.15, '2024-09-04'),
(41, 1587, 'RECIBO DE CAJA LA PLATA', 23, 5, 'EIDER FABIAN OIDOR ANACONA', NULL, '1061219196', 'M', '2005-06-08', 1, 587265.000, 499175.250, 0.15, '2024-09-04'),
(42, 1588, 'RECIBO DE CAJA LA PLATA', 58, 11, 'MILTON FERNANDO RAMIREZ LIZCANO', NULL, '12282142', 'M', '1983-05-19', 1, 851850.000, 724072.500, 0.15, '2024-09-04'),
(43, 1589, 'RECIBO DE CAJA LA PLATA', 55, 12, 'ILDA MRIA CASTILLO DE MULCUE', NULL, '25455850', 'F', '1938-12-23', 1, 1396500.000, 1187025.000, 0.15, '2024-09-04'),
(44, 1590, 'RECIBO DE CAJA LA PLATA', 23, 13, 'VALERY GERALDINE MEDINA VIDAL', NULL, '1081407649', 'F', '2009-04-21', 1, 587265.000, 499175.250, 0.15, '2024-09-04'),
(45, 1591, 'RECIBO DE CAJA LA PLATA', 58, 11, 'GASTOR HERNAN TRIANA YASNO', NULL, '12279270', 'M', '1979-02-20', 1, 851850.000, 724072.500, 0.15, '2024-09-04'),
(46, 1592, 'RECIBO DE CAJA LA PLATA', 23, 5, 'ERNESTO  BETANCOURT FERNANDEZ', NULL, '12268753', 'M', '1951-04-02', 1, 587265.000, 499175.250, 0.15, '2024-09-04'),
(47, 1593, 'RECIBO DE CAJA LA PLATA', 23, 28, 'NUBIA STELLA SANCHEZ CAUPAZ', NULL, '36380054', 'F', '1971-11-25', 1, 499175.250, 424298.962, 0.15, '2024-09-05'),
(48, 1594, 'RECIBO DE CAJA LA PLATA', 23, 14, 'MARIA ALEJANDRA PERDOMO CADENA', NULL, '1077862611', 'F', '2010-01-26', 1, 690900.000, 587265.000, 0.15, '2024-09-05'),
(49, 1595, 'RECIBO DE CAJA LA PLATA', 64, 14, 'DANIEL CARVAJAL SUAREZ', NULL, '83252639', 'M', '1984-01-20', 1, 589300.000, 500905.000, 0.15, '2024-09-05'),
(50, 1595, 'RECIBO DE CAJA LA PLATA', 75, 14, 'DANIEL CARVAJAL SUAREZ', NULL, '83252639', 'M', '1984-01-20', 1, 1002500.000, 852125.000, 0.15, '2024-09-05'),
(51, 1596, 'RECIBO DE CAJA LA PLATA', 58, 28, 'JOSE FRANKLYN RAMIREZ TOLEDO', NULL, '14243684', 'M', '1961-09-01', 1, 804525.000, 683846.250, 0.15, '2024-09-05'),
(52, 1597, 'RECIBO DE CAJA LA PLATA', 23, 15, 'YAMID  SANCHEZ ESCOBAR', NULL, '1081405781', 'M', '1990-02-16', 1, 587265.000, 499175.250, 0.15, '2024-09-05'),
(53, 1598, 'RECIBO DE CAJA LA PLATA', 23, 14, 'YEISONN ALFREDO CARVAJAL QUIÑONEZ', NULL, '1078754419', 'M', '1997-05-02', 1, 587265.000, 499175.250, 0.15, '2024-09-05'),
(54, 1599, 'RECIBO DE CAJA LA PLATA', 23, 27, 'YAQUELINE  ECHEVERRY ROJAS', NULL, '1084922664', 'F', '1987-10-23', 1, 528539.000, 449258.150, 0.15, '2024-09-06'),
(55, 1600, 'RECIBO DE CAJA LA PLATA', 58, 26, 'LAURA ELENA GIL MENESES', NULL, '26522911', 'F', '1982-07-06', 1, 804525.000, 683846.250, 0.15, '2024-09-06'),
(56, 1601, 'RECIBO DE CAJA LA PLATA', 23, 7, 'SANDRA PATRICIA LOSADA JARA', NULL, '55132088', 'F', '1985-02-01', 1, 522666.000, 444266.100, 0.15, '2024-09-06'),
(57, 1602, 'RECIBO DE CAJA LA PLATA', 23, 7, 'LILIA MARIA PALOMINO', NULL, '26528533', 'F', '1940-01-09', 1, 522666.000, 444266.100, 0.15, '2024-09-06'),
(58, 1603, 'RECIBO DE CAJA LA PLATA', 23, 26, 'PEDRO MARIA CAMPO TRUJILLO', NULL, '12268318', 'M', '1951-01-11', 1, 499175.250, 424298.962, 0.15, '2024-09-06'),
(59, 1604, 'RECIBO DE CAJA LA PLATA', 58, 11, 'HERNAN CAMILO ORTIZ LOPEZ', NULL, '1081404180', 'M', '1989-09-29', 1, 851850.000, 724072.500, 0.15, '2024-09-06'),
(60, 1605, 'RECIBO DE CAJA LA PLATA', 23, 14, 'JESUS FABIAN DIAZ PISSO', NULL, '1004302065', 'M', '2000-10-15', 1, 587265.000, 499175.250, 0.15, '2024-09-07'),
(61, 1606, 'RECIBO DE CAJA LA PLATA', 23, 9, 'ROBERTO  LIZ MEDINA', NULL, '4731611', 'F', '1948-02-09', 1, 499175.000, 424298.750, 0.15, '2024-09-07'),
(62, 1607, 'RECIBO DE CAJA LA PLATA', 44, 14, 'JESUS FABIAN DIAZ PISSO', NULL, '1004302065', 'M', '2000-10-15', 1, 643400.000, 546890.000, 0.15, '2024-09-07'),
(63, 1608, 'RECIBO DE CAJA LA PLATA', 23, 11, 'LUZ ADRIANA RAMIREZ CHAUX', NULL, '36384976', 'F', '1981-11-25', 1, 528539.000, 449258.150, 0.15, '2024-09-07'),
(64, 1609, 'RECIBO DE CAJA LA PLATA', 23, 14, 'JOSE OLMES MOSQUERA ESCOBAR', NULL, '1081396499', 'M', '1983-07-29', 1, 587265.000, 499175.250, 0.15, '2024-09-09'),
(65, 1609, 'RECIBO DE CAJA LA PLATA', 32, 14, 'JOSE OLMES MOSQUERA ESCOBAR', NULL, '1081396499', 'M', '1983-07-29', 1, 758200.000, 644470.000, 0.15, '2024-09-09'),
(66, 1610, 'RECIBO DE CAJA LA PLATA', 23, 26, 'ADAIMER  CASTILLO CORREOA', NULL, '1083888121', 'M', '1990-09-08', 1, 499175.250, 424298.962, 0.15, '2024-09-09'),
(67, 1611, 'RECIBO DE CAJA LA PLATA', 23, 12, 'ANA MARIA CUCHIMBA DE CUCHIMBA', NULL, '25456115', 'F', '1954-12-12', 1, 587265.000, 499175.250, 0.15, '2024-09-09'),
(68, 1612, 'RECIBO DE CAJA LA PLATA', 23, 5, 'TANYA MILDRETD MUÑOZ MUÑOZ', NULL, '1081414031', 'F', '1994-05-10', 1, 587265.000, 499175.250, 0.15, '2024-09-09'),
(69, 1613, 'RECIBO DE CAJA LA PLATA', 23, 5, 'RONIER  TRUJILLO ARANDIA', NULL, '12279983', 'M', '1979-10-30', 1, 587265.000, 499175.250, 0.15, '2024-09-09'),
(70, 1614, 'RECIBO DE CAJA LA PLATA', 23, 5, 'ANA RUVIELA FERNANDEZ NOVOA', NULL, '36377677', 'F', '1961-07-27', 1, 587265.000, 499175.250, 0.15, '2024-09-09'),
(71, 1614, 'RECIBO DE CAJA LA PLATA', 32, 5, 'ANA RUVIELA FERNANDEZ NOVOA', NULL, '36377677', 'F', '1961-07-27', 1, 758200.000, 644470.000, 0.15, '2024-09-09'),
(72, 1615, 'RECIBO DE CAJA LA PLATA', 23, 11, 'EVANGELINA  ROSSO DE PALACIOS', NULL, '26517781', 'F', '1937-07-13', 1, 528539.000, 449258.150, 0.15, '2024-09-09'),
(73, 1616, 'RECIBO DE CAJA LA PLATA', 23, 26, 'BERTULFO  CADENA RONDON', NULL, '1077871541', 'M', '1995-12-19', 1, 499175.250, 424298.962, 0.15, '2024-09-09'),
(74, 1617, 'RECIBO DE CAJA LA PLATA', 23, 5, 'ANDRES CAMILO CEPEDA CASTRO', NULL, '1007301062', 'M', '2001-07-04', 1, 587265.000, 499175.250, 0.15, '2024-09-09'),
(75, 1618, 'RECIBO DE CAJA LA PLATA', 23, 26, 'EDGAR  YUSTRE TRUJILLO', NULL, '4914392', 'M', '1961-05-26', 1, 499175.250, 424298.962, 0.15, '2024-09-09'),
(76, 1619, 'RECIBO DE CAJA LA PLATA', 46, 9, 'MARIA JESUS CUCHIMBA DE PECHENE', NULL, '25455955', 'F', '1947-10-07', 1, 611320.000, 519622.000, 0.15, '2024-09-09'),
(77, 1620, 'RECIBO DE CAJA LA PLATA', 46, 28, 'LAURA MARCELA AGUILAR MUÑOZ', NULL, '1081394935', 'F', '1985-08-04', 1, 611320.000, 519622.000, 0.15, '2024-09-09'),
(78, 1621, 'RECIBO DE CAJA LA PLATA', 55, 28, 'ANETT VALENTINA CRIOLLO MANYA', NULL, '1145824970', 'F', '2009-07-30', 1, 1254525.000, 1066346.250, 0.15, '2024-09-09'),
(79, 1622, 'RECIBO DE CAJA LA PLATA', 44, 26, 'FABIO NELSON IO SANCHEZ', NULL, '1079389838', 'M', '1991-12-14', 1, 546890.000, 464856.500, 0.15, '2024-09-09'),
(80, 1623, 'RECIBO DE CAJA LA PLATA', 23, 7, 'VANESA ALEXANDRA CASAS CABRERA', NULL, '1081393035', 'F', '2001-11-21', 1, 522666.000, 444266.100, 0.15, '2024-09-09'),
(81, 1624, 'RECIBO DE CAJA LA PLATA', 23, 5, 'KELLY  VINASCO CARDENAS', NULL, '1072641036', 'F', '1993-12-24', 1, 587265.000, 499175.250, 0.15, '2024-09-09'),
(82, 1625, 'RECIBO DE CAJA LA PLATA', 23, 26, 'YINETH  QUINTERO TITIMBO', NULL, '36378811', 'F', '1966-08-24', 1, 499175.250, 424298.962, 0.15, '2024-09-09'),
(83, 1626, 'RECIBO DE CAJA LA PLATA', 23, 7, 'MARIA OLGA MARTINEZ TABAREZ', NULL, '25202152', 'F', '1966-07-24', 1, 522666.000, 444266.100, 0.15, '2024-09-09'),
(84, 1627, 'RECIBO DE CAJA LA PLATA', 23, 27, 'JHON DAVINSON SANCHEZ QUIRA', NULL, '1080268551', 'M', '2021-12-06', 1, 528539.000, 449258.150, 0.15, '2024-09-09'),
(85, 1628, 'RECIBO DE CAJA LA PLATA', 23, 16, 'EDIER LEANDRO ORTIZ TEJADA', NULL, '1081398611', 'M', '2006-01-26', 1, 587265.000, 499175.250, 0.15, '2024-09-09'),
(86, 1629, 'RECIBO DE CAJA LA PLATA', 22, 17, 'DENNIS  PENNA PIÑACUE', NULL, '36378197', 'F', '1966-10-08', 1, 174200.000, 148070.000, 0.15, '2024-09-09'),
(87, 1630, 'RECIBO DE CAJA LA PLATA', 64, 27, 'GLORIA BETTY BARREIRO CADENA', NULL, '36376679', 'F', '1963-02-25', 1, 530370.000, 450814.500, 0.15, '2024-09-09'),
(88, 1631, 'RECIBO DE CAJA LA PLATA', 23, 28, 'INGRI YNETH PUCHI AGUILAR', NULL, '1004250335', 'F', '2003-02-25', 1, 499175.250, 424298.962, 0.15, '2024-09-09'),
(89, 1632, 'RECIBO DE CAJA LA PLATA', 58, 7, 'JAIRO  GUALY HERRERA', NULL, '83250020', 'M', '1977-02-26', 1, 842385.000, 716027.250, 0.15, '2024-09-09'),
(90, 1633, 'RECIBO DE CAJA LA PLATA', 23, 26, 'JUAN SEBASTIAN LIZCANO YUCUMA', NULL, '1081399605', 'M', '2006-05-17', 1, 499175.250, 424298.962, 0.15, '2024-09-10'),
(91, 1634, 'RECIBO DE CAJA LA PLATA', 23, 9, 'MARIA PRUDENCIA MUCHICON HIO', NULL, '1062076851', 'F', '1982-08-30', 1, 499175.000, 424298.750, 0.15, '2024-09-10'),
(92, 1635, 'RECIBO DE CAJA LA PLATA', 23, 5, 'JORGE  PERDOMO RODRIGUEZ', NULL, '12271324', 'M', '1964-01-08', 1, 587265.000, 499175.250, 0.15, '2024-09-10'),
(93, 1635, 'RECIBO DE CAJA LA PLATA', 40, 5, 'JORGE  PERDOMO RODRIGUEZ', NULL, '12271324', 'M', '1964-01-08', 1, 643400.000, 546890.000, 0.15, '2024-09-10'),
(94, 1636, 'RECIBO DE CAJA LA PLATA', 23, 26, 'MARYEN RUMINA ESPINOSA HOYOS', NULL, '1081417560', 'F', '2014-05-27', 1, 499175.250, 424298.962, 0.15, '2024-09-10'),
(95, 1637, 'RECIBO DE CAJA LA PLATA', 63, 7, 'INES  ULTENGO GARCES', NULL, '26527095', 'F', '1960-08-25', 1, 1022626.000, 869232.100, 0.15, '2024-09-10'),
(96, 1638, 'RECIBO DE CAJA LA PLATA', 22, 17, 'MARIA GLADYS GUALI', NULL, '26473566', 'F', '1964-07-30', 1, 174200.000, 148070.000, 0.15, '2024-09-10'),
(97, 1639, 'RECIBO DE CAJA LA PLATA', 64, 28, 'MAGDA JIMENA VARGAS', NULL, '36383891', 'F', '1978-08-14', 1, 500905.000, 425769.250, 0.15, '2024-09-10'),
(98, 1641, 'RECIBO DE CAJA LA PLATA', 55, 26, 'LAURA VALENTINA LISCANO CRUZ', NULL, '1081392459', 'F', '2004-01-29', 1, 1254525.000, 1066346.250, 0.15, '2024-09-10'),
(99, 1642, 'RECIBO DE CAJA LA PLATA', 23, 26, 'LUZ MILA CAPERA ROJAS', NULL, '36379972', 'F', '1972-05-01', 1, 499175.250, 424298.962, 0.15, '2024-09-10'),
(100, 1643, 'RECIBO DE CAJA LA PLATA', 23, 9, 'ABEL  MOROCHO TRIANA', NULL, '4730171', 'M', '1971-02-14', 1, 499175.000, 424298.750, 0.15, '2024-09-10'),
(101, 1644, 'RECIBO DE CAJA LA PLATA', 64, 26, 'VICTOR ALFONSO LIEVANO CASTILLO', NULL, '1007342023', 'M', '2000-10-21', 1, 500905.000, 425769.250, 0.15, '2024-09-10'),
(102, 1645, 'RECIBO DE CAJA LA PLATA', 55, 10, 'ANA OMAIRA EMBUS MUÑOZ', NULL, '25582190', 'F', '1952-05-18', 1, 1396500.000, 1187025.000, 0.15, '2024-09-10'),
(103, 1646, 'RECIBO DE CAJA LA PLATA', 44, 7, 'CATHERINE  VILLABON BOLAÑOS', NULL, '1075231383', 'F', '1988-05-12', 2, 1145252.000, 973464.200, 0.15, '2024-09-10'),
(104, 1647, 'RECIBO DE CAJA LA PLATA', 23, 13, 'CRISTIAN DANIEL ROJAS VILLAQUIRA', NULL, '1081393001', 'M', '2004-04-06', 1, 587265.000, 499175.250, 0.15, '2024-09-10'),
(105, 1647, 'RECIBO DE CAJA LA PLATA', 32, 13, 'CRISTIAN DANIEL ROJAS VILLAQUIRA', NULL, '1081393001', 'M', '2004-04-06', 1, 758200.000, 644470.000, 0.15, '2024-09-10'),
(106, 1648, 'RECIBO DE CAJA LA PLATA', 23, 5, 'ANGELA PATRICIA MENDEZ CAMPOS', NULL, '1082160511', 'F', '1999-09-26', 1, 587265.000, 499175.250, 0.15, '2024-09-10'),
(107, 1649, 'RECIBO DE CAJA LA PLATA', 23, 18, 'YOHAN ADOLFO CASSO PICHICA', NULL, '1081420509', 'M', '1998-02-07', 1, 587265.000, 499175.250, 0.15, '2024-09-10'),
(108, 1650, 'RECIBO DE CAJA LA PLATA', 23, 13, 'LAURA VALENTINA JAVELA MULCUE', NULL, '1081394427', 'F', '2004-09-04', 1, 587265.000, 499175.250, 0.15, '2024-09-11'),
(109, 1651, 'RECIBO DE CAJA LA PLATA', 23, 27, 'ERCILIA  GARCIA SOTO', NULL, '20811459', 'F', '1982-04-08', 1, 528539.000, 449258.150, 0.15, '2024-09-11'),
(110, 1652, 'RECIBO DE CAJA LA PLATA', 64, 7, 'DANIELA ALEJANDRA ORTIZ SALAZAR', NULL, '1081419596', 'F', '1997-07-23', 1, 524477.000, 445805.450, 0.15, '2024-09-11'),
(111, 1653, 'RECIBO DE CAJA LA PLATA', 23, 11, 'ANDERSON  YALIMBO MUELAS', NULL, '1081415560', 'M', '1995-01-12', 1, 528539.000, 449258.150, 0.15, '2024-09-11'),
(112, 1654, 'RECIBO DE CAJA LA PLATA', 58, 26, 'IRENE  ARIAS HOYOS', NULL, '1080260029', 'F', '1982-01-15', 1, 804525.000, 683846.250, 0.15, '2024-09-11'),
(113, 1655, 'RECIBO DE CAJA LA PLATA', 58, 28, 'JUAN PABLO PEÑA ARENALES', NULL, '79733526', 'M', '1980-10-26', 1, 804525.000, 683846.250, 0.15, '2024-09-11'),
(114, 1656, 'RECIBO DE CAJA LA PLATA', 23, 26, 'YIMI ADRIAN CALDERON ANACONA', NULL, '1081417838', 'F', '1996-06-03', 1, 499175.250, 424298.962, 0.15, '2024-09-11'),
(115, 1657, 'RECIBO DE CAJA LA PLATA', 58, 26, 'YAMELETH  LONDOÑO BELTRAN', NULL, '1116913961', 'F', '1985-04-05', 1, 804525.000, 683846.250, 0.15, '2024-09-11'),
(116, 1658, 'RECIBO DE CAJA LA PLATA', 23, 26, 'FELICIANO  HERNANDEZ BERMEO', NULL, '4915089', 'M', '1936-07-19', 1, 499175.250, 424298.962, 0.15, '2024-09-11'),
(117, 1659, 'RECIBO DE CAJA LA PLATA', 46, 26, 'FELICIANO  HERNANDEZ BERMEO', NULL, '4915089', 'M', '1936-07-19', 1, 611320.000, 519622.000, 0.15, '2024-09-12'),
(118, 1660, 'RECIBO DE CAJA LA PLATA', 28, 7, 'GERARDINA  CUSCUE TUNJA', NULL, '25463169', 'F', '1944-09-25', 1, 524477.000, 445805.450, 0.15, '2024-09-12'),
(119, 1661, 'RECIBO DE CAJA LA PLATA', 46, 26, 'JOSE FREDY NUÑEZ RODRIGUEZ', NULL, '12271536', 'M', '1963-06-06', 1, 611320.000, 519622.000, 0.15, '2024-09-12'),
(120, 1662, 'RECIBO DE CAJA LA PLATA', 55, 7, 'EFREN ALIRIO INGA', NULL, '15810909', 'M', '1955-05-03', 1, 1292385.000, 1098527.250, 0.15, '2024-09-12'),
(121, 1663, 'RECIBO DE CAJA LA PLATA', 23, 11, 'DIANA MARCELA QUEGUAN CORTES', NULL, '1081416731', 'F', '1996-01-19', 1, 528539.000, 449258.150, 0.15, '2024-09-12'),
(122, 1665, 'RECIBO DE CAJA LA PLATA', 23, 11, 'LIZDEY DAYANA MINU ESCOBAR', NULL, '1004074773', 'F', '2003-06-18', 1, 528539.000, 449258.150, 0.15, '2024-09-12'),
(123, 1666, 'RECIBO DE CAJA LA PLATA', 46, 28, 'JESUS ANTONIO MENZA QUINTERO', NULL, '4915109', 'M', '1935-05-18', 1, 611320.000, 519622.000, 0.15, '2024-09-12'),
(124, 1667, 'RECIBO DE CAJA LA PLATA', 54, 13, 'MERCEDES  VEGA DE YUNDA', NULL, '26519760', 'F', '1947-04-01', 1, 1396500.000, 1187025.000, 0.15, '2024-09-12'),
(125, 1667, 'RECIBO DE CAJA LA PLATA', 46, 13, 'MERCEDES  VEGA DE YUNDA', NULL, '26519760', 'F', '1947-04-01', 1, 719200.000, 611320.000, 0.15, '2024-09-12'),
(126, 1668, 'RECIBO DE CAJA LA PLATA', 66, 27, 'ANDY MATIAS LUNA PASAJE', NULL, '1081418579', 'M', '2014-10-26', 1, 530370.000, 450814.500, 0.15, '2024-09-12'),
(127, 1669, 'RECIBO DE CAJA LA PLATA', 64, 7, 'SANTIAGO  BOHORQUEZ MUÑOZ', NULL, '15950112', 'M', '1958-01-03', 1, 524477.000, 445805.450, 0.15, '2024-09-13'),
(128, 1670, 'RECIBO DE CAJA LA PLATA', 23, 9, 'ANYI PAOLA SANCHEZ RIVERA', NULL, '1081399794', 'F', '2006-03-28', 1, 499175.000, 424298.750, 0.15, '2024-09-13'),
(129, 1672, 'RECIBO DE CAJA LA PLATA', 23, 28, 'GRACIELA  RAMOS PEREZ', NULL, '26519638', 'F', '1943-09-14', 1, 499175.250, 424298.962, 0.15, '2024-09-13'),
(130, 1673, 'RECIBO DE CAJA LA PLATA', 47, 7, 'ULPIANO  LUGO MERCHAN', NULL, '4920241', 'M', '1969-02-06', 1, 970088.000, 824574.800, 0.15, '2024-09-13'),
(131, 1674, 'RECIBO DE CAJA LA PLATA', 58, 26, 'ELIZABETH  ZAVALA DE SUAREZ', NULL, '5889944', 'F', '1962-08-27', 1, 804525.000, 683846.250, 0.15, '2024-09-13'),
(132, 1675, 'RECIBO DE CAJA LA PLATA', 58, 26, 'MATEO  IZQUIERDO SABOGAL', NULL, '1023035466', 'M', '1999-05-11', 1, 804525.000, 683846.250, 0.15, '2024-09-13'),
(133, 1676, 'RECIBO DE CAJA LA PLATA', 58, 26, 'FABIAN ENRIQUE VALENCIA VARGAS', NULL, '1081405257', 'M', '1990-03-01', 1, 804525.000, 683846.250, 0.15, '2024-09-13'),
(134, 1677, 'RECIBO DE CAJA LA PLATA', 23, 5, 'DIANA MARCELA CANDELA SANABRIA', NULL, '1081414091', 'F', '1994-04-07', 1, 587265.000, 499175.250, 0.15, '2024-09-13'),
(135, 1678, 'RECIBO DE CAJA LA PLATA', 23, 7, 'LUCRECIA  RIVAS BRAND', NULL, '26511599', 'F', '1955-06-22', 1, 522666.000, 444266.100, 0.15, '2024-09-13'),
(136, 1679, 'RECIBO DE CAJA LA PLATA', 46, 26, 'MARIA LUCILA PINO MERA', NULL, '38993875', 'F', '1948-03-02', 1, 611320.000, 519622.000, 0.15, '2024-09-14'),
(137, 1680, 'RECIBO DE CAJA LA PLATA', 23, 9, 'MARIA LAURA TUMBO GEROMITO', NULL, '55197610', 'F', '1978-12-07', 1, 499175.000, 424298.750, 0.15, '2024-09-14'),
(138, 1681, 'RECIBO DE CAJA LA PLATA', 58, 27, 'LUIS ENRIQUE PAJOY VARGAS', NULL, '1081420915', 'M', '1995-04-02', 1, 851850.000, 724072.500, 0.15, '2024-09-14'),
(139, 1682, 'RECIBO DE CAJA LA PLATA', 55, 28, 'JESUS ANTONIO MENZA QUINTERO', NULL, '4915109', 'M', '1935-05-18', 1, 1254525.000, 1066346.250, 0.15, '2024-09-14'),
(140, 1683, 'RECIBO DE CAJA LA PLATA', 64, 19, 'LIBARDO  CUNACUE PETINS', NULL, '1084922887', 'M', '1988-06-08', 1, 589300.000, 500905.000, 0.15, '2024-09-14'),
(141, 1684, 'RECIBO DE CAJA LA PLATA', 55, 26, 'JACKELINE  TRIVIÑO CHAVEZ', NULL, '36380433', 'F', '1973-06-18', 1, 1254525.000, 1066346.250, 0.15, '2024-09-14'),
(142, 1685, 'RECIBO DE CAJA LA PLATA', 23, 11, 'ISIDRO  LEIVA TENGONO', NULL, '1624551', 'M', '1934-12-10', 1, 528539.000, 449258.150, 0.15, '2024-09-16'),
(143, 1686, 'RECIBO DE CAJA LA PLATA', 23, 5, 'WILSON ALBERTO ORTIZ LEIVA', NULL, '1081408483', 'M', '1991-09-06', 1, 587265.000, 499175.250, 0.15, '2024-09-16'),
(144, 1687, 'RECIBO DE CAJA LA PLATA', 23, 14, 'JORDAN ENRIQUE MORALES YEPES', NULL, '1079536062', 'M', '2008-10-15', 1, 587265.000, 499175.250, 0.15, '2024-09-16'),
(145, 1687, 'RECIBO DE CAJA LA PLATA', 44, 7, 'JORDAN ENRIQUE MORALES YEPES', NULL, '1079536062', 'M', '2008-10-15', 1, 572626.000, 486732.100, 0.15, '2024-09-16'),
(146, 1688, 'RECIBO DE CAJA LA PLATA', 58, 7, 'FARITH  CORTES RAMIREZ', NULL, '1110485322', 'M', '1987-11-26', 1, 842385.000, 716027.250, 0.15, '2024-09-16'),
(147, 1689, 'RECIBO DE CAJA LA PLATA', 25, 26, 'AMINTA  PIEDRAITA ROJAS', NULL, '36382539', 'F', '1972-01-11', 1, 738055.000, 627346.750, 0.15, '2024-09-16'),
(148, 1690, 'RECIBO DE CAJA LA PLATA', 23, 26, 'SANDRA MILENA VALENCIA OSPINA', NULL, '24396894', 'F', '1980-01-19', 1, 499175.250, 424298.962, 0.15, '2024-09-16'),
(149, 1691, 'RECIBO DE CAJA LA PLATA', 58, 7, 'IVAN JOSE CABRERA BASTIDAS', NULL, '1007845583', 'M', '2001-04-25', 1, 842385.000, 716027.250, 0.15, '2024-09-16'),
(150, 1692, 'RECIBO DE CAJA LA PLATA', 23, 11, 'DANIEL FELIPE VALENZUELA VARGAS', NULL, '1081406210', 'M', '1990-10-17', 1, 528539.000, 449258.150, 0.15, '2024-09-16'),
(151, 1693, 'RECIBO DE CAJA LA PLATA', 55, 10, 'WILSON GILDARDO YASNO VALENCIA', NULL, '12279715', 'M', '1979-07-19', 1, 1396500.000, 1187025.000, 0.15, '2024-09-16'),
(152, 1694, 'RECIBO DE CAJA LA PLATA', 66, 26, 'BRAYAN STEVEN SANCHEZ MEJIA', NULL, '1007359740', 'M', '2000-12-22', 1, 500905.000, 425769.250, 0.15, '2024-09-16'),
(153, 1695, 'RECIBO DE CAJA LA PLATA', 23, 5, 'FAIVER  REY VARGAS', NULL, '12278070', 'M', '1976-10-01', 1, 587265.000, 499175.250, 0.15, '2024-09-16'),
(154, 1695, 'RECIBO DE CAJA LA PLATA', 32, 5, 'FAIVER  REY VARGAS', NULL, '12278070', 'M', '1976-10-01', 1, 758200.000, 644470.000, 0.15, '2024-09-16'),
(155, 1696, 'RECIBO DE CAJA LA PLATA', 23, 9, 'MELQUICIDEK  HIO', NULL, '1081412192', 'M', '1993-04-17', 1, 499175.000, 424298.750, 0.15, '2024-09-16'),
(156, 1697, 'RECIBO DE CAJA LA PLATA', 23, 7, 'CLAUDIA MAYELIN AGUILAR GOMEZ', NULL, '36291193', 'F', '1981-02-07', 1, 522666.000, 444266.100, 0.15, '2024-09-16'),
(157, 1698, 'RECIBO DE CAJA LA PLATA', 55, 7, 'AMANDA  PEREZ ZUÑIGA', NULL, '26473529', 'F', '1962-04-07', 1, 1292385.000, 1098527.250, 0.15, '2024-09-16'),
(158, 1699, 'RECIBO DE CAJA LA PLATA', 58, 26, 'SANDRA PATRICIA LEIVA', NULL, '26471377', 'F', '1974-07-28', 1, 804525.000, 683846.250, 0.15, '2024-09-16'),
(159, 1700, 'RECIBO DE CAJA LA PLATA', 58, 11, 'CARMEN GLORIA JARAMILLO ORDOÑEZ', NULL, '55131641', 'F', '1984-10-05', 1, 851850.000, 724072.500, 0.15, '2024-09-16'),
(160, 1701, 'RECIBO DE CAJA LA PLATA', 54, 17, 'MARIA ELVIA RUIZ', NULL, '26520386', 'F', '1950-10-27', 1, 946500.000, 804525.000, 0.15, '2024-09-16'),
(161, 1702, 'RECIBO DE CAJA LA PLATA', 23, 27, 'JESUS MARIA CASTILLO', NULL, '4686437', 'F', '1950-03-30', 1, 528539.000, 449258.150, 0.15, '2024-09-16'),
(162, 1703, 'RECIBO DE CAJA LA PLATA', 46, 27, 'JOSE ALIRIO GUAR CALDON', NULL, '83258134', 'M', '1979-02-08', 1, 647280.000, 550188.000, 0.15, '2024-09-16'),
(163, 1704, 'RECIBO DE CAJA LA PLATA', 23, 14, 'NEYLA JULIETH BURBANO MEDINA', NULL, '1004153545', 'F', '2000-07-25', 1, 587265.000, 499175.250, 0.15, '2024-09-16'),
(164, 1705, 'RECIBO DE CAJA LA PLATA', 46, 26, 'MARIA RUTH LOSADA CASTRO', NULL, '26519026', 'F', '1940-11-30', 1, 611320.000, 519622.000, 0.15, '2024-09-16'),
(165, 1706, 'RECIBO DE CAJA LA PLATA', 23, 26, 'TARQUINO  LUNA JOYAS', NULL, '12274731', 'M', '1970-11-24', 1, 499175.250, 424298.962, 0.15, '2024-09-16'),
(166, 1707, 'RECIBO DE CAJA LA PLATA', 23, 7, 'KAROLAIN DAYANN CASTRO CABRERA', NULL, '1079388223', 'F', '2004-09-14', 1, 522666.000, 444266.100, 0.15, '2024-09-16'),
(167, 1708, 'RECIBO DE CAJA LA PLATA', 58, 11, 'NATALIA SOFIA DAMIAN RODRIGUEZ', NULL, '55130682', 'F', '1983-05-23', 1, 851850.000, 724072.500, 0.15, '2024-09-16'),
(168, 1709, 'RECIBO DE CAJA LA PLATA', 23, 26, 'JAVIER  HOLGUIN SALAZAR', NULL, '2676859', 'M', '1953-06-15', 1, 499175.250, 424298.962, 0.15, '2024-09-16'),
(169, 1710, 'RECIBO DE CAJA LA PLATA', 64, 5, 'SANDY MANAURE CHARRY BERMUDEZ', NULL, '1110476806', 'F', '1988-09-28', 1, 589300.000, 500905.000, 0.15, '2024-09-16'),
(170, 1711, 'RECIBO DE CAJA LA PLATA', 23, 17, 'ROSNEIDI AIDANA TORRES DUARTE', NULL, '29548485', 'F', '2000-07-23', 1, 352400.000, 299540.000, 0.15, '2024-09-16'),
(171, 1712, 'RECIBO DE CAJA LA PLATA', 46, 11, 'ISIDRO  LEIVA TENGONO', NULL, '1624551', 'M', '1934-12-10', 1, 647280.000, 550188.000, 0.15, '2024-09-16'),
(172, 1713, 'RECIBO DE CAJA LA PLATA', 55, 11, 'MONICA ALEJANDRA TENGONO RIVAS', NULL, '1079409957', 'F', '1991-07-30', 1, 1301850.000, 1106572.500, 0.15, '2024-09-17'),
(173, 1714, 'RECIBO DE CAJA LA PLATA', 23, 14, 'BRAYAN SAMIR SANCHEZ ORDOÑEZ', NULL, '1080260831', 'M', '2005-10-04', 1, 587265.000, 499175.250, 0.15, '2024-09-17'),
(174, 1714, 'RECIBO DE CAJA LA PLATA', 32, 14, 'BRAYAN SAMIR SANCHEZ ORDOÑEZ', NULL, '1080260831', 'M', '2005-10-04', 1, 758200.000, 644470.000, 0.15, '2024-09-17'),
(175, 1715, 'RECIBO DE CAJA LA PLATA', 44, 27, 'HERNANDO ELIESER ANDRADE ARGOTE', NULL, '4752025', 'M', '1971-01-16', 1, 579060.000, 492201.000, 0.15, '2024-09-17'),
(176, 1716, 'RECIBO DE CAJA LA PLATA', 23, 11, 'MARIA YICELA GARCIA TRUJILLO', NULL, '36379694', 'F', '1968-06-10', 1, 528539.000, 449258.150, 0.15, '2024-09-17'),
(177, 1717, 'RECIBO DE CAJA LA PLATA', 23, 26, 'SILVIA DEL SOCORRO CANO DE ORTIZ', NULL, '21919599', 'F', '1951-09-06', 1, 499175.250, 424298.962, 0.15, '2024-09-17'),
(178, 1718, 'RECIBO DE CAJA LA PLATA', 46, 20, 'RAFAEL  BUITRAGO BUITRAGO', NULL, '19125421', 'M', '1950-11-05', 1, 719200.000, 611320.000, 0.15, '2024-09-17'),
(179, 1719, 'RECIBO DE CAJA LA PLATA', 23, 7, 'KAROLAIN DAYANN CASTRO CABRERA', NULL, '1079388223', 'F', '2004-09-14', 1, 522666.000, 444266.100, 0.15, '2024-09-17'),
(180, 1720, 'RECIBO DE CAJA LA PLATA', 58, 29, 'LEONIDAS  BASTIDAS LOSADA', NULL, '1081401946', 'M', '1989-03-05', 1, 804525.000, 683846.250, 0.15, '2024-09-17'),
(181, 1721, 'RECIBO DE CAJA LA PLATA', 23, 7, 'JOHN JAIRO RINCON RUIZ', NULL, '1061819565', 'M', '1999-08-08', 1, 522666.000, 444266.100, 0.15, '2024-09-17'),
(182, 1722, 'RECIBO DE CAJA LA PLATA', 46, 9, 'OTILIA  PETE SILVA', NULL, '25558941', 'F', '1951-03-25', 1, 611320.000, 519622.000, 0.15, '2024-09-17'),
(183, 1723, 'RECIBO DE CAJA LA PLATA', 23, 7, 'ADELMO  YANDE CASTRO', NULL, '83241972', 'M', '1977-02-19', 1, 522666.000, 444266.100, 0.15, '2024-09-18'),
(184, 1724, 'RECIBO DE CAJA LA PLATA', 23, 26, 'DANIEL ANDRES CASTAÑEDA SUAREZ', NULL, '1081413307', 'M', '2011-10-26', 1, 499175.250, 424298.962, 0.15, '2024-09-18'),
(185, 1725, 'RECIBO DE CAJA LA PLATA', 23, 21, 'ROBINSON  ORDOÑEZ', NULL, '12283419', 'M', '1984-05-21', 1, 587265.000, 499175.250, 0.15, '2024-09-18'),
(186, 1726, 'RECIBO DE CAJA LA PLATA', 72, 26, 'DANIEL ANDRES CASTAÑEDA SUAREZ', NULL, '1081413307', 'M', '2011-10-26', 1, 1238545.000, 1052763.250, 0.15, '2024-09-18'),
(187, 1727, 'RECIBO DE CAJA LA PLATA', 72, 26, 'MONICA  ULTENGO GARCES', NULL, '1080263036', 'F', '1992-06-13', 1, 1238545.000, 1052763.250, 0.15, '2024-09-18'),
(188, 1728, 'RECIBO DE CAJA LA PLATA', 23, 17, 'CLAUDIA MILENA CORTES QUTUMBO', NULL, '55066326', 'F', '1980-04-04', 1, 352400.000, 299540.000, 0.15, '2024-09-18'),
(189, 1729, 'RECIBO DE CAJA LA PLATA', 22, 17, 'CLETILDE  CHACUE COMETA', NULL, '36375558', 'F', '1957-01-29', 1, 174200.000, 148070.000, 0.15, '2024-09-18'),
(190, 1730, 'RECIBO DE CAJA LA PLATA', 22, 17, 'MARIA MERCEDES VITOVIS CUCHIMBA', NULL, '25456211', 'F', '1964-07-12', 1, 174200.000, 148070.000, 0.15, '2024-09-18'),
(191, 1732, 'RECIBO DE CAJA LA PLATA', 23, 12, 'MARIELA  QUINTERO TUNJA', NULL, '36381283', 'F', '1971-09-09', 1, 587265.000, 499175.250, 0.15, '2024-09-18'),
(192, 1733, 'RECIBO DE CAJA LA PLATA', 46, 26, 'ALEJANDRO  PIZO', NULL, '4917053', 'M', '1944-02-17', 1, 611320.000, 519622.000, 0.15, '2024-09-18'),
(193, 1734, 'RECIBO DE CAJA LA PLATA', 62, 26, 'ANA ISABEL CHAMBO ARIAS', NULL, '26473167', 'F', '1950-12-08', 1, 546890.000, 464856.500, 0.15, '2024-09-18'),
(194, 1735, 'RECIBO DE CAJA LA PLATA', 23, 26, 'JAVIER  HOLGUIN SALAZAR', NULL, '2676859', 'M', '1953-06-15', 1, 499175.250, 424298.962, 0.15, '2024-09-18'),
(195, 1737, 'RECIBO DE CAJA LA PLATA', 55, 26, 'HENRY  RODRIGUEZ FALLA', NULL, '12268169', 'M', '1950-04-20', 1, 1254525.000, 1066346.250, 0.15, '2024-09-18'),
(196, 1738, 'RECIBO DE CAJA LA PLATA', 58, 9, 'LUZ MARINA BENJUMEA GUTIERREZ', NULL, '21465765', 'F', '1948-12-05', 1, 804525.000, 683846.250, 0.15, '2024-09-18'),
(197, 1739, 'RECIBO DE CAJA LA PLATA', 23, 7, 'ALEXANDER  MOROCHO VERA', NULL, '1081400145', 'M', '2006-07-14', 1, 522666.000, 444266.100, 0.15, '2024-09-19'),
(198, 1740, 'RECIBO DE CAJA LA PLATA', 23, 9, 'FEDERICO  CUSCUE PIEDRA', NULL, '76245438', 'M', '1967-07-03', 1, 499175.000, 424298.750, 0.15, '2024-09-19'),
(199, 1741, 'RECIBO DE CAJA LA PLATA', 58, 26, 'FELICIANO  HERNANDEZ BERMEO', NULL, '4915089', 'M', '1936-07-19', 1, 804525.000, 683846.250, 0.15, '2024-09-19'),
(200, 1743, 'RECIBO DE CAJA LA PLATA', 54, 22, 'HUGO ALEJANDRO DIAZ CHAVES', NULL, '1061773573', 'M', '1994-08-04', 1, 946500.000, 804525.000, 0.15, '2024-09-19'),
(201, 1743, 'RECIBO DE CAJA LA PLATA', 62, 22, 'HUGO ALEJANDRO DIAZ CHAVES', NULL, '1061773573', 'M', '1994-08-04', 1, 643400.000, 546890.000, 0.15, '2024-09-19'),
(202, 1744, 'RECIBO DE CAJA LA PLATA', 55, 26, 'ALEJANDRO  PIZO', NULL, '4917053', 'M', '1944-02-17', 1, 1254525.000, 1066346.250, 0.15, '2024-09-19'),
(203, 1745, 'RECIBO DE CAJA LA PLATA', 58, 26, 'SANDRO JAVIER ESPEJO BARRETO', NULL, '74347039', 'M', '1976-03-07', 1, 804525.000, 683846.250, 0.15, '2024-09-19'),
(204, 1746, 'RECIBO DE CAJA LA PLATA', 58, 7, 'OSMAN ANDRES ZUÑIGA CASAS', NULL, '1081395345', 'M', '1986-12-22', 1, 842385.000, 716027.250, 0.15, '2024-09-19'),
(205, 1747, 'RECIBO DE CAJA LA PLATA', 23, 11, 'IVON YOHANA MORENO ENRIQUEZ', NULL, '1087422198', 'F', '1995-10-02', 1, 528539.000, 449258.150, 0.15, '2024-09-19'),
(206, 1748, 'RECIBO DE CAJA LA PLATA', 55, 7, 'JOSE BENER SANCHO CASTILLO', NULL, '1061223855', 'F', '1993-05-06', 1, 1292385.000, 1098527.250, 0.15, '2024-09-19'),
(207, 1749, 'RECIBO DE CAJA LA PLATA', 44, 26, 'DAGOBERTO  CALDERON CALDERON', NULL, '12231109', 'M', '1965-05-26', 3, 1640670.000, 1394569.500, 0.15, '2024-09-19'),
(208, 1750, 'RECIBO DE CAJA LA PLATA', 55, 26, 'CECILIA  QUINTERO QUINTERO', NULL, '26523331', 'F', '1952-02-01', 1, 1254525.000, 1066346.250, 0.15, '2024-09-19'),
(209, 1751, 'RECIBO DE CAJA LA PLATA', 23, 26, 'FLORESMIRA OCCA ECUE ALEY', NULL, '25561879', 'F', '1978-10-29', 1, 499175.250, 424298.962, 0.15, '2024-09-19'),
(210, 1752, 'RECIBO DE CAJA LA PLATA', 22, 17, 'BIANETH  VALENCIA LEMUS', NULL, '36376707', 'F', '1965-02-19', 1, 174200.000, 148070.000, 0.15, '2024-09-19'),
(211, 1753, 'RECIBO DE CAJA LA PLATA', 46, 26, 'ANA MARIA ROSERO GOMEZ', NULL, '36376594', 'F', '1957-11-06', 1, 611320.000, 519622.000, 0.15, '2024-09-20'),
(212, 1754, 'RECIBO DE CAJA LA PLATA', 44, 22, 'HUGO ALEJANDRO DIAZ CHAVEZ', NULL, '1061773573', 'M', '1994-08-04', 1, 643400.000, 546890.000, 0.15, '2024-09-20'),
(213, 1755, 'RECIBO DE CAJA LA PLATA', 46, 28, 'REINA MARIA VALBUENA DE TORRES', NULL, '26520243', 'F', '1948-10-30', 1, 611320.000, 519622.000, 0.15, '2024-09-20'),
(214, 1756, 'RECIBO DE CAJA LA PLATA', 44, 7, 'LUZ AYDA SANCHEZ GAVIRIA', NULL, '52270459', 'F', '1972-11-16', 1, 572626.000, 486732.100, 0.15, '2024-09-20'),
(215, 1757, 'RECIBO DE CAJA LA PLATA', 32, 17, 'GLORIA  EPIA CUELLAR', NULL, '55131871', 'F', '1985-02-03', 1, 379100.000, 322235.000, 0.15, '2024-09-20'),
(216, 1758, 'RECIBO DE CAJA LA PLATA', 23, 7, 'LIAN JANER GUGU CHALCO', NULL, '1081428336', 'M', '2023-10-31', 1, 522666.000, 444266.100, 0.15, '2024-09-20'),
(217, 1759, 'RECIBO DE CAJA LA PLATA', 58, 9, 'DORA LILIA RIVERA ROJAS', NULL, '1081392702', 'F', '1986-03-12', 1, 804525.000, 683846.250, 0.15, '2024-09-20'),
(218, 1760, 'RECIBO DE CAJA LA PLATA', 23, 7, 'SARA MELISA CEDEÑO SOLANO', NULL, '1079509285', 'F', '2013-02-07', 1, 522666.000, 444266.100, 0.15, '2024-09-20'),
(219, 1761, 'RECIBO DE CAJA LA PLATA', 55, 26, 'GLADYS  ROA CASTAÑEDA', NULL, '31299849', 'F', '1956-06-29', 1, 1254525.000, 1066346.250, 0.15, '2024-09-21'),
(220, 1762, 'RECIBO DE CAJA LA PLATA', 55, 11, 'NIEVES  PEREZ VALENZUELA', NULL, '26518777', 'F', '1935-09-09', 1, 1301850.000, 1106572.500, 0.15, '2024-09-21'),
(221, 1763, 'RECIBO DE CAJA LA PLATA', 23, 5, 'SERGIO ANDRES PIAMBA PIAMBA', NULL, '1081401390', 'M', '2006-12-26', 1, 587265.000, 499175.250, 0.15, '2024-09-21'),
(222, 1764, 'RECIBO DE CAJA LA PLATA', 66, 23, 'VICTOR MANUEL BASTIDAS MEDINA', NULL, '1004074593', 'M', '2002-04-30', 1, 589300.000, 500905.000, 0.15, '2024-09-21'),
(223, 1765, 'RECIBO DE CAJA LA PLATA', 66, 26, 'MARIA CONSTANZA SANDOVAL VITOVIZ', NULL, '36376617', 'F', '1964-01-21', 1, 500905.000, 425769.250, 0.15, '2024-09-21'),
(224, 1766, 'RECIBO DE CAJA LA PLATA', 55, 9, 'FRANCY MILEIDI PERDOMO CAMPO', NULL, '1062092236', 'F', '1999-10-20', 1, 1254525.000, 1066346.250, 0.15, '2024-09-21'),
(225, 1767, 'RECIBO DE CAJA LA PLATA', 47, 7, 'JOSE ANTONIO OSSA DURAN', NULL, '1081422452', 'M', '1999-03-13', 1, 970088.000, 824574.800, 0.15, '2024-09-23'),
(226, 1768, 'RECIBO DE CAJA LA PLATA', 55, 26, 'DIANA CAROLINA CASANOVA PERDOMO', NULL, '1081411188', 'F', '1993-03-14', 1, 1254525.000, 1066346.250, 0.15, '2024-09-23'),
(227, 1769, 'RECIBO DE CAJA LA PLATA', 23, 7, 'ANDRY VALERIA VILLABON CHANTRE', NULL, '1081428718', 'F', '2024-08-23', 1, 522666.000, 444266.100, 0.15, '2024-09-23'),
(228, 1770, 'RECIBO DE CAJA LA PLATA', 66, 14, 'FABIOLA  VASQUEZ', NULL, '34550100', 'F', '1966-08-23', 1, 589300.000, 500905.000, 0.15, '2024-09-23'),
(229, 1771, 'RECIBO DE CAJA LA PLATA', 23, 12, 'YEIMY JAQUELINE LOPEZ', NULL, '1085687539', 'F', '1988-09-22', 1, 587265.000, 499175.250, 0.15, '2024-09-23'),
(230, 1772, 'RECIBO DE CAJA LA PLATA', 54, 11, 'JULIA NELLY LEDESMA DE OSPITIA', NULL, '26518207', 'F', '1936-06-27', 1, 851850.000, 724072.500, 0.15, '2024-09-23'),
(231, 1773, 'RECIBO DE CAJA LA PLATA', 55, 7, 'ANDRES  BELTRAN MOTTA', NULL, '1080261971', 'M', '2008-02-25', 1, 1301850.000, 1106572.500, 0.15, '2024-09-23'),
(232, 1774, 'RECIBO DE CAJA LA PLATA', 23, 5, 'GERALLDINE  ARIAS MEDINA', NULL, '1081418453', 'F', '1996-10-25', 1, 587265.000, 499175.250, 0.15, '2024-09-23'),
(233, 1775, 'RECIBO DE CAJA LA PLATA', 58, 11, 'JAIME EDUARDO ARIAS ILIAN', NULL, '10107926', 'M', '1962-07-29', 1, 851850.000, 724072.500, 0.15, '2024-09-23'),
(234, 1776, 'RECIBO DE CAJA LA PLATA', 23, 5, 'DUBER HERNEY ROJAS MONTES', NULL, '1081403595', 'M', '1989-09-10', 1, 587265.000, 499175.250, 0.15, '2024-09-23'),
(235, 1777, 'RECIBO DE CAJA LA PLATA', 55, 11, 'FRANCY LUZ POLANCO RAMIREZ', NULL, '36379227', 'F', '1969-08-01', 1, 1301850.000, 1106572.500, 0.15, '2024-09-23'),
(236, 1778, 'RECIBO DE CAJA LA PLATA', 58, 7, 'ISMAEL  CABRERA', NULL, '1643315', 'M', '1944-08-05', 1, 842385.000, 716027.250, 0.15, '2024-09-23'),
(237, 1779, 'RECIBO DE CAJA LA PLATA', 23, 26, 'SANDRA PATRICIA LEIVA', NULL, '26471377', 'F', '1974-07-28', 1, 499175.250, 424298.962, 0.15, '2024-09-23'),
(238, 1780, 'RECIBO DE CAJA LA PLATA', 58, 7, 'ADRIANA PATRICIA MUÑOZ BRAVO', NULL, '1081393074', 'F', '1986-03-31', 1, 842385.000, 716027.250, 0.15, '2024-09-23'),
(239, 1781, 'RECIBO DE CAJA LA PLATA', 58, 26, 'ISMELDA  CHAVARRO OTALORA', NULL, '26529270', 'F', '1971-02-07', 1, 804525.000, 683846.250, 0.15, '2024-09-23'),
(240, 1782, 'RECIBO DE CAJA LA PLATA', 46, 7, 'SILVIO DE JESUS LOPEZ MOLINA', NULL, '4352232', 'M', '1961-10-22', 1, 640088.000, 544074.800, 0.15, '2024-09-23'),
(241, 1783, 'RECIBO DE CAJA LA PLATA', 23, 7, 'JOSE  AMON LOSADA', NULL, '12268882', 'M', '1951-11-18', 1, 522666.000, 444266.100, 0.15, '2024-09-23'),
(242, 1784, 'RECIBO DE CAJA LA PLATA', 54, 14, 'JAIME  ROJAS SALAZAR', NULL, '12268078', 'M', '1950-12-23', 1, 1396500.000, 1187025.000, 0.15, '2024-09-23'),
(243, 1785, 'RECIBO DE CAJA LA PLATA', 40, 29, 'ZULBEL KATHERINE RAMOS QUINTERO', NULL, '1061790167', 'F', '1996-04-25', 1, 876890.000, 745356.500, 0.15, '2024-09-23'),
(244, 1786, 'RECIBO DE CAJA LA PLATA', 23, 11, 'LUIS EMILIANO POLANCO', NULL, '4686636', 'M', '1954-08-25', 1, 528539.000, 449258.150, 0.15, '2024-09-24'),
(245, 1787, 'RECIBO DE CAJA LA PLATA', 23, 7, 'PEDRO ANTONIO MARTINEZ COLLAZOS', NULL, '12272186', 'M', '1965-10-08', 1, 522666.000, 444266.100, 0.15, '2024-09-24'),
(246, 1788, 'RECIBO DE CAJA LA PLATA', 58, 21, 'JULIO SAUL SAIZ FORERO', NULL, '1052916165', 'M', '1984-09-03', 1, 946500.000, 804525.000, 0.15, '2024-09-24'),
(247, 1789, 'RECIBO DE CAJA LA PLATA', 23, 9, 'JHON JAIRO DIAZ YUNDA', NULL, '1061223005', 'M', '1992-06-24', 1, 499175.000, 424298.750, 0.15, '2024-09-24'),
(248, 1790, 'RECIBO DE CAJA LA PLATA', 58, 7, 'MARIA LEONOR ARIAS PICHICA', NULL, '36377674', 'F', '1964-11-28', 1, 851850.000, 724072.500, 0.15, '2024-09-24'),
(249, 1791, 'RECIBO DE CAJA LA PLATA', 23, 27, 'MISAEL  PERDOMO OSORIO', NULL, '9705028', 'M', '1949-05-30', 1, 528539.000, 449258.150, 0.15, '2024-09-24'),
(250, 1792, 'RECIBO DE CAJA LA PLATA', 66, 22, 'MAYERLY YURANY PEREZ LIZCANO', NULL, '1081416019', 'F', '1995-09-24', 1, 589300.000, 500905.000, 0.15, '2024-09-24'),
(251, 1793, 'RECIBO DE CAJA LA PLATA', 23, 7, 'JOSE  AMON LOSADA', NULL, '12268882', 'M', '1951-11-18', 1, 522666.000, 444266.100, 0.15, '2024-09-24'),
(252, 1794, 'RECIBO DE CAJA LA PLATA', 58, 27, 'ELIZABETH  BASTIDAS SILVA', NULL, '1081409869', 'F', '1992-06-11', 1, 851850.000, 724072.500, 0.15, '2024-09-24'),
(253, 1795, 'RECIBO DE CAJA LA PLATA', 58, 7, 'MARIA EDITH CHAVARRO RAMIREZ', NULL, '36375752', 'F', '1961-06-05', 1, 842385.000, 716027.250, 0.15, '2024-09-24'),
(254, 1796, 'RECIBO DE CAJA LA PLATA', 22, 17, 'MARCELA  ALARCON PERDOMO', NULL, '36380362', 'F', '1973-06-30', 1, 174200.000, 148070.000, 0.15, '2024-09-24'),
(255, 1797, 'RECIBO DE CAJA LA PLATA', 23, 7, 'FERNANDO  SANCHEZ FALLA', NULL, '12270803', 'M', '1971-11-14', 1, 522666.000, 444266.100, 0.15, '2024-09-24'),
(256, 1798, 'RECIBO DE CAJA LA PLATA', 59, 9, 'DORA LILIA RIVERA ROJAS', NULL, '1081392702', 'F', '1986-03-12', 1, 1134525.000, 964346.250, 0.15, '2024-09-25'),
(257, 1799, 'RECIBO DE CAJA LA PLATA', 23, 5, 'VANESSA ALEXANDRA RIVERA MEDINA', NULL, '1002937525', 'F', '2002-10-08', 1, 690900.000, 587265.000, 0.15, '2024-09-25'),
(258, 1800, 'RECIBO DE CAJA LA PLATA', 23, 11, 'LILIANA ANDREA QUINTERO RAMIREZ', NULL, '66986417', 'F', '1976-10-02', 1, 528539.000, 449258.150, 0.15, '2024-09-25'),
(259, 1801, 'RECIBO DE CAJA LA PLATA', 48, 11, 'CECILIA  CABRERA DE CHAVARRO', NULL, '26519433', 'F', '1941-03-21', 1, 733230.000, 623245.500, 0.15, '2024-09-25'),
(260, 1802, 'RECIBO DE CAJA LA PLATA', 64, 14, 'JIMMY  RIVERA PABON', NULL, '12274768', 'M', '1969-11-12', 1, 589300.000, 500905.000, 0.15, '2024-09-25'),
(261, 1803, 'RECIBO DE CAJA LA PLATA', 58, 11, 'EIDI CATHERINE RAMOS PIEDRA', NULL, '1081395436', 'F', '1986-11-09', 1, 851850.000, 724072.500, 0.15, '2024-09-25'),
(262, 1804, 'RECIBO DE CAJA LA PLATA', 46, 7, 'FERNANDO  SANCHEZ FALLA', NULL, '12270803', 'M', '1971-11-14', 1, 647280.000, 550188.000, 0.15, '2024-09-25'),
(263, 1805, 'RECIBO DE CAJA LA PLATA', 23, 27, 'GLORIA ILSA MOSQUERA MEDINA', NULL, '26522664', 'F', '1977-05-21', 1, 528539.000, 449258.150, 0.15, '2024-09-25'),
(264, 1806, 'RECIBO DE CAJA LA PLATA', 75, 14, 'JIMMY  RIVERA PABON', NULL, '12274768', 'M', '1969-11-12', 1, 1002500.000, 852125.000, 0.15, '2024-09-25'),
(265, 1807, 'RECIBO DE CAJA LA PLATA', 46, 7, 'MARIA LEONOR ARIAS PICHICA', NULL, '36377674', 'F', '1964-11-28', 1, 647280.000, 550188.000, 0.15, '2024-09-25'),
(266, 1808, 'RECIBO DE CAJA LA PLATA', 58, 7, 'DIEGO FERNANDO HERNANDEZ ROJAS', NULL, '1080263038', 'M', '1992-06-14', 1, 851850.000, 724072.500, 0.15, '2024-09-25'),
(267, 1809, 'RECIBO DE CAJA LA PLATA', 58, 26, 'LILIA  SANABRIA CANDELA', NULL, '36377452', 'F', '1965-02-14', 1, 804525.000, 683846.250, 0.15, '2024-09-25'),
(268, 1810, 'RECIBO DE CAJA LA PLATA', 23, 26, 'MARILU  ESPINOSA DE LIZCANO', NULL, '36375593', 'F', '1948-08-29', 1, 499175.250, 424298.962, 0.15, '2024-09-25'),
(269, 1811, 'RECIBO DE CAJA LA PLATA', 58, 24, 'DANIEL SANTIAGO OIDOR PENCUE', NULL, '1141351246', 'M', '2015-10-13', 1, 1276500.000, 1085025.000, 0.15, '2024-09-25'),
(270, 1812, 'RECIBO DE CAJA LA PLATA', 55, 7, 'MARIA HERMINIA CASAMACHIN VOLVERAS', NULL, '36381411', 'F', '1973-02-19', 1, 1292385.000, 1098527.250, 0.15, '2024-09-25'),
(271, 1813, 'RECIBO DE CAJA LA PLATA', 46, 28, 'RAFAEL ROJAS NINCO', NULL, '4896650', 'M', '1948-05-15', 1, 611320.000, 519622.000, 0.15, '2024-09-25'),
(272, 1814, 'RECIBO DE CAJA LA PLATA', 23, 21, 'JAVIER ANDRES LUGO QUIMBAYA', NULL, '1075226572', 'M', '1987-12-13', 1, 587265.000, 499175.250, 0.15, '2024-09-25'),
(273, 1815, 'RECIBO DE CAJA LA PLATA', 72, 28, 'CARLOS ARTURO CEBALLOS BALLEN', NULL, '12272520', 'M', '1965-07-25', 1, 1238545.000, 1052763.250, 0.15, '2024-09-25'),
(274, 1816, 'RECIBO DE CAJA LA PLATA', 58, 11, 'DIEGO ALEXANDER TORRES YACUE', NULL, '1081400255', 'M', '1988-06-10', 1, 851850.000, 724072.500, 0.15, '2024-09-25'),
(275, 1817, 'RECIBO DE CAJA LA PLATA', 58, 26, 'DIDIER HERNAN VOLVERAS LAME', NULL, '1081401800', 'M', '1989-02-23', 1, 804525.000, 683846.250, 0.15, '2024-09-25'),
(276, 1818, 'RECIBO DE CAJA LA PLATA', 22, 17, 'MARIA JUVINELCY YASNO FIGUEROA', NULL, '36377115', 'F', '1960-12-15', 1, 174200.000, 148070.000, 0.15, '2024-09-26'),
(277, 1819, 'RECIBO DE CAJA LA PLATA', 22, 17, 'MARIA EVELIA CUCHIMBA MOSQUERA', NULL, '25456206', 'F', '1966-09-10', 1, 174200.000, 148070.000, 0.15, '2024-09-26'),
(278, 1820, 'RECIBO DE CAJA LA PLATA', 64, 7, 'MARCELINO  CRISTOBAL YAGUE', NULL, '4727538', 'M', '1959-07-15', 1, 530370.000, 450814.500, 0.15, '2024-09-26'),
(279, 1821, 'RECIBO DE CAJA LA PLATA', 55, 27, 'MARIA EPIMENIA OLCUNCHE', NULL, '36380904', 'F', '1969-07-05', 1, 1301850.000, 1106572.500, 0.15, '2024-09-26'),
(280, 1822, 'RECIBO DE CAJA LA PLATA', 23, 26, 'DAIVID JULIAN CAMERO CAMPO', NULL, '1004251253', 'F', '2003-10-05', 1, 499175.250, 424298.962, 0.15, '2024-09-26'),
(281, 1823, 'RECIBO DE CAJA LA PLATA', 23, 27, 'RUBIELA  IQUIRA', NULL, '25454944', 'F', '1968-02-03', 1, 528539.000, 449258.150, 0.15, '2024-09-26'),
(282, 1824, 'RECIBO DE CAJA LA PLATA', 75, 11, 'OSCAR HERNANDO TITIMBO CALDERON', NULL, '12283345', 'M', '1984-12-21', 2, 1804500.000, 1533825.000, 0.15, '2024-09-26'),
(283, 1824, 'RECIBO DE CAJA LA PLATA', 64, 11, 'OSCAR HERNANDO TITIMBO CALDERON', NULL, '12283345', 'M', '1984-12-21', 2, 1060740.000, 901629.000, 0.15, '2024-09-26'),
(284, 1825, 'RECIBO DE CAJA LA PLATA', 58, 26, 'NELSON FABIAN CUENCA VIEDA', NULL, '1079409746', 'M', '1990-12-10', 1, 804525.000, 683846.250, 0.15, '2024-09-27'),
(285, 1826, 'RECIBO DE CAJA LA PLATA', 62, 17, 'HERMELINDA  VOLVERAS GOLONDRINO', NULL, '36378918', 'F', '1960-09-09', 1, 321700.000, 273445.000, 0.15, '2024-09-27'),
(286, 1827, 'RECIBO DE CAJA LA PLATA', 46, 7, 'FRANCISCO ALBERTO HERNANDEZ MOSCOSO', NULL, '17290555', 'M', '1958-05-07', 1, 647280.000, 550188.000, 0.15, '2024-09-27'),
(287, 1828, 'RECIBO DE CAJA LA PLATA', 46, 7, 'SAUL  MARTINEZ MAHECHA', NULL, '4924768', 'M', '1942-06-01', 1, 647280.000, 550188.000, 0.15, '2024-09-27'),
(288, 1829, 'RECIBO DE CAJA LA PLATA', 23, 7, 'CENON MARIA URREA TITIMBO', NULL, '4915475', 'F', '1936-06-26', 1, 522666.000, 444266.100, 0.15, '2024-09-27'),
(289, 1830, 'RECIBO DE CAJA LA PLATA', 23, 26, 'MARTHA LEONOR YASNO CABRERA', NULL, '36377145', 'F', '1966-01-23', 1, 499175.250, 424298.962, 0.15, '2024-09-27'),
(290, 1831, 'RECIBO DE CAJA LA PLATA', 23, 7, 'ISABEL SOPHIA ESTRADA ANGEL', NULL, '1077226567', 'F', '2006-04-28', 1, 528539.000, 449258.150, 0.15, '2024-09-27'),
(291, 1832, 'RECIBO DE CAJA LA PLATA', 58, 13, 'KEVIN SANTIAGO RIVERA AMBITO', NULL, '1081401843', 'F', '2007-02-18', 1, 946500.000, 804525.000, 0.15, '2024-09-27'),
(292, 1833, 'RECIBO DE CAJA LA PLATA', 23, 30, 'DIDIMO  CHANTRE CRUZ', NULL, '12274993', 'M', '1967-07-20', 1, 587265.000, 499175.250, 0.15, '2024-09-28'),
(293, 1834, 'RECIBO DE CAJA LA PLATA', 55, 9, 'JOSE ERMINSUL GUEVARA CUNACUE', NULL, '1075235579', 'M', '1988-07-05', 1, 1254525.000, 1066346.250, 0.15, '2024-09-28'),
(294, 1835, 'RECIBO DE CAJA LA PLATA', 23, 27, 'CAROLINA  ESCARPETA HURTADO', NULL, '40783674', 'F', '1971-11-21', 1, 528539.000, 449258.150, 0.15, '2024-09-28'),
(295, 1836, 'RECIBO DE CAJA LA PLATA', 23, 26, 'VICTORIA NIKOLL PECHENE MUSSE', NULL, '1145829863', 'F', '2016-01-08', 1, 499175.250, 424298.962, 0.15, '2024-09-30'),
(296, 1837, 'RECIBO DE CAJA LA PLATA', 55, 27, 'LEIDY MALENA SALAZAR TOCOCHE', NULL, '1081402829', 'F', '2007-05-06', 1, 1301850.000, 1106572.500, 0.15, '2024-09-30'),
(297, 1838, 'RECIBO DE CAJA LA PLATA', 73, 9, 'ANDREY JULIAN CRUZ LOPEZ', NULL, '1019067862', 'M', '1992-02-11', 1, 1238545.000, 1052763.250, 0.15, '2024-09-30'),
(298, 1839, 'RECIBO DE CAJA LA PLATA', 55, 7, 'EMMA  MUÑOZ ROJAS', NULL, '1077847796', 'F', '1988-01-14', 1, 1301850.000, 1106572.500, 0.15, '2024-09-30'),
(299, 1840, 'RECIBO DE CAJA LA PLATA', 23, 9, 'MERCY SOFIA YACUECHIME ACHICUE', NULL, '1062087895', 'F', '2014-01-12', 1, 499175.000, 424298.750, 0.15, '2024-09-30'),
(300, 1841, 'RECIBO DE CAJA LA PLATA', 23, 7, 'LEIDY JOHANA BONILLA MEDINA', NULL, '1081416228', 'F', '1995-08-16', 1, 522666.000, 444266.100, 0.15, '2024-09-30'),
(301, 1842, 'RECIBO DE CAJA LA PLATA', 55, 26, 'DEBORA  CASTILLO MAÑOZCA', NULL, '26472964', 'F', '1936-08-23', 1, 1254524.000, 1066345.400, 0.15, '2024-09-30'),
(302, 1843, 'RECIBO DE CAJA LA PLATA', 23, 5, 'JHORMAN ALEXIS DIAZ QUIGUANAS', NULL, '1081401351', 'M', '2006-12-31', 1, 690900.000, 587265.000, 0.15, '2024-09-30'),
(303, 1843, 'RECIBO DE CAJA LA PLATA', 44, 5, 'JHORMAN ALEXIS DIAZ QUIGUANAS', NULL, '1081401351', 'M', '2006-12-31', 1, 643400.000, 546890.000, 0.15, '2024-09-30'),
(304, 1844, 'RECIBO DE CAJA LA PLATA', 23, 7, 'MARIA RUTH SALAZAR ACHIPIZ', NULL, '31535946', 'F', '1976-05-09', 1, 522666.000, 444266.100, 0.15, '2024-09-30'),
(305, 1845, 'RECIBO DE CAJA LA PLATA', 55, 7, 'SAUL  MARTINEZ MAHECHA', NULL, '4924768', 'M', '1942-06-01', 1, 1301850.000, 1106572.500, 0.15, '2024-09-30'),
(306, 1846, 'RECIBO DE CAJA LA PLATA', 23, 7, 'CENON MARIA URREA TITIMBO', NULL, '4915475', 'F', '1936-06-26', 1, 522666.000, 444266.100, 0.15, '2024-09-30'),
(307, 1847, 'RECIBO DE CAJA LA PLATA', 23, 26, 'SANTIAGO  VARGAS MEDINA', NULL, '4729159', 'M', '1942-07-22', 2, 499175.250, 424298.962, 0.15, '2024-09-30'),
(308, 1848, 'RECIBO DE CAJA LA PLATA', 23, 26, 'KAREN LIZETH PEREZ GUACHETA', NULL, '1081402471', 'F', '2007-04-16', 1, 499175.250, 424298.962, 0.15, '2024-09-30'),
(309, 1849, 'RECIBO DE CAJA LA PLATA', 64, 23, 'ESEQUIEL  LISCANO CLAVIJO', NULL, '12275249', 'M', '1971-08-25', 1, 589300.000, 500905.000, 0.15, '2024-09-30'),
(310, 1851, 'RECIBO DE CAJA LA PLATA', 23, 5, 'LILIANA  MEDINA PARDO', NULL, '1079508157', 'F', '1986-11-16', 1, 690900.000, 587265.000, 0.15, '2024-09-30'),
(311, 1852, 'RECIBO DE CAJA LA PLATA', 46, 11, 'JORGE  TRUJILLO POLANCO', NULL, '4915673', 'M', '1939-02-09', 1, 647280.000, 550188.000, 0.15, '2024-09-30'),
(312, 1852, 'RECIBO DE CAJA LA PLATA', 41, 11, 'JORGE  TRUJILLO POLANCO', NULL, '4915673', 'M', '1939-02-09', 1, 909060.000, 772701.000, 0.15, '2024-09-30'),
(313, 1854, 'RECIBO DE CAJA LA PLATA', 23, 27, 'MAILEN YARICZA PAJOY SANCHEZ', NULL, '1061228730', 'F', '2023-05-16', 1, 528539.000, 449258.150, 0.15, '2024-09-30'),
(314, 1855, 'RECIBO DE CAJA LA PLATA', 23, 11, 'YORLEDY  OSPINA GONZALEZ', NULL, '1080263287', 'F', '1992-11-03', 1, 528539.000, 449258.150, 0.15, '2024-09-30'),
(315, 1857, 'RECIBO DE CAJA LA PLATA', 46, 11, 'CERWIL ANTONIO COBA RODRIGUEZ', NULL, '1042466488', 'M', '1983-07-06', 1, 647280.000, 550188.000, 0.15, '2024-10-01'),
(316, 1858, 'RECIBO DE CAJA LA PLATA', 23, 26, 'YULIETH KATHERINE MUÑOZ SANCHEZ', NULL, '1007248787', 'F', '2000-04-13', 1, 499175.250, 424298.962, 0.15, '2024-10-01'),
(317, 1859, 'RECIBO DE CAJA LA PLATA', 72, 7, 'VILMA  SANCHEZ SANCHEZ', NULL, '36376202', 'F', '1962-06-20', 1, 1284930.000, 1092190.500, 0.15, '2024-10-01'),
(318, 1860, 'RECIBO DE CAJA LA PLATA', 23, 5, 'SANTIAGO  MUÑOZ CLAROS', NULL, '1004247028', 'M', '1999-12-09', 1, 690900.000, 587265.000, 0.15, '2024-10-01'),
(319, 1861, 'RECIBO DE CAJA LA PLATA', 46, 26, 'MARIA VALENTINA TOLEDO YUCUMA', NULL, '1145824351', 'F', '2008-01-08', 1, 611320.000, 519622.000, 0.15, '2024-10-01'),
(320, 1862, 'RECIBO DE CAJA LA PLATA', 58, 9, 'PEDRO JOSE DIAZ ISCO', NULL, '4767015', 'M', '1947-09-03', 1, 804525.000, 683846.250, 0.15, '2024-10-01'),
(321, 1863, 'RECIBO DE CAJA LA PLATA', 23, 26, 'LIZETH TATIANA FIGUEROA PUYO', NULL, '1004249829', 'F', '2002-12-02', 1, 499175.250, 424298.962, 0.15, '2024-10-01'),
(322, 1864, 'RECIBO DE CAJA LA PLATA', 46, 7, 'MARIA LEONOR ARIAS PICHICA', NULL, '36377674', 'F', '1964-11-28', 1, 647280.000, 550188.000, 0.15, '2024-10-01');
INSERT INTO `factura` (`id_factura`, `codigo_factura`, `nombre_archivo`, `id_procedimiento`, `id_entidad`, `nombre_paciente`, `tipo_id`, `id_paciente`, `sexo`, `fecha_nacimiento`, `cantidad`, `valor_unitario`, `valor_descuento`, `descuento`, `fecha_procedimiento`) VALUES
(323, 1865, 'RECIBO DE CAJA LA PLATA', 23, 26, 'MARIA JOSE HOYOS SOLARTE', NULL, '1081422989', 'F', '2017-12-23', 1, 499175.250, 424298.962, 0.15, '2024-10-01'),
(324, 1866, 'RECIBO DE CAJA LA PLATA', 23, 11, 'ISRAEL  RODRIGUEZ HEREDIA', NULL, '12267435', 'M', '1946-11-19', 1, 528539.000, 449258.150, 0.15, '2024-10-01'),
(325, 1867, 'RECIBO DE CAJA LA PLATA', 58, 27, 'JENNY CONSTANZA TRUJILLO SALAZAR', NULL, '25576865', 'F', '1984-09-14', 1, 851850.000, 724072.500, 0.15, '2024-10-01'),
(326, 1868, 'RECIBO DE CAJA LA PLATA', 23, 5, 'ROSY FRANCY TALAGA PERUCHO', NULL, '1081398385', 'F', '1987-07-17', 1, 690900.000, 587265.000, 0.15, '2024-10-01'),
(327, 1869, 'RECIBO DE CAJA LA PLATA', 23, 7, 'LUZ DARY PETTO VILLAQUIRA', NULL, '36382151', 'F', '1976-06-26', 1, 528539.000, 449258.150, 0.15, '2024-10-01'),
(328, 1870, 'RECIBO DE CAJA LA PLATA', 55, 7, 'MARIA FERNANDA SUNS VITOVIS', NULL, '1062083051', 'F', '2010-02-13', 1, 1301850.000, 1106572.500, 0.15, '2024-10-01'),
(329, 1871, 'RECIBO DE CAJA LA PLATA', 58, 9, 'YALMIR JAIRO MUÑOZ SALAZAR', NULL, '76357134', 'M', '1978-05-31', 1, 804525.000, 683846.250, 0.15, '2024-10-02'),
(330, 1872, 'RECIBO DE CAJA LA PLATA', 23, 9, 'JONATHAN ANDRES ACUÑA VASQUEZ', NULL, '1081415894', 'M', '1995-05-09', 1, 499175.000, 424298.750, 0.15, '2024-10-02'),
(331, 1873, 'RECIBO DE CAJA LA PLATA', 23, 26, 'ANGELA GORETY GUZMAN SANCHEZ', NULL, '1081409617', 'F', '2010-03-26', 1, 499175.250, 424298.962, 0.15, '2024-10-02'),
(332, 1874, 'RECIBO DE CAJA LA PLATA', 55, 26, 'ZURY SADAY SUNS CESPEDES', NULL, '1084577208', 'F', '2008-06-12', 1, 1254525.000, 1066346.250, 0.15, '2024-10-02'),
(333, 1875, 'RECIBO DE CAJA LA PLATA', 23, 27, 'JOSE LISARDO TROYANO PUYO', NULL, '1473721', 'M', '1952-10-29', 1, 528539.000, 449258.150, 0.15, '2024-10-02'),
(334, 1876, 'RECIBO DE CAJA LA PLATA', 23, 11, 'LILIANA ANDREA GODOY LOZANO', NULL, '55132367', 'F', '1985-12-08', 1, 528539.000, 449258.150, 0.15, '2024-10-02'),
(335, 1877, 'RECIBO DE CAJA LA PLATA', 23, 7, 'ILIA INES CERON', NULL, '27293899', 'F', '1947-03-20', 1, 528539.000, 449258.150, 0.15, '2024-10-02'),
(336, 1878, 'RECIBO DE CAJA LA PLATA', 23, 11, 'OVIDIO  VESGA', NULL, '91480579', 'M', '1975-03-29', 1, 528539.000, 449258.150, 0.15, '2024-10-02'),
(337, 1879, 'RECIBO DE CAJA LA PLATA', 23, 9, 'AURORA  MOLANO AGUIRRE', NULL, '36384259', 'F', '1979-06-19', 1, 499175.000, 424298.750, 0.15, '2024-10-02'),
(338, 1880, 'RECIBO DE CAJA LA PLATA', 23, 9, 'MAIRA ALEJANDRA CAMPO HUEGIA', NULL, '1145827869', 'F', '2012-11-04', 1, 499175.000, 424298.750, 0.15, '2024-10-02'),
(339, 1881, 'RECIBO DE CAJA LA PLATA', 23, 9, 'IBAN ESTEBAN MENZA CUETUMBO', NULL, '1062095644', 'M', '2022-11-21', 1, 499175.000, 424298.750, 0.15, '2024-10-02'),
(340, 1882, 'RECIBO DE CAJA LA PLATA', 46, 11, 'CINDY LORENA GUIJO TORRES', NULL, '1081396284', 'F', '1987-08-17', 1, 647280.000, 550188.000, 0.15, '2024-10-03'),
(341, 1883, 'RECIBO DE CAJA LA PLATA', 58, 26, 'DARLINSON  PEREZ VARGAS', NULL, '1081410866', 'M', '1992-07-02', 1, 804525.000, 683846.250, 0.15, '2024-10-03'),
(342, 1884, 'RECIBO DE CAJA LA PLATA', 55, 21, 'FELIX  LAGARES ALVAREZ', NULL, '1007898733', 'M', '2000-03-03', 1, 1396500.000, 1187025.000, 0.15, '2024-10-03'),
(343, 1885, 'RECIBO DE CAJA LA PLATA', 22, 7, 'CARMEN LID EMBUS MANCHOLA', NULL, '36375216', 'F', '1959-03-30', 1, 246840.000, 209814.000, 0.15, '2024-10-03'),
(344, 1886, 'RECIBO DE CAJA LA PLATA', 22, 17, 'FLOR EMILIA VARGAS RIVERA', NULL, '36383249', 'F', '1979-01-13', 1, 174200.000, 148070.000, 0.15, '2024-10-03'),
(345, 1887, 'RECIBO DE CAJA LA PLATA', 56, 26, 'MARLENY  MAZAVEL', NULL, '55130783', 'F', '1956-03-21', 1, 500905.000, 425769.250, 0.15, '2024-10-03'),
(346, 1888, 'RECIBO DE CAJA LA PLATA', 23, 45, 'BLANCA LILIA GARCIA BARRIOS', NULL, '1081398158', 'F', '1987-11-15', 1, 499175.250, 424298.962, 0.15, '2024-10-03'),
(347, 1889, 'RECIBO DE CAJA LA PLATA', 46, 21, 'LUIS CARLOS OYOLA TAPIA', NULL, '80147779', 'M', '1978-08-02', 1, 719200.000, 611320.000, 0.15, '2024-10-03'),
(348, 1890, 'RECIBO DE CAJA LA PLATA', 23, 11, 'CARMEN TULIA MARTINEZ GARCIA', NULL, '36378933', 'F', '1970-07-17', 1, 528539.000, 449258.150, 0.15, '2024-10-03'),
(349, 1891, 'RECIBO DE CAJA LA PLATA', 23, 7, 'STIVEN ARLEY QUENGUAN MARTINEZ', NULL, '1145827821', 'M', '2012-10-21', 1, 528539.000, 449258.150, 0.15, '2024-10-03'),
(350, 1892, 'RECIBO DE CAJA LA PLATA', 66, 14, 'SAYDA CAROLINA GOMEZ QUINTERO', NULL, '1081404162', 'F', '1990-01-09', 2, 1178600.000, 1001810.000, 0.15, '2024-10-03'),
(351, 1893, 'RECIBO DE CAJA LA PLATA', 23, 9, 'VICTOR MANUEL CANDELA LOSADA', NULL, '1081398694', 'M', '2006-01-13', 1, 499175.000, 424298.750, 0.15, '2024-10-03'),
(352, 1894, 'RECIBO DE CAJA LA PLATA', 23, 26, 'YEISSON  PANTOJA CAMPO', NULL, '1081395305', 'L', '2004-11-29', 1, 499175.250, 424298.962, 0.15, '2024-10-04'),
(353, 1895, 'RECIBO DE CAJA LA PLATA', 46, 26, 'JOSE IGNACIO LIZCANO YAZNO', NULL, '1624743', 'T', '1936-10-05', 1, 611320.000, 519622.000, 0.15, '2024-10-04'),
(354, 1896, 'RECIBO DE CAJA LA PLATA', 23, 10, 'NINI JOHANA TORRES MONTEALEGRE', NULL, '26522607', 'L', '1981-02-16', 1, 587265.000, 499175.250, 0.15, '2024-10-04'),
(355, 1897, 'RECIBO DE CAJA LA PLATA', 22, 17, 'MARIA OLGA SUNS QUISCUE', NULL, '25583982', 'L', '1969-12-03', 1, 174200.000, 148070.000, 0.15, '2024-10-04'),
(356, 1898, 'RECIBO DE CAJA LA PLATA', 22, 17, 'YINETH  CAMACHO ZUÑIGA', NULL, '36376336', 'L', '1962-12-13', 1, 174200.000, 148070.000, 0.15, '2024-10-04'),
(357, 1899, 'RECIBO DE CAJA LA PLATA', 22, 17, 'EDILMA  SERRATO CEPEDA', NULL, '36381176', 'L', '1970-06-21', 1, 174200.000, 148070.000, 0.15, '2024-10-04'),
(358, 1900, 'RECIBO DE CAJA LA PLATA', 23, 47, 'CAROLINA  MOLANO GONZALEZ', NULL, '1080266427', 'L', '1998-10-13', 1, 690900.000, 587265.000, 0.15, '2024-10-04'),
(359, 1901, 'RECIBO DE CAJA LA PLATA', 46, 7, 'MARIA ROSA ARRAHONDO', NULL, '1010033475', 'I', '1982-01-21', 1, 647280.000, 550188.000, 0.15, '2024-10-04'),
(360, 1902, 'RECIBO DE CAJA LA PLATA', 23, 5, 'DILAN ESTEBAN COLLO CHANTRE', NULL, '1081423548', 'L', '2018-01-20', 1, 690900.000, 587265.000, 0.15, '2024-10-04'),
(361, 1903, 'RECIBO DE CAJA LA PLATA', 55, 9, 'ELIECER  GUTIERREZ TITIMBO', NULL, '1493315', 'P', '1933-03-02', 1, 1254525.000, 1066346.250, 0.15, '2024-10-05'),
(362, 1904, 'RECIBO DE CAJA LA PLATA', 46, 9, 'JOSE RODRIGO CAMPO PACHO', NULL, '76006513', 'P', '1978-06-06', 1, 611320.000, 519622.000, 0.15, '2024-10-05'),
(363, 1905, 'RECIBO DE CAJA LA PLATA', 23, 21, 'JHON FREDY SALAZAR SUNS', NULL, '1084576472', 'L', '2005-08-29', 1, 587265.000, 499175.250, 0.15, '2024-10-07'),
(364, 1906, 'RECIBO DE CAJA LA PLATA', 23, 5, 'KEVIN ARBEY MEDINA SANZA', NULL, '1002980901', 'L', '2002-06-10', 1, 690900.000, 587265.000, 0.15, '2024-10-07'),
(365, 1906, 'RECIBO DE CAJA LA PLATA', 32, 5, 'KEVIN ARBEY MEDINA SANZA', NULL, '1002980901', 'L', '2002-06-10', 1, 758200.000, 644470.000, 0.15, '2024-10-07'),
(366, 1907, 'RECIBO DE CAJA LA PLATA', 23, 5, 'JONATHAN STEVEN BASTILLA LOPEZ', NULL, '1004081990', 'L', '2003-01-01', 1, 690900.000, 587265.000, 0.15, '2024-10-07'),
(367, 1907, 'RECIBO DE CAJA LA PLATA', 32, 5, 'JONATHAN STEVEN BASTILLA LOPEZ', NULL, '1004081990', 'L', '2003-01-01', 1, 758200.000, 644470.000, 0.15, '2024-10-07'),
(368, 1908, 'RECIBO DE CAJA LA PLATA', 23, 5, 'CLAMENCIA  GURRUTE GURRUTE', NULL, '1061702477', 'L', '1987-07-17', 1, 690900.000, 587265.000, 0.15, '2024-10-07'),
(369, 1909, 'RECIBO DE CAJA LA PLATA', 23, 27, 'DANIEL MAURICIO ORDOÑEZ PEREZ', NULL, '1004251522', 'L', '2000-09-23', 1, 528539.000, 449258.150, 0.15, '2024-10-07'),
(370, 1910, 'RECIBO DE CAJA LA PLATA', 23, 11, 'RUDDY MAHUAMPI MORERA MUÑOZ', NULL, '1144062146', 'L', '1993-06-04', 1, 528539.000, 449258.150, 0.15, '2024-10-07'),
(371, 1911, 'RECIBO DE CAJA LA PLATA', 23, 9, 'DIEGO ALEJANDRO OIDOR AMBITO', NULL, '1061222994', 'L', '2010-09-23', 1, 499175.000, 424298.750, 0.15, '2024-10-07'),
(372, 1912, 'RECIBO DE CAJA LA PLATA', 23, 21, 'NORMA CONSTANZA CASTRO VALENCIA', NULL, '55130487', 'L', '1982-05-17', 1, 587265.000, 499175.250, 0.15, '2024-10-07'),
(373, 1913, 'RECIBO DE CAJA LA PLATA', 23, 7, 'JESUS IZNARDO TENORIO FIESCO', NULL, '1081421556', 'L', '1997-02-07', 1, 528539.000, 449258.150, 0.15, '2024-10-07'),
(374, 1914, 'RECIBO DE CAJA LA PLATA', 23, 44, 'CARMEN ROSA CRUZ CORDOBA', NULL, '36381607', 'L', '1975-10-13', 1, 587265.000, 499175.250, 0.15, '2024-10-07'),
(375, 1915, 'RECIBO DE CAJA LA PLATA', 55, 9, 'JOSE RODRIGO CAMPO PACHO', NULL, '76006513', 'P', '1978-06-06', 1, 1254525.000, 1066346.250, 0.15, '2024-10-07'),
(376, 1916, 'RECIBO DE CAJA LA PLATA', 23, 27, 'CESAR ANDRES ALVIRA ROJAS', NULL, '1004248396', 'L', '2002-03-17', 1, 528539.000, 449258.150, 0.15, '2024-10-07'),
(377, 1916, 'RECIBO DE CAJA LA PLATA', 32, 27, 'CESAR ANDRES ALVIRA ROJAS', NULL, '1004248396', 'L', '2002-03-17', 1, 682380.000, 580023.000, 0.15, '2024-10-07'),
(378, 1917, 'RECIBO DE CAJA LA PLATA', 24, 17, 'SANDRA MILENA NOVOA ROJAS', NULL, '1069740088', 'F', '1992-07-21', 1, 379100.000, 322235.000, 0.15, '2024-10-07'),
(379, 1918, 'RECIBO DE CAJA LA PLATA', 23, 45, 'ALVARO ERNESTO MARTINEZ GONZALEZ', NULL, '18924730', 'M', '1972-05-13', 1, 499175.250, 424298.962, 0.15, '2024-10-07'),
(380, 1919, 'RECIBO DE CAJA LA PLATA', 23, 26, 'MARIA NEIDI MARILIN ACHIPIZ MOROCHO', NULL, '1062079333', 'F', '1987-05-22', 1, 499175.250, 424298.962, 0.15, '2024-10-07'),
(381, 1920, 'RECIBO DE CAJA LA PLATA', 23, 14, 'YOJAN ALEXIS MUÑOZ FONNEGRA', NULL, '1087188089', 'M', '2008-08-30', 1, 690900.000, 587265.000, 0.15, '2024-10-08'),
(382, 1920, 'RECIBO DE CAJA LA PLATA', 32, 14, 'YOJAN ALEXIS MUÑOZ FONNEGRA', NULL, '1087188089', 'M', '2008-08-30', 1, 758200.000, 644470.000, 0.15, '2024-10-08'),
(383, 1920, 'RECIBO DE CAJA LA PLATA', 44, 14, 'YOJAN ALEXIS MUÑOZ FONNEGRA', NULL, '1087188089', 'M', '2008-08-30', 1, 643400.000, 546890.000, 0.15, '2024-10-08'),
(384, 1921, 'RECIBO DE CAJA LA PLATA', 23, 14, 'SARA NICOLE FIERRO ANGEL', NULL, '1081401753', 'F', '2007-01-06', 1, 690900.000, 587265.000, 0.15, '2024-10-08'),
(385, 1921, 'RECIBO DE CAJA LA PLATA', 44, 14, 'SARA NICOLE FIERRO ANGEL', NULL, '1081401753', 'F', '2007-01-06', 1, 643400.000, 546890.000, 0.15, '2024-10-08'),
(386, 1922, 'RECIBO DE CAJA LA PLATA', 23, 5, 'JHONATAN DAVID PERALTA MACCA', NULL, '1081398490', 'M', '2005-12-26', 1, 690900.000, 587265.000, 0.15, '2024-10-08'),
(387, 1923, 'RECIBO DE CAJA LA PLATA', 59, 27, 'DANIEL MAURICIO ORDOÑEZ PEREZ', NULL, '1004251522', 'M', '2000-09-23', 1, 1181850.000, 1004572.500, 0.15, '2024-10-08'),
(388, 1924, 'RECIBO DE CAJA LA PLATA', 23, 26, 'NICOLAS  CHAUX ATUESTA', NULL, '1117486226', 'M', '2002-04-29', 1, 499175.250, 424298.962, 0.15, '2024-10-08'),
(389, 1925, 'RECIBO DE CAJA LA PLATA', 23, 12, 'ROSA ELVIRA ERAZO OTERO', NULL, '31936700', 'F', '1963-08-20', 1, 587265.000, 499175.250, 0.15, '2024-10-08'),
(390, 1926, 'RECIBO DE CAJA LA PLATA', 22, 11, 'MARIA MAGDALENA GUAJI', NULL, '36376759', 'F', '1964-07-21', 1, 246840.000, 209814.000, 0.15, '2024-10-08'),
(391, 1927, 'RECIBO DE CAJA LA PLATA', 46, 26, 'MICHELL DAYANA AGUDELO CRUZ', NULL, '1145829586', 'F', '2015-09-03', 1, 611320.000, 519622.000, 0.15, '2024-10-08'),
(392, 1928, 'RECIBO DE CAJA LA PLATA', 46, 7, 'DOMINGO  RAMOS ULTENGO', NULL, '4925536', 'M', '1957-11-17', 1, 647280.000, 550188.000, 0.15, '2024-10-08'),
(393, 1929, 'RECIBO DE CAJA LA PLATA', 23, 27, 'DANIEL MAURICIO ORDOÑEZ PEREZ', NULL, '1004251522', 'M', '2000-09-23', 1, 528539.000, 449258.150, 0.15, '2024-10-08'),
(394, 1930, 'RECIBO DE CAJA LA PLATA', 23, 26, 'EDNA ROCIO CANDELA SILVA', NULL, '1081411634', 'F', '1993-01-12', 1, 499175.250, 424298.962, 0.15, '2024-10-08'),
(395, 1931, 'RECIBO DE CAJA LA PLATA', 23, 9, 'MARTHA CECILIA VOLVERAS COLLO', NULL, '25561789', 'F', '1977-12-28', 1, 499175.000, 424298.750, 0.15, '2024-10-08'),
(396, 1932, 'RECIBO DE CAJA LA PLATA', 55, 7, 'BLANCA CECILIA YUNDA GUEVARA', NULL, '36377216', 'F', '1965-05-02', 1, 1301850.000, 1106572.500, 0.15, '2024-10-08'),
(397, 1933, 'RECIBO DE CAJA LA PLATA', 58, 26, 'JHON EDINSON CRUZ ICO', NULL, '1081413908', 'M', '1994-05-06', 1, 804525.000, 683846.250, 0.15, '2024-10-09'),
(398, 1934, 'RECIBO DE CAJA LA PLATA', 23, 17, 'MARIA DEL SOCORRO OVIEDO ARIAS', NULL, '26509897', 'F', '1956-07-31', 1, 352400.000, 299540.000, 0.15, '2024-10-09'),
(399, 1935, 'RECIBO DE CAJA LA PLATA', 22, 11, 'BIBIANA  LUNA PERDOMO', NULL, '36377192', 'F', '1966-01-02', 1, 246840.000, 209814.000, 0.15, '2024-10-09'),
(400, 1936, 'RECIBO DE CAJA LA PLATA', 54, 9, 'ANYI CAROLINA VIVAS UNAS', NULL, '1081407746', 'F', '2009-04-24', 1, 1254525.000, 1066346.250, 0.15, '2024-10-09'),
(401, 1937, 'RECIBO DE CAJA LA PLATA', 23, 26, 'MERY FLOREZ DE SALAS', NULL, '26520740', 'F', '1946-03-16', 1, 499175.250, 424298.962, 0.15, '2024-10-09'),
(402, 1938, 'RECIBO DE CAJA LA PLATA', 58, 44, 'CARLOS JULIO LOSADA QUINTERO QUINTERO', NULL, '12273415', 'M', '1967-11-03', 1, 946500.000, 804525.000, 0.15, '2024-10-09'),
(403, 1939, 'RECIBO DE CAJA LA PLATA', 23, 26, 'CLEOTILDE LOPEZ PUENTES', NULL, '26518849', 'F', '1941-04-13', 1, 499175.250, 424298.962, 0.15, '2024-10-09'),
(404, 1940, 'RECIBO DE CAJA LA PLATA', 25, 11, 'ANA GALINA DELGADO INTRIAGO', NULL, '55130895', 'F', '1960-06-22', 1, 781470.000, 664249.500, 0.15, '2024-10-09'),
(405, 1941, 'RECIBO DE CAJA LA PLATA', 23, 15, 'WILSON FABIAN SANCHEZ RIVERA', NULL, '1004250428', 'M', '2003-03-21', 1, 690900.000, 587265.000, 0.15, '2024-10-10'),
(406, 1942, 'RECIBO DE CAJA LA PLATA', 23, 5, 'EDNA SOFIA TRUJILLO ASTUDILLO', NULL, '36383084', 'F', '1978-10-29', 1, 690900.000, 587265.000, 0.15, '2024-10-10'),
(407, 1943, 'RECIBO DE CAJA LA PLATA', 23, 9, 'MARIELA BUSCUE BUSCUE CAINAS', NULL, '1081414565', 'F', '1994-08-28', 1, 499175.000, 424298.750, 0.15, '2024-10-10'),
(408, 1944, 'RECIBO DE CAJA LA PLATA', 23, 7, 'MARIELA BUSCUE BUSCUE CAINAS', NULL, '1081414565', 'F', '1994-08-28', 1, 528539.000, 449258.150, 0.15, '2024-10-10'),
(409, 1945, 'RECIBO DE CAJA LA PLATA', 23, 9, 'PRIMITIVO  CUELLO LEMECHE', NULL, '4688031', 'M', '1945-09-03', 1, 499175.000, 424298.750, 0.15, '2024-10-10'),
(410, 1946, 'RECIBO DE CAJA LA PLATA', 23, 7, 'DIANA FERNANDA BELTRAN MOPAN', NULL, '1084900556', 'F', '1994-06-02', 1, 528539.000, 449258.150, 0.15, '2024-10-10'),
(411, 1947, 'RECIBO DE CAJA LA PLATA', 58, 27, 'JULIAN  GUETOCUE', NULL, '4688253', 'F', '1960-10-25', 1, 851850.000, 724072.500, 0.15, '2024-10-10'),
(412, 1948, 'RECIBO DE CAJA LA PLATA', 54, 10, 'YOLANDA  CABRERA ORTIZ', NULL, '26470082', 'F', '1954-03-06', 1, 1396500.000, 1187025.000, 0.15, '2024-10-10'),
(413, 1949, 'RECIBO DE CAJA LA PLATA', 72, 10, 'YOLANDA  CABRERA ORTIZ', NULL, '26470082', 'F', '1954-03-06', 1, 1099500.000, 934575.000, 0.15, '2024-10-10'),
(414, 1950, 'RECIBO DE CAJA LA PLATA', 54, 26, 'MESIAS  GALEANO ARIAS', NULL, '12280486', 'M', '1980-09-24', 1, 1254525.000, 1066346.250, 0.15, '2024-10-10'),
(415, 1951, 'RECIBO DE CAJA LA PLATA', 58, 44, 'LUIS HERNANDO ROJAS CHAPEÑO', NULL, '12269771', 'L', '1959-06-22', 1, 946500.000, 804525.000, 0.15, '2024-10-11'),
(416, 1952, 'RECIBO DE CAJA LA PLATA', 46, 7, 'JOSE MARIA LISCANO CUCHIMBA', NULL, '4687530', 'I', '1938-04-30', 1, 647280.000, 550188.000, 0.15, '2024-10-11'),
(417, 1953, 'RECIBO DE CAJA LA PLATA', 23, 26, 'MARIA LEONOR MEDINA TORRES', NULL, '36376036', 'L', '1942-08-10', 1, 499175.250, 424298.962, 0.15, '2024-10-11'),
(418, 1954, 'RECIBO DE CAJA LA PLATA', 44, 4, 'LOTI VALENTINA VALDERRAMA SOTO', NULL, '1081418153', 'L', '1996-08-09', 1, 579060.000, 492201.000, 0.15, '2024-10-11'),
(419, 1956, 'RECIBO DE CAJA LA PLATA', 46, 26, 'MARIA LEONOR MEDINA TORRES', NULL, '36376036', 'L', '1942-08-10', 1, 611320.000, 519622.000, 0.15, '2024-10-11'),
(420, 1957, 'RECIBO DE CAJA LA PLATA', 56, 4, 'LOTI VALENTINA VALDERRAMA SOTO', NULL, '1081418153', 'L', '1996-08-09', 1, 530370.000, 450814.500, 0.15, '2024-10-11'),
(421, 1958, 'RECIBO DE CAJA LA PLATA', 23, 26, 'CARLOS ALFREDO LEIVA AMEZQUITA', NULL, '1075273626', 'T', '1993-08-23', 1, 499175.250, 424298.962, 0.15, '2024-10-11'),
(422, 1959, 'RECIBO DE CAJA LA PLATA', 40, 26, 'CARLOS ALFREDO LEIVA AMEZQUITA', NULL, '1075273626', 'T', '1993-08-23', 1, 546890.000, 464856.500, 0.15, '2024-10-12'),
(423, 1959, 'RECIBO DE CAJA LA PLATA', 46, 26, 'CARLOS ALFREDO LEIVA AMEZQUITA', NULL, '1075273626', 'T', '1993-08-23', 1, 611320.000, 519622.000, 0.15, '2024-10-12'),
(424, 1960, 'RECIBO DE CAJA LA PLATA', 46, 26, 'DIOFANTE  BASTIDAS RAMIREZ', NULL, '4899521', 'L', '1962-10-21', 1, 611320.000, 519622.000, 0.15, '2024-10-15'),
(425, 1961, 'RECIBO DE CAJA LA PLATA', 46, 26, 'NORELLY  CASAMACHIN CALAPSU', NULL, '1081421169', 'L', '1998-08-29', 1, 941320.000, 800122.000, 0.15, '2024-10-15'),
(426, 1962, 'RECIBO DE CAJA LA PLATA', 23, 7, 'LAURA DANIELA NINCO POLO', NULL, '1079509553', 'P', '2015-01-06', 1, 528539.000, 449258.150, 0.15, '2024-10-15'),
(427, 1963, 'RECIBO DE CAJA LA PLATA', 23, 26, 'EDUARD ANDRES GUARACA PETTO', NULL, '1084576399', 'N', '2005-06-22', 1, 499175.250, 424298.962, 0.15, '2024-10-15'),
(428, 1964, 'RECIBO DE CAJA LA PLATA', 58, 26, 'MARIA DOLORES MEDINA DE SANCHEZ', NULL, '36375538', 'L', '1953-07-10', 1, 804525.000, 683846.250, 0.15, '2024-10-15'),
(429, 1965, 'RECIBO DE CAJA LA PLATA', 23, 16, 'FLORENID  PLAZAS', NULL, '25561425', 'P', '1972-09-03', 1, 690900.000, 587265.000, 0.15, '2024-10-15'),
(430, 1966, 'RECIBO DE CAJA LA PLATA', 23, 16, 'MILTON CESAR QUINA GUTIERREZ', NULL, '12277134', 'L', '1974-10-15', 1, 690900.000, 587265.000, 0.15, '2024-10-15'),
(431, 1967, 'RECIBO DE CAJA LA PLATA', 55, 9, 'HERSON MAYIBER TIAFI CUETOCUE', NULL, '1062086032', 'L', '1993-08-26', 1, 1254525.000, 1066346.250, 0.15, '2024-10-15'),
(432, 1967, 'RECIBO DE CAJA LA PLATA', 46, 9, 'HERSON MAYIBER TIAFI CUETOCUE', NULL, '1062086032', 'L', '1993-08-26', 1, 611320.000, 519622.000, 0.15, '2024-10-15'),
(433, 1968, 'RECIBO DE CAJA LA PLATA', 55, 26, 'ELIAN FERNANDO SAMBONI LONDO', NULL, '1117939231', 'N', '2014-11-14', 1, 1254525.000, 1066346.250, 0.15, '2024-10-15'),
(434, 1969, 'RECIBO DE CAJA LA PLATA', 23, 26, 'DIOFANTE  BASTIDAS RAMIREZ', NULL, '4899521', 'L', '1962-10-21', 1, 499175.250, 424298.962, 0.15, '2024-10-15'),
(435, 1970, 'RECIBO DE CAJA LA PLATA', 23, 5, 'RAMIRO  ARRIGUI COLLAZOS', NULL, '12274248', 'L', '1969-11-27', 1, 690900.000, 587265.000, 0.15, '2024-10-15'),
(436, 1971, 'RECIBO DE CAJA LA PLATA', 23, 14, 'MARINA  BONILLA SUAREZ', NULL, '26541405', 'L', '1961-04-20', 1, 690900.000, 587265.000, 0.15, '2024-10-15'),
(437, 1972, 'RECIBO DE CAJA LA PLATA', 23, 9, 'SECUNDINO  QUINTO OINO', NULL, '76357488', 'I', '1956-10-10', 1, 499175.000, 424298.750, 0.15, '2024-10-15'),
(438, 1973, 'RECIBO DE CAJA LA PLATA', 23, 26, 'JESUS ENRIQUE RIOS LEON', NULL, '4762583', 'P', '1946-12-31', 1, 499175.250, 424298.962, 0.15, '2024-10-15'),
(439, 1974, 'RECIBO DE CAJA LA PLATA', 55, 9, 'ALDEMAR  PASOS', NULL, '76006363', 'L', '1977-01-25', 1, 1254525.000, 1066346.250, 0.15, '2024-10-15'),
(440, 1975, 'RECIBO DE CAJA LA PLATA', 47, 26, 'MANUEL  MANCHOLA CASANOVA', NULL, '12267615', 'L', '1945-07-09', 1, 941320.000, 800122.000, 0.15, '2024-10-15'),
(441, 1975, 'RECIBO DE CAJA LA PLATA', 25, 26, 'MANUEL  MANCHOLA CASANOVA', NULL, '12267615', 'L', '1945-07-09', 1, 738055.000, 627346.750, 0.15, '2024-10-15'),
(442, 1975, 'RECIBO DE CAJA LA PLATA', 44, 26, 'MANUEL  MANCHOLA CASANOVA', NULL, '12267615', 'L', '1945-07-09', 1, 546890.000, 464856.500, 0.15, '2024-10-15'),
(443, 1976, 'RECIBO DE CAJA LA PLATA', 46, 9, 'PRIMITIVO  CUELLO LEMECHE', NULL, '4688031', 'I', '1945-09-03', 1, 611320.000, 519622.000, 0.15, '2024-10-15'),
(444, 1977, 'RECIBO DE CAJA LA PLATA', 23, 16, 'JOSE IZNARDO CAMPO SANABRIA', NULL, '1081414563', 'L', '1994-08-22', 1, 690900.000, 587265.000, 0.15, '2024-10-15'),
(445, 1977, 'RECIBO DE CAJA LA PLATA', 32, 16, 'JOSE IZNARDO CAMPO SANABRIA', NULL, '1081414563', 'L', '1994-08-22', 1, 758200.000, 644470.000, 0.15, '2024-10-15'),
(446, 1978, 'RECIBO DE CAJA LA PLATA', 55, 7, 'CINDY LORENA LOSADA CAMAYO', NULL, '1081395541', 'L', '2005-01-05', 1, 1301850.000, 1106572.500, 0.15, '2024-10-15'),
(447, 1979, 'RECIBO DE CAJA LA PLATA', 55, 26, 'ANGELA LORENA SONS OCHOA', NULL, '1081412491', 'L', '2011-09-01', 1, 1254525.000, 1066346.250, 0.15, '2024-10-15'),
(448, 1980, 'RECIBO DE CAJA LA PLATA', 46, 26, 'MANUEL  MANCHOLA CASANOVA', NULL, '12267615', 'L', '1945-07-09', 1, 611320.000, 519622.000, 0.15, '2024-10-15'),
(449, 1981, 'RECIBO DE CAJA LA PLATA', 44, 26, 'OFELIA  MUÑOZ IDROBO', NULL, '34531523', 'L', '1955-03-09', 1, 546890.000, 464856.500, 0.15, '2024-10-15'),
(450, 1982, 'RECIBO DE CAJA LA PLATA', 23, 14, 'ANDERSON STIVENS MUÑOZ BOLAÑOS', NULL, '1004251249', 'L', '2003-09-21', 1, 690900.000, 587265.000, 0.15, '2024-10-15'),
(451, 1983, 'RECIBO DE CAJA LA PLATA', 44, 27, 'SANDRA YINETH TROCHES SANCHEZ', NULL, '1081397386', 'L', '1987-06-05', 2, 579060.000, 492201.000, 0.15, '2024-10-15'),
(452, 1984, 'RECIBO DE CAJA LA PLATA', 55, 26, 'NELCY PAOLA ORDOÑEZ VELASCO', NULL, '1004248333', 'L', '2002-02-22', 1, 1254525.000, 1066346.250, 0.15, '2024-10-15'),
(453, 1985, 'RECIBO DE CAJA LA PLATA', 23, 44, 'MELANY SHAIRET OCORO ARENAS', NULL, '1081419775', 'L', '2015-08-06', 1, 587265.000, 499175.250, 0.15, '2024-10-15'),
(454, 1986, 'RECIBO DE CAJA LA PLATA', 55, 9, 'MARIA CONSUELO ORDOÑEZ FLOR', NULL, '36383251', 'L', '1978-06-05', 1, 1254525.000, 1066346.250, 0.15, '2024-10-15'),
(455, 1987, 'RECIBO DE CAJA LA PLATA', 46, 26, 'JOSE MARIA SILVA ORTIZ', NULL, '4707441', 'L', '1941-08-31', 1, 611320.000, 519622.000, 0.15, '2024-10-15'),
(456, 1988, 'RECIBO DE CAJA LA PLATA', 23, 26, 'ABIGAIL  PACHONGO', NULL, '26522306', 'L', '1955-09-24', 1, 499175.250, 424298.962, 0.15, '2024-10-15'),
(457, 1989, 'RECIBO DE CAJA LA PLATA', 23, 26, 'ISMAEL  PENNA MULCUE', NULL, '4687741', 'L', '1948-09-08', 1, 499175.250, 424298.962, 0.15, '2024-10-15'),
(458, 1990, 'RECIBO DE CAJA LA PLATA', 23, 44, 'YERICK SANTIAGO GOLONDRINO CALAMBAS', NULL, '1145826979', 'F', '2011-11-19', 1, 587265.000, 499175.250, 0.15, '2024-10-15'),
(459, 1991, 'RECIBO DE CAJA LA PLATA', 22, 11, 'LUZ MARINA PATIÑO MOLINA', NULL, '36376053', 'F', '1961-03-02', 1, 246840.000, 209814.000, 0.15, '2024-10-15'),
(460, 1992, 'RECIBO DE CAJA LA PLATA', 23, 17, 'JUAN CAMILO EMBUS IQUIRA', NULL, '1004473244', 'M', '2000-08-13', 1, 352400.000, 299540.000, 0.15, '2024-10-15'),
(461, 1993, 'RECIBO DE CAJA LA PLATA', 23, 27, 'MARIA EUGENIA ZAMBRANO ROBLEDO', NULL, '1081399494', 'F', '1988-03-25', 1, 528539.000, 449258.150, 0.15, '2024-10-15'),
(462, 1994, 'RECIBO DE CAJA LA PLATA', 22, 17, 'NORMA CONSTANZA DIAZ RAMIREZ', NULL, '26515656', 'F', '1973-10-02', 1, 174200.000, 148070.000, 0.15, '2024-10-15'),
(463, 1995, 'RECIBO DE CAJA LA PLATA', 23, 27, 'ANDERSON ESTIVEN LUGO MONTENEGRO', NULL, '1059246607', 'M', '2013-11-23', 1, 528539.000, 449258.150, 0.15, '2024-10-15'),
(464, 1996, 'RECIBO DE CAJA LA PLATA', 32, 14, 'SARA NICOLE FIERRO ANGEL', NULL, '1081401753', 'F', '2007-01-06', 1, 758200.000, 644470.000, 0.15, '2024-10-15'),
(465, 1997, 'RECIBO DE CAJA LA PLATA', 23, 7, 'MATHIAS  ANACONA CORTES', NULL, '1081618728', 'M', '2020-05-14', 1, 528539.000, 449258.150, 0.15, '2024-10-15'),
(466, 1998, 'RECIBO DE CAJA LA PLATA', 73, 26, 'NORELLY  CASAMACHIN CALAPSU', NULL, '1081421169', 'F', '1998-08-29', 1, 1238545.000, 1052763.250, 0.15, '2024-10-15'),
(467, 1999, 'RECIBO DE CAJA LA PLATA', 25, 7, 'DYLAN SEBASTIAN POPAYAN LULIGO', NULL, '1081426246', 'M', '2020-12-02', 1, 781470.000, 664249.500, 0.15, '2024-10-15'),
(468, 2000, 'RECIBO DE CAJA LA PLATA', 23, 9, 'YORYIN ALEXIS NEZ LIS', NULL, '1062081694', 'M', '2009-02-13', 1, 499175.000, 424298.750, 0.15, '2024-10-16'),
(469, 2001, 'RECIBO DE CAJA LA PLATA', 44, 7, 'WILFRIDO  HERNANDEZ QUINTERO', NULL, '1064109347', 'M', '1988-01-30', 1, 579626.000, 492682.100, 0.15, '2024-10-16'),
(470, 2002, 'RECIBO DE CAJA LA PLATA', 58, 26, 'RUBEN  CUMBE', NULL, '7718483', 'M', '1981-01-09', 1, 804525.000, 683846.250, 0.15, '2024-10-16'),
(471, 2003, 'RECIBO DE CAJA LA PLATA', 23, 46, 'MARLENY  QUIRA CHANTRE', NULL, '51669635', 'F', '1960-11-21', 1, 587265.000, 499175.250, 0.15, '2024-10-16'),
(472, 2004, 'RECIBO DE CAJA LA PLATA', 58, 10, 'WILLIAN HERNAN OLIVERA DIAZ', NULL, '12191976', 'M', '1967-05-09', 1, 946500.000, 804525.000, 0.15, '2024-10-16'),
(473, 2005, 'RECIBO DE CAJA LA PLATA', 23, 11, 'SANDRA LILIANA SIERRA SALAZAR', NULL, '1081419237', 'F', '1997-05-04', 1, 528539.000, 449258.150, 0.15, '2024-10-16'),
(474, 2006, 'RECIBO DE CAJA LA PLATA', 46, 7, 'CARLOS ANDRES TOCOCHO VARGAS', NULL, '1062083300', 'M', '1992-05-25', 1, 647280.000, 550188.000, 0.15, '2024-10-16'),
(475, 2007, 'RECIBO DE CAJA LA PLATA', 23, 5, 'JAVIER ANDRES SERRATO PEREZ', NULL, '1081412955', 'M', '1993-10-24', 1, 690900.000, 587265.000, 0.15, '2024-10-16'),
(476, 2008, 'RECIBO DE CAJA LA PLATA', 44, 5, 'JAVIER ANDRES SERRATO PEREZ', NULL, '1081412955', 'M', '1993-10-24', 1, 643400.000, 546890.000, 0.15, '2024-10-16'),
(477, 2009, 'RECIBO DE CAJA LA PLATA', 24, 9, 'SECUNDINO  QUINTO OINO', NULL, '76357488', 'M', '1956-10-10', 1, 644470.000, 547799.500, 0.15, '2024-10-16'),
(478, 2010, 'RECIBO DE CAJA LA PLATA', 22, 11, 'MARTHA LILI VALENCIA ROJAS', NULL, '36380311', 'F', '1969-10-01', 1, 246840.000, 209814.000, 0.15, '2024-10-16'),
(479, 2011, 'RECIBO DE CAJA LA PLATA', 23, 27, 'MIRYAM YICELA PAYA PENA', NULL, '1062078619', 'F', '2000-06-06', 1, 528539.000, 449258.150, 0.15, '2024-10-17'),
(480, 2012, 'RECIBO DE CAJA LA PLATA', 23, 9, 'NIXON FERNEY PAJA YAQUI', NULL, '1145827331', 'M', '2012-04-25', 1, 499175.000, 424298.750, 0.15, '2024-10-17'),
(481, 2014, 'RECIBO DE CAJA LA PLATA', 23, 7, 'ELID YULIANA CASO MEDINA', NULL, '1145830867', 'F', '2016-12-13', 1, 528539.000, 449258.150, 0.15, '2024-10-17'),
(482, 2015, 'RECIBO DE CAJA LA PLATA', 66, 14, 'JOSE HOLMES CASSO ZUÑIGA', NULL, '12280567', 'M', '1980-06-04', 1, 589300.000, 500905.000, 0.15, '2024-10-17'),
(483, 2016, 'RECIBO DE CAJA LA PLATA', 23, 26, 'CARMEN ELENA QUINAYAS MAMIAN', NULL, '25478648', 'F', '1950-09-25', 1, 499175.250, 424298.962, 0.15, '2024-10-17'),
(484, 2017, 'RECIBO DE CAJA LA PLATA', 46, 26, 'NUBIA  RODRIGUEZ CALDON', NULL, '36382249', 'F', '1975-11-22', 1, 611320.000, 519622.000, 0.15, '2024-10-17'),
(485, 2018, 'RECIBO DE CAJA LA PLATA', 23, 7, 'YULIANA MARCELA PEREZ LISCANO', NULL, '1061220761', 'F', '2007-07-15', 1, 528539.000, 449258.150, 0.15, '2024-10-18'),
(486, 2019, 'RECIBO DE CAJA LA PLATA', 46, 9, 'ALFREDO  MEDINA CUCHIMBA', NULL, '12267822', 'M', '1949-07-31', 1, 611320.000, 519622.000, 0.15, '2024-10-18'),
(487, 2020, 'RECIBO DE CAJA LA PLATA', 46, 49, 'NORA LIBRADA YEPES ARBOLEDA', NULL, '26522062', 'F', '1942-12-03', 1, 611320.000, 519622.000, 0.15, '2024-10-18'),
(488, 2021, 'RECIBO DE CAJA LA PLATA', 54, 7, 'LEONOR  NARVAEZ GUTIERREZ', NULL, '25454124', 'F', '1969-02-16', 1, 1301850.000, 1106572.500, 0.15, '2024-10-18'),
(489, 2022, 'RECIBO DE CAJA LA PLATA', 23, 26, 'LUZ MYRIAM LOSADA MEDINA', NULL, '36377416', 'F', '1966-10-21', 1, 499175.250, 424298.962, 0.15, '2024-10-18'),
(490, 2022, 'RECIBO DE CAJA LA PLATA', 54, 26, 'LUZ MYRIAM LOSADA MEDINA', NULL, '36377416', 'F', '1966-10-21', 1, 1254525.000, 1066346.250, 0.15, '2024-10-18'),
(491, 2023, 'RECIBO DE CAJA LA PLATA', 23, 26, 'NATHALY SOFIA ESPEJO MUELAS', NULL, '1145824876', 'F', '2009-06-18', 1, 499175.250, 424298.962, 0.15, '2024-10-18'),
(492, 2024, 'RECIBO DE CAJA LA PLATA', 23, 17, 'MAYERLY ALEJANDRA LEGARDA QUILCUE', NULL, '1061791267', 'F', '1996-06-21', 1, 352400.000, 299540.000, 0.15, '2024-10-18'),
(493, 2025, 'RECIBO DE CAJA LA PLATA', 23, 26, 'TULIO  PENCUE VOLVERAS', NULL, '4687075', 'M', '1962-02-10', 1, 499175.250, 424298.962, 0.15, '2024-10-18'),
(494, 2026, 'RECIBO DE CAJA LA PLATA', 23, 26, 'CARMEN ELENA QUINAYAS MAMIAN', NULL, '25478648', 'F', '1950-09-25', 1, 499175.250, 424298.962, 0.15, '2024-10-18'),
(495, 2027, 'RECIBO DE CAJA LA PLATA', 22, 11, 'CAROLINA  CRUZ TOVAR', NULL, '1070009296', 'F', '1990-04-09', 1, 246840.000, 209814.000, 0.15, '2024-10-18'),
(496, 2028, 'RECIBO DE CAJA LA PLATA', 23, 21, 'EDINSON  MOSQUERA MENDEZ', NULL, '1126138517', 'M', '1989-12-20', 1, 587265.000, 499175.250, 0.15, '2024-10-18'),
(497, 2029, 'RECIBO DE CAJA LA PLATA', 58, 11, 'REINALDO  ARCE CASANOVA', NULL, '4882829', 'M', '1963-06-12', 1, 851850.000, 724072.500, 0.15, '2024-10-18'),
(498, 2030, 'RECIBO DE CAJA LA PLATA', 23, 26, 'RICARDO  MEDINA SANCHEZ', NULL, '1082156721', 'M', '1939-12-06', 1, 499175.250, 424298.962, 0.15, '2024-10-18'),
(499, 2031, 'RECIBO DE CAJA LA PLATA', 23, 17, 'MILVIA RUTH YANDE MOSQUERA', NULL, '26527127', 'F', '1963-09-22', 1, 352400.000, 299540.000, 0.15, '2024-10-18'),
(500, 2032, 'RECIBO DE CAJA LA PLATA', 66, 50, 'JULIAN  GARCIA HURTADO', NULL, '12273458', 'M', '1968-07-03', 1, 589300.000, 500905.000, 0.15, '2024-10-18'),
(501, 2033, 'RECIBO DE CAJA LA PLATA', 23, 26, 'MIRYAN  MENDEZ LAME', NULL, '34599455', 'F', '1968-11-26', 1, 499175.250, 424298.962, 0.15, '2024-10-18'),
(502, 2034, 'RECIBO DE CAJA LA PLATA', 23, 7, 'SERAFINA  HERNANDEZ DE CASTRO', NULL, '26470339', 'F', '1956-01-24', 1, 528539.000, 449258.150, 0.15, '2024-10-18'),
(503, 2035, 'RECIBO DE CAJA LA PLATA', 23, 26, 'NORELLY  CASAMACHIN CALAPSU', NULL, '1081421169', 'F', '1998-08-29', 1, 499175.250, 424298.962, 0.15, '2024-10-19'),
(504, 2036, 'RECIBO DE CAJA LA PLATA', 32, 16, 'RUBEN ELKIN MOGOLLON PIEDRA', NULL, '1081420988', 'M', '1998-06-16', 1, 758200.000, 644470.000, 0.15, '2024-10-19'),
(505, 2037, 'RECIBO DE CAJA LA PLATA', 54, 29, 'MARIA FERNANDA POLANIA MANJARRES', NULL, '1075303287', 'F', '1997-03-29', 1, 1254525.000, 1066346.250, 0.15, '2024-10-21'),
(506, 2038, 'RECIBO DE CAJA LA PLATA', 23, 11, 'ANGELICA  JIMENEZ HURTADO', NULL, '1026577839', 'F', '1993-12-30', 1, 528539.000, 449258.150, 0.15, '2024-10-21'),
(507, 2039, 'RECIBO DE CAJA LA PLATA', 46, 11, 'JOSE MARIA BELTRAN VALENCIA', NULL, '12270221', 'M', '1958-10-10', 1, 647280.000, 550188.000, 0.15, '2024-10-21'),
(508, 2040, 'RECIBO DE CAJA LA PLATA', 23, 45, 'BLANCA MERY GUTIERREZ DE CLAVIJO', NULL, '26520190', 'F', '1949-03-05', 1, 499175.250, 424298.962, 0.15, '2024-10-21'),
(509, 2041, 'RECIBO DE CAJA LA PLATA', 23, 7, 'GLORIA  AMPARO CALAMBAS', NULL, '36384646', 'F', '1977-10-12', 1, 528539.000, 449258.150, 0.15, '2024-10-21'),
(510, 2042, 'RECIBO DE CAJA LA PLATA', 23, 4, 'ALBERTO RAMON GARCIA BRISEÑO', NULL, '5873486', 'M', '1967-11-04', 1, 528539.000, 449258.150, 0.15, '2024-10-21'),
(511, 2042, 'RECIBO DE CAJA LA PLATA', 44, 4, 'ALBERTO RAMON GARCIA BRISEÑO', NULL, '5873486', 'M', '1967-11-04', 2, 1158120.000, 984402.000, 0.15, '2024-10-21'),
(512, 2043, 'RECIBO DE CAJA LA PLATA', 23, 5, 'JUAN CARLOS SANCHEZ RIVERA', NULL, '1004248415', 'M', '2002-03-25', 1, 690900.000, 587265.000, 0.15, '2024-10-21'),
(513, 2044, 'RECIBO DE CAJA LA PLATA', 23, 7, 'ANA BEATRIZ RAMOS VALENCIA', NULL, '25562656', 'F', '1938-10-24', 1, 528539.000, 449258.150, 0.15, '2024-10-21'),
(514, 2045, 'RECIBO DE CAJA LA PLATA', 23, 23, 'ESMERALDA  GUTIERREZ TONOBALA', NULL, '1026572303', 'F', '1992-06-11', 1, 690900.000, 587265.000, 0.15, '2024-10-21'),
(515, 2046, 'RECIBO DE CAJA LA PLATA', 23, 26, 'NELLY  HURTADO VALVERDE', NULL, '36375968', 'F', '1947-09-28', 1, 499175.250, 424298.962, 0.15, '2024-10-21'),
(516, 2047, 'RECIBO DE CAJA LA PLATA', 23, 26, 'CARMEN ELENA QUINAYAS MAMIAN', NULL, '25478648', 'F', '1950-09-25', 1, 499175.250, 424298.962, 0.15, '2024-10-21'),
(517, 2048, 'RECIBO DE CAJA LA PLATA', 22, 26, 'MARIA ENELIA PERDOMO', NULL, '65746861', 'F', '1969-08-28', 1, 232320.000, 197472.000, 0.15, '2024-10-21'),
(518, 2049, 'RECIBO DE CAJA LA PLATA', 23, 14, 'JUAN DIEGO LOAIZA QUINTERO', NULL, '1081392117', 'M', '2003-11-09', 1, 690900.000, 587265.000, 0.15, '2024-10-21'),
(519, 2050, 'RECIBO DE CAJA LA PLATA', 23, 21, 'HANNA VALERIA VARGAS ANGEL', NULL, '1081406249', 'F', '2008-09-19', 1, 587265.000, 499175.250, 0.15, '2024-10-21'),
(520, 2051, 'RECIBO DE CAJA LA PLATA', 58, 10, 'EMMA MARIA MUÑOZ LEYTON', NULL, '27277593', 'F', '1976-11-15', 1, 946500.000, 804525.000, 0.15, '2024-10-21'),
(521, 2052, 'RECIBO DE CAJA LA PLATA', 23, 17, 'SANDRA JULICE CASTILLO MARTINEZ', NULL, '36380721', 'F', '1972-06-25', 1, 352400.000, 299540.000, 0.15, '2024-10-21'),
(522, 2053, 'RECIBO DE CAJA LA PLATA', 23, 45, 'JUAN SEBASTIAN MEJIA CORONADO', NULL, '1045249759', 'M', '2015-10-07', 1, 499175.250, 424298.962, 0.15, '2024-10-21'),
(523, 2054, 'RECIBO DE CAJA LA PLATA', 46, 26, 'OFELIA  MUÑOZ IDROBO', NULL, '34531523', 'F', '1955-03-09', 1, 611320.000, 519622.000, 0.15, '2024-10-21'),
(524, 2055, 'RECIBO DE CAJA LA PLATA', 66, 14, 'JUAN DIEGO LOAIZA QUINTERO', NULL, '1081392117', 'L', '2003-11-09', 1, 589300.000, 500905.000, 0.15, '2024-10-22'),
(525, 2055, 'RECIBO DE CAJA LA PLATA', 75, 14, 'JUAN DIEGO LOAIZA QUINTERO', NULL, '1081392117', 'L', '2003-11-09', 1, 1002500.000, 852125.000, 0.15, '2024-10-22'),
(526, 2056, 'RECIBO DE CAJA LA PLATA', 58, 7, 'JOSE PABLO TUTINAS PALCO', NULL, '1193548563', 'L', '1989-11-15', 1, 851850.000, 724072.500, 0.15, '2024-10-22'),
(527, 2057, 'RECIBO DE CAJA LA PLATA', 23, 9, 'BAYRON LEANDRO PENCUE TENORIO', NULL, '1062083693', 'P', '2010-09-04', 1, 499175.000, 424298.750, 0.15, '2024-10-22'),
(528, 2058, 'RECIBO DE CAJA LA PLATA', 32, 5, 'MARIA ELIZABETH MARTINEZ ALSINA', NULL, '1090497688', 'L', '1996-05-02', 1, 758200.000, 644470.000, 0.15, '2024-10-22'),
(529, 2059, 'RECIBO DE CAJA LA PLATA', 54, 17, 'KAREN SOFIA CARDONA GOMEZ', NULL, '1004153950', 'L', '2001-07-02', 1, 1117200.000, 949620.000, 0.15, '2024-10-22'),
(530, 2060, 'RECIBO DE CAJA LA PLATA', 23, 14, 'MATILDE  SERRANO RIVERA', NULL, '26607567', 'L', '1967-12-21', 1, 690900.000, 587265.000, 0.15, '2024-10-22'),
(531, 2061, 'RECIBO DE CAJA LA PLATA', 64, 29, 'EMPERATRIZ  LAGUNA ACHIPIZ', NULL, '38991947', 'P', '1948-03-26', 1, 500905.000, 425769.250, 0.15, '2024-10-22'),
(532, 2061, 'RECIBO DE CAJA LA PLATA', 75, 29, 'EMPERATRIZ  LAGUNA ACHIPIZ', NULL, '38991947', 'P', '1948-03-26', 1, 852125.000, 724306.250, 0.15, '2024-10-22'),
(533, 2063, 'RECIBO DE CAJA LA PLATA', 23, 11, 'MILAN  RICARDO ESCOBAR', NULL, '1081428508', 'L', '2024-03-27', 1, 528539.000, 449258.150, 0.15, '2024-10-22'),
(534, 2064, 'RECIBO DE CAJA LA PLATA', 23, 11, 'LAURA  ANGEL DEANGEL', NULL, '26517642', 'L', '1926-02-20', 1, 528539.000, 449258.150, 0.15, '2024-10-22'),
(535, 2065, 'RECIBO DE CAJA LA PLATA', 23, 26, 'MARIA LUCILA QUINTERO VEGA', NULL, '36375648', 'L', '1961-03-23', 1, 499175.250, 424298.962, 0.15, '2024-10-22'),
(536, 2066, 'RECIBO DE CAJA LA PLATA', 23, 26, 'ISABEL SOPHIA ORTIZ RAMOS', NULL, '1081412562', 'L', '2011-09-07', 1, 499175.250, 424298.962, 0.15, '2024-10-22'),
(537, 2067, 'RECIBO DE CAJA LA PLATA', 58, 11, 'KELLY JOHANA ALDANA CHARRY', NULL, '1079409258', 'L', '1989-06-24', 1, 851850.000, 724072.500, 0.15, '2024-10-22'),
(538, 2068, 'RECIBO DE CAJA LA PLATA', 55, 29, 'LEIDY PILAR RAMIREZ PINZON', NULL, '1062074775', 'L', '1986-06-06', 1, 1254525.000, 1066346.250, 0.15, '2024-10-22'),
(539, 2069, 'RECIBO DE CAJA LA PLATA', 55, 26, 'DIDIER FERNAN TRIANA LOPEZ', NULL, '76007296', 'P', '1981-08-11', 1, 1254525.000, 1066346.250, 0.15, '2024-10-22'),
(540, 2070, 'RECIBO DE CAJA LA PLATA', 55, 26, 'OLGA MARIA RAMIREZ DE RODRIGUEZ', NULL, '36375040', 'F', '1956-02-09', 1, 1254525.000, 1066346.250, 0.15, '2024-10-23'),
(541, 2071, 'RECIBO DE CAJA LA PLATA', 23, 7, 'MARIA ALEJANDRA TORRES PAYA', NULL, '1084578172', 'F', '2012-07-08', 1, 528539.000, 449258.150, 0.15, '2024-10-23'),
(542, 2072, 'RECIBO DE CAJA LA PLATA', 23, 7, 'FRANKLIN EDUIN CEBAY SANCHO', NULL, '1061220691', 'M', '1988-05-25', 1, 528539.000, 449258.150, 0.15, '2024-10-23'),
(543, 2073, 'RECIBO DE CAJA LA PLATA', 64, 21, 'JADER ANDRES PARRA SALAS', NULL, '12282861', 'M', '1982-11-01', 1, 589300.000, 500905.000, 0.15, '2024-10-23'),
(544, 2074, 'RECIBO DE CAJA LA PLATA', 23, 26, 'GUSTAVO  CASTRO', NULL, '12274371', 'M', '1969-03-08', 1, 499175.250, 424298.962, 0.15, '2024-10-23'),
(545, 2075, 'RECIBO DE CAJA LA PLATA', 66, 16, 'MONICA ALEJANDRA CUENCA RAMIREZ', NULL, '1075544631', 'F', '1997-05-25', 1, 589300.000, 500905.000, 0.15, '2024-10-23'),
(546, 2076, 'RECIBO DE CAJA LA PLATA', 23, 7, 'ELVIRA  ROJAS OIDOR', NULL, '25463188', 'F', '1955-07-24', 1, 528539.000, 449258.150, 0.15, '2024-10-23'),
(547, 2077, 'RECIBO DE CAJA LA PLATA', 55, 9, 'MARIA ENRIQUETA GUAINAS FINSCUE', NULL, '25560571', 'F', '1959-04-26', 1, 1254525.000, 1066346.250, 0.15, '2024-10-23'),
(548, 2078, 'RECIBO DE CAJA LA PLATA', 75, 21, 'JADER ANDRES PARRA SALAS', NULL, '12282861', 'M', '1982-11-01', 1, 1002500.000, 852125.000, 0.15, '2024-10-23'),
(549, 2079, 'RECIBO DE CAJA LA PLATA', 23, 7, 'DEBORA  LEIVA CASTRO', NULL, '26470003', 'F', '1942-03-03', 1, 528539.000, 449258.150, 0.15, '2024-10-23'),
(550, 2080, 'RECIBO DE CAJA LA PLATA', 23, 11, 'JOHNATAN ESTIVEN CHANTRE RODRIGUEZ', NULL, '1075297615', 'M', '1996-06-24', 1, 528539.000, 449258.150, 0.15, '2024-10-23'),
(551, 2081, 'RECIBO DE CAJA LA PLATA', 23, 11, 'LAURA  ANGEL DEANGEL', NULL, '26517642', 'F', '1926-02-20', 1, 528539.000, 449258.150, 0.15, '2024-10-23'),
(552, 2082, 'RECIBO DE CAJA LA PLATA', 23, 45, 'PEDRO  CABRERA PERDOMO', NULL, '3020231', 'M', '1953-09-21', 1, 499175.250, 424298.962, 0.15, '2024-10-23'),
(553, 2083, 'RECIBO DE CAJA LA PLATA', 58, 45, 'JAIRO  JARAMILLO GUEVARA', NULL, '12270100', 'M', '1960-01-06', 1, 804525.000, 683846.250, 0.15, '2024-10-23'),
(554, 2084, 'RECIBO DE CAJA LA PLATA', 55, 11, 'ELISA  TORRES BARRERA', NULL, '36382708', 'F', '1972-01-11', 1, 1301850.000, 1106572.500, 0.15, '2024-10-24'),
(555, 2085, 'RECIBO DE CAJA LA PLATA', 23, 7, 'ELVIRA  ROJAS OIDOR', NULL, '25463188', 'F', '1955-07-24', 1, 528539.000, 449258.150, 0.15, '2024-10-24'),
(556, 2086, 'RECIBO DE CAJA LA PLATA', 23, 45, 'MIRIAM  QUIROGA SIERRA', NULL, '36377122', 'F', '1960-11-21', 1, 499175.250, 424298.962, 0.15, '2024-10-24'),
(557, 2087, 'RECIBO DE CAJA LA PLATA', 46, 9, 'NOHEMY  MOROCHO DE VELASCO', NULL, '25559112', 'F', '1951-07-14', 1, 611320.000, 519622.000, 0.15, '2024-10-24'),
(558, 2088, 'RECIBO DE CAJA LA PLATA', 46, 9, 'SECUNDINO  QUINTO OINO', NULL, '76357488', 'M', '1956-10-10', 1, 611320.000, 519622.000, 0.15, '2024-10-24'),
(559, 2089, 'RECIBO DE CAJA LA PLATA', 23, 44, 'MARIA ELIZABETH MUÑOZ RAMIREZ', NULL, '36375528', 'F', '1961-04-03', 1, 587265.000, 499175.250, 0.15, '2024-10-24'),
(560, 2090, 'RECIBO DE CAJA LA PLATA', 23, 45, 'JOSE DIOMEDES ARANGO GALLEGO', NULL, '13886163', 'M', '1957-02-02', 1, 499175.250, 424298.962, 0.15, '2024-10-24'),
(561, 2091, 'RECIBO DE CAJA LA PLATA', 46, 7, 'ANA BEATRIZ RAMOS VALENCIA', NULL, '25562656', 'F', '1938-10-24', 1, 647280.000, 550188.000, 0.15, '2024-10-24'),
(562, 2092, 'RECIBO DE CAJA LA PLATA', 23, 7, 'DEBORA  LEIVA CASTRO', NULL, '26470003', 'F', '1942-03-03', 1, 528539.000, 449258.150, 0.15, '2024-10-24'),
(563, 2093, 'RECIBO DE CAJA LA PLATA', 23, 26, 'LUISA FERNANDA PAZ QUILINDO', NULL, '1081412013', 'F', '2024-10-25', 1, 499175.250, 424298.962, 0.15, '2024-10-24'),
(564, 2094, 'RECIBO DE CAJA LA PLATA', 23, 26, 'DOMINGO  RAMOS PUTSCUE', NULL, '12102972', 'M', '1945-02-16', 1, 499175.250, 424298.962, 0.15, '2024-10-24'),
(565, 2095, 'RECIBO DE CAJA LA PLATA', 55, 9, 'ORFA YAMILETH MUÑOZ SALAZAR', NULL, '1061218869', 'F', '1986-07-07', 1, 1254525.000, 1066346.250, 0.15, '2024-10-24'),
(566, 2096, 'RECIBO DE CAJA LA PLATA', 55, 7, 'YINEDT  ANAYA CASSO', NULL, '55212378', 'F', '1978-12-09', 1, 1301850.000, 1106572.500, 0.15, '2024-10-24'),
(567, 2097, 'RECIBO DE CAJA LA PLATA', 23, 26, 'NOHEMI  MEDINA CHACA', NULL, '1081398307', 'F', '1960-03-01', 1, 499175.250, 424298.962, 0.15, '2024-10-24'),
(568, 2098, 'RECIBO DE CAJA LA PLATA', 58, 26, 'DANIEL ANDRES ZABALA PEÑA', NULL, '1081412920', 'M', '1993-10-02', 1, 804525.000, 683846.250, 0.15, '2024-10-24'),
(569, 2099, 'RECIBO DE CAJA LA PLATA', 23, 26, 'NOHEMI  MEDINA CHACA', NULL, '1081398307', 'F', '1960-03-01', 1, 499175.250, 424298.962, 0.15, '2024-10-25'),
(570, 2100, 'RECIBO DE CAJA LA PLATA', 23, 5, 'JUAN DIEGO OSPITIA GONZALEZ', NULL, '1081392828', 'M', '2004-03-26', 1, 690900.000, 587265.000, 0.15, '2024-10-25'),
(571, 2101, 'RECIBO DE CAJA LA PLATA', 23, 5, 'BERTHA CECILIA JIMENEZ DE ROMERO', NULL, '27114589', 'F', '1947-10-10', 1, 690900.000, 587265.000, 0.15, '2024-10-25'),
(572, 2102, 'RECIBO DE CAJA LA PLATA', 22, 11, 'MARIA NANCY PEREZ MAYORGA', NULL, '36157126', 'F', '1955-02-20', 1, 246840.000, 209814.000, 0.15, '2024-10-25'),
(573, 2103, 'RECIBO DE CAJA LA PLATA', 58, 26, 'VERONICA  ROJAS SANTA', NULL, '1002727642', 'F', '1994-05-03', 1, 804525.000, 683846.250, 0.15, '2024-10-25'),
(574, 2104, 'RECIBO DE CAJA LA PLATA', 23, 26, 'MARTIN  VANEGAS ARANA', NULL, '1081424602', 'M', '2018-11-17', 1, 499175.250, 424298.962, 0.15, '2024-10-25'),
(575, 2105, 'RECIBO DE CAJA LA PLATA', 23, 30, 'ELIANA YEICY URREA VARGAS', NULL, '1081406156', 'F', '1990-10-20', 1, 690900.000, 587265.000, 0.15, '2024-10-25'),
(576, 2106, 'RECIBO DE CAJA LA PLATA', 58, 27, 'JOSE FARID SAENZ CHOCUE', NULL, '1007459211', 'M', '2000-09-24', 1, 851850.000, 724072.500, 0.15, '2024-10-25'),
(577, 2107, 'RECIBO DE CAJA LA PLATA', 23, 5, 'MANUELA ALEJANDRA BARRAGAN BASTIDAS', NULL, '1013117934', 'F', '2007-10-06', 1, 690900.000, 587265.000, 0.15, '2024-10-26'),
(578, 2108, 'RECIBO DE CAJA LA PLATA', 23, 26, 'ISRAEL MARIA QUIRA OBREGO', NULL, '12267173', 'M', '1946-07-28', 1, 499175.250, 424298.962, 0.15, '2024-10-26'),
(579, 2109, 'RECIBO DE CAJA LA PLATA', 23, 20, 'CARLOS AUGUSTO CARMONA GUERRERO', NULL, '83241430', 'M', '1977-10-09', 1, 587265.000, 499175.250, 0.15, '2024-10-26'),
(580, 2110, 'RECIBO DE CAJA LA PLATA', 23, 7, 'DIANA MILENA TOMBE MUELAS', NULL, '1081393493', 'F', '1986-05-20', 1, 528539.000, 449258.150, 0.15, '2024-10-26'),
(581, 2111, 'RECIBO DE CAJA LA PLATA', 54, 12, 'JANIER ANDRES PAPAMIJA BURBANO', NULL, '1081403316', 'M', '2007-07-11', 1, 946500.000, 804525.000, 0.15, '2024-10-26'),
(582, 2112, 'RECIBO DE CAJA LA PLATA', 54, 7, 'ADRIANA LIZETH PARRA MARIN', NULL, '1073157993', 'F', '1989-12-05', 1, 851850.000, 724072.500, 0.15, '2024-10-26'),
(583, 2113, 'RECIBO DE CAJA LA PLATA', 25, 17, 'ANA SOFIA RESTREPO MUÑOZ', NULL, '1079411190', 'F', '1995-03-06', 1, 434200.000, 369070.000, 0.15, '2024-10-26'),
(584, 2114, 'RECIBO DE CAJA LA PLATA', 46, 26, 'MARIAMARIA HERMINIA YASNO', NULL, '26441384', 'F', '1955-04-05', 1, 611320.000, 519622.000, 0.15, '2024-10-26'),
(585, 2115, 'RECIBO DE CAJA LA PLATA', 58, 45, 'ABELARDO  SANCHEZ PARRA', NULL, '1106770239', 'M', '1983-11-27', 1, 804525.000, 683846.250, 0.15, '2024-10-26'),
(586, 2116, 'RECIBO DE CAJA LA PLATA', 23, 26, 'JHON FREDY SEGURA ALVARADO', NULL, '83117244', 'M', '1981-08-07', 1, 499175.250, 424298.962, 0.15, '2024-10-26'),
(587, 2117, 'RECIBO DE CAJA LA PLATA', 23, 5, 'DANIELA ALEJANDRA MENDOZA PLAZAS', NULL, '1004249905', 'F', '2002-11-20', 1, 690900.000, 587265.000, 0.15, '2024-10-28'),
(588, 2118, 'RECIBO DE CAJA LA PLATA', 23, 26, 'OLGA  BACCA DE CASTRO', NULL, '36167998', 'F', '1955-08-04', 1, 499175.250, 424298.962, 0.15, '2024-10-28'),
(589, 2119, 'RECIBO DE CAJA LA PLATA', 23, 45, 'NELLY  HURTADO DE PERDOMO', NULL, '36375968', 'F', '1947-09-28', 1, 499175.250, 424298.962, 0.15, '2024-10-28'),
(590, 2120, 'RECIBO DE CAJA LA PLATA', 23, 5, 'ZAMAY MICHELLE SAENZ QUINTERO', NULL, '1145829490', 'F', '2015-06-16', 1, 690900.000, 587265.000, 0.15, '2024-10-28'),
(591, 2121, 'RECIBO DE CAJA LA PLATA', 55, 7, 'EUGENIA  CASO ULTENGO', NULL, '52454631', 'F', '1978-12-02', 1, 1301850.000, 1106572.500, 0.15, '2024-10-28'),
(592, 2122, 'RECIBO DE CAJA LA PLATA', 55, 11, 'ELISA  TORRES BARRERA', NULL, '36382708', 'F', '1972-01-11', 1, 1301850.000, 1106572.500, 0.15, '2024-10-28'),
(593, 2124, 'RECIBO DE CAJA LA PLATA', 55, 26, 'ANGEL EDUARDO VIVAS GUEVARA', NULL, '1081411037', 'M', '1992-10-26', 1, 1254525.000, 1066346.250, 0.15, '2024-10-28'),
(594, 2125, 'RECIBO DE CAJA LA PLATA', 58, 45, 'KAREN YISETH SERRATO JOYAS', NULL, '1081417537', 'F', '1997-05-24', 2, 1609050.000, 1367692.500, 0.15, '2024-10-28'),
(595, 2126, 'RECIBO DE CAJA LA PLATA', 23, 16, 'LAURA DANIELA CAMPOS CHACON', NULL, '1004247024', 'F', '2000-01-21', 1, 690900.000, 587265.000, 0.15, '2024-10-28'),
(596, 2127, 'RECIBO DE CAJA LA PLATA', 23, 16, 'DIEGO ALEJANDRO VALVERDE OBANDO', NULL, '1007248834', 'M', '2000-02-21', 1, 690900.000, 587265.000, 0.15, '2024-10-28'),
(597, 2127, 'RECIBO DE CAJA LA PLATA', 66, 16, 'DIEGO ALEJANDRO VALVERDE OBANDO', NULL, '1007248834', 'M', '2000-02-21', 1, 589300.000, 500905.000, 0.15, '2024-10-28'),
(598, 2128, 'RECIBO DE CAJA LA PLATA', 55, 26, 'YURY KATHERINE CEBALLOS ALVARADO', NULL, '1081397743', 'F', '2005-09-26', 1, 1254525.000, 1066346.250, 0.15, '2024-10-28'),
(599, 2129, 'RECIBO DE CAJA LA PLATA', 58, 45, 'CARLOS ANDRES MEDINA CHIMBACO', NULL, '1069718140', 'M', '1987-02-12', 1, 804525.000, 683846.250, 0.15, '2024-10-28'),
(600, 2130, 'RECIBO DE CAJA LA PLATA', 66, 7, 'ADOLFO  GOLONDRINO CHANTRE', NULL, '12280289', 'M', '1980-07-07', 1, 530370.000, 450814.500, 0.15, '2024-10-28'),
(601, 2130, 'RECIBO DE CAJA LA PLATA', 75, 7, 'ADOLFO  GOLONDRINO CHANTRE', NULL, '12280289', 'M', '1980-07-07', 1, 902250.000, 766912.500, 0.15, '2024-10-28'),
(602, 2131, 'RECIBO DE CAJA LA PLATA', 56, 26, 'ADELA  PEREZ ALVIRA', NULL, '26517120', 'F', '1935-03-19', 1, 500905.000, 425769.250, 0.15, '2024-10-28'),
(603, 2132, 'RECIBO DE CAJA LA PLATA', 25, 26, 'EDUARDO  BASTIDAS MARIN', NULL, '1081401000', 'M', '1988-09-24', 1, 781470.000, 664249.500, 0.15, '2024-10-28'),
(604, 2133, 'RECIBO DE CAJA LA PLATA', 23, 11, 'CIELID YURANY EMBUS GUTIERREZ', NULL, '1073508137', 'F', '1989-09-02', 1, 528539.000, 449258.150, 0.15, '2024-10-28'),
(605, 2134, 'RECIBO DE CAJA LA PLATA', 23, 9, 'MERLY  GONZALEZ MALDONADO', NULL, '39546174', 'F', '1968-06-20', 1, 499175.000, 424298.750, 0.15, '2024-10-28'),
(606, 2135, 'RECIBO DE CAJA LA PLATA', 23, 14, 'FRANCY YAMILET TORRES BECERRA', NULL, '55132191', 'F', '1983-09-17', 1, 690900.000, 587265.000, 0.15, '2024-10-28'),
(607, 2136, 'RECIBO DE CAJA LA PLATA', 23, 15, 'MARCO IDEL CASTRO BASTO', NULL, '1081421362', 'M', '1998-06-25', 1, 690900.000, 587265.000, 0.15, '2024-10-28'),
(608, 2136, 'RECIBO DE CAJA LA PLATA', 44, 15, 'MARCO IDEL CASTRO BASTO', NULL, '1081421362', 'M', '1998-06-25', 1, 643400.000, 546890.000, 0.15, '2024-10-28'),
(609, 2137, 'RECIBO DE CAJA LA PLATA', 55, 7, 'ADRIANA LIZETH PARRA MARIN', NULL, '1073157993', 'F', '1989-12-05', 1, 1301850.000, 1106572.500, 0.15, '2024-10-28'),
(610, 2138, 'RECIBO DE CAJA LA PLATA', 22, 11, 'MARIA YICELA GARCIA TRUJILLO', NULL, '36379694', 'F', '1968-06-10', 1, 246840.000, 209814.000, 0.15, '2024-10-28'),
(611, 2139, 'RECIBO DE CAJA LA PLATA', 46, 26, 'OFELIA  MUÑOZ IDROBO', NULL, '34531523', 'F', '1955-03-09', 1, 611320.000, 519622.000, 0.15, '2024-10-28'),
(612, 2140, 'RECIBO DE CAJA LA PLATA', 55, 9, 'CLIMACO QUIGUA QUIGUATENGO FINSCUE', NULL, '76007926', 'M', '1970-06-07', 1, 1254525.000, 1066346.250, 0.15, '2024-10-28'),
(613, 2141, 'RECIBO DE CAJA LA PLATA', 55, 9, 'MARIA MERCEDES VARGAS CALIZ', NULL, '25559776', 'F', '1967-05-25', 1, 1254525.000, 1066346.250, 0.15, '2024-10-28'),
(614, 2142, 'RECIBO DE CAJA LA PLATA', 66, 5, 'JOSE GREGORIO QUINTERO MONJE', NULL, '12270532', 'M', '1959-03-25', 1, 589300.000, 500905.000, 0.15, '2024-10-28'),
(615, 2142, 'RECIBO DE CAJA LA PLATA', 75, 5, 'JOSE GREGORIO QUINTERO MONJE', NULL, '12270532', 'M', '1959-03-25', 1, 1002500.000, 852125.000, 0.15, '2024-10-28'),
(616, 2143, 'RECIBO DE CAJA LA PLATA', 23, 44, 'MILLER ENRIQUE MUÑOZ MUÑOZ', NULL, '1007300900', 'M', '2001-06-02', 1, 587265.000, 499175.250, 0.15, '2024-10-28'),
(617, 2144, 'RECIBO DE CAJA LA PLATA', 23, 26, 'ALEXANDER  VIVEROS RIVERA', NULL, '1125179018', 'M', '2001-07-31', 1, 499175.250, 424298.962, 0.15, '2024-10-28'),
(618, 2145, 'RECIBO DE CAJA LA PLATA', 23, 26, 'CECILIA FLOREZ QUIGUANAS', NULL, '36384905', 'F', '1978-07-02', 1, 499175.250, 424298.962, 0.15, '2024-10-28'),
(619, 2146, 'RECIBO DE CAJA LA PLATA', 22, 17, 'SANDRA PATRICIA PUENTES SILVA', NULL, '26471505', 'F', '1974-10-29', 1, 174200.000, 148070.000, 0.15, '2024-10-28'),
(620, 2147, 'RECIBO DE CAJA LA PLATA', 22, 17, 'MARIA ELVIRA MONSALVE GOMEZ', NULL, '36347493', 'F', '1982-06-18', 1, 174200.000, 148070.000, 0.15, '2024-10-28'),
(621, 2148, 'RECIBO DE CAJA LA PLATA', 22, 11, 'AMPARO  ANGEL VARGAS', NULL, '36380648', 'F', '1973-10-16', 1, 246840.000, 209814.000, 0.15, '2024-10-29'),
(622, 2149, 'RECIBO DE CAJA LA PLATA', 23, 15, 'GILMER ALONSO GUAR QUINTO', NULL, '1062092182', 'M', '1999-10-21', 1, 690900.000, 587265.000, 0.15, '2024-10-29'),
(623, 2149, 'RECIBO DE CAJA LA PLATA', 32, 15, 'GILMER ALONSO GUAR QUINTO', NULL, '1062092182', 'M', '1999-10-21', 1, 758200.000, 644470.000, 0.15, '2024-10-29'),
(624, 2150, 'RECIBO DE CAJA LA PLATA', 23, 26, 'LUZ MARINA SANABRIA CELIS', NULL, '1004249569', 'F', '2002-10-16', 1, 499175.250, 424298.962, 0.15, '2024-10-29'),
(625, 2151, 'RECIBO DE CAJA LA PLATA', 23, 26, 'YULI LORENA PAREDES TORRES', NULL, '26522907', 'F', '1982-06-18', 1, 499175.250, 424298.962, 0.15, '2024-10-29'),
(626, 2152, 'RECIBO DE CAJA LA PLATA', 23, 7, 'YULY TATIANA DIAZ OIDOR', NULL, '1145827061', 'F', '2011-12-21', 1, 528539.000, 449258.150, 0.15, '2024-10-29'),
(627, 2153, 'RECIBO DE CAJA LA PLATA', 23, 27, 'GABRIELA  RAMOS GUEVARA', NULL, '25453570', 'F', '1967-04-07', 1, 528539.000, 449258.150, 0.15, '2024-10-29'),
(628, 2154, 'RECIBO DE CAJA LA PLATA', 58, 7, 'MAGDA LILIANA PEREZ RAMIREZ', NULL, '26471618', 'F', '1977-03-27', 1, 851850.000, 724072.500, 0.15, '2024-10-29'),
(629, 2155, 'RECIBO DE CAJA LA PLATA', 46, 10, 'LEIDY MILDRED ARENAS ALVIRA', NULL, '26522446', 'F', '1981-10-29', 1, 719200.000, 611320.000, 0.15, '2024-10-29'),
(630, 2156, 'RECIBO DE CAJA LA PLATA', 58, 7, 'ASTRID MELINA CADAVID TAMAYO', NULL, '1082215682', 'F', '1992-12-15', 1, 842385.000, 716027.250, 0.15, '2024-10-29'),
(631, 2157, 'RECIBO DE CAJA LA PLATA', 46, 17, 'CRISTIAN FABIAN DIAZ SEGURA', NULL, '1081420749', 'M', '1998-05-06', 1, 359600.000, 305660.000, 0.15, '2024-10-29'),
(632, 2158, 'RECIBO DE CAJA LA PLATA', 23, 26, 'FABIO  RIVERA MEDINA', NULL, '12267464', 'M', '1946-04-29', 1, 499175.250, 424298.962, 0.15, '2024-10-29');
INSERT INTO `factura` (`id_factura`, `codigo_factura`, `nombre_archivo`, `id_procedimiento`, `id_entidad`, `nombre_paciente`, `tipo_id`, `id_paciente`, `sexo`, `fecha_nacimiento`, `cantidad`, `valor_unitario`, `valor_descuento`, `descuento`, `fecha_procedimiento`) VALUES
(633, 2159, 'RECIBO DE CAJA LA PLATA', 23, 26, 'OLGA  BACCA DE CASTRO', NULL, '36167998', 'F', '1955-08-04', 1, 499175.250, 424298.962, 0.15, '2024-10-29'),
(634, 2160, 'RECIBO DE CAJA LA PLATA', 58, 17, 'SANDRA PATRICIA NUPIA JIMENEZ', NULL, '36346626', 'F', '1981-04-18', 1, 473300.000, 402305.000, 0.15, '2024-10-29'),
(635, 2161, 'RECIBO DE CAJA LA PLATA', 23, 26, 'LUIS ANGEL CASAMCHIN VOLVERAS', NULL, '12280826', 'M', '1958-10-05', 1, 690900.000, 587265.000, 0.15, '2024-10-29'),
(636, 2161, 'RECIBO DE CAJA LA PLATA', 44, 26, 'LUIS ANGEL CASAMCHIN VOLVERAS', NULL, '12280826', 'M', '1958-10-05', 3, 1640670.000, 1394569.500, 0.15, '2024-10-29'),
(637, 2162, 'RECIBO DE CAJA LA PLATA', 22, 11, 'ISMENIA  CEBALLES DIAZ', NULL, '36378444', 'F', '1967-12-09', 1, 246840.000, 209814.000, 0.15, '2024-10-29'),
(638, 2163, 'RECIBO DE CAJA LA PLATA', 22, 11, 'MARIA SULDREY OSORIO RESTREPO', NULL, '36379132', 'F', '1968-04-02', 1, 246840.000, 209814.000, 0.15, '2024-10-29'),
(639, 2164, 'RECIBO DE CAJA LA PLATA', 22, 17, 'MARIA SILDANA OYOLA DE HOYOS', NULL, '26468891', 'F', '1955-12-27', 1, 174200.000, 148070.000, 0.15, '2024-10-29'),
(640, 2165, 'RECIBO DE CAJA LA PLATA', 55, 27, 'ARELIS  AMAYA CEBAY', NULL, '36383432', 'F', '1977-01-03', 1, 1301850.000, 1106572.500, 0.15, '2024-10-29'),
(641, 2166, 'RECIBO DE CAJA LA PLATA', 23, 26, 'CORNELIA  RIVERA CARRILLO', NULL, '55056418', 'F', '1962-11-26', 1, 499175.250, 424298.962, 0.15, '2024-10-29'),
(642, 2167, 'RECIBO DE CAJA LA PLATA', 58, 27, 'JULIAN EDUARDO LEDESMA ACEVEDO', NULL, '1081415264', 'M', '1994-11-21', 1, 851850.000, 724072.500, 0.15, '2024-10-29'),
(643, 2168, 'RECIBO DE CAJA LA PLATA', 55, 26, 'FABIO  RIVERA MEDINA', NULL, '12267464', 'M', '1946-04-29', 1, 1254525.000, 1066346.250, 0.15, '2024-10-29'),
(644, 2169, 'RECIBO DE CAJA LA PLATA', 66, 7, 'CAMILO  CHAMBO IQUIRA', NULL, '83249976', 'M', '1973-07-20', 1, 530370.000, 450814.500, 0.15, '2024-10-30'),
(645, 2170, 'RECIBO DE CAJA LA PLATA', 46, 26, 'DIDIER  BENJAMIN SERRATO', NULL, '12284143', 'M', '1984-09-06', 1, 611320.000, 519622.000, 0.15, '2024-10-30'),
(646, 2171, 'RECIBO DE CAJA LA PLATA', 23, 7, 'LIZETH DANIELA ROJAS PENCUE', NULL, '1007300588', 'F', '2000-12-03', 1, 528539.000, 449258.150, 0.15, '2024-10-30'),
(647, 2172, 'RECIBO DE CAJA LA PLATA', 54, 26, 'JULLY ANDREA ANDRADE SON', NULL, '1081405650', 'F', '1990-08-20', 1, 804525.000, 683846.250, 0.15, '2024-10-30'),
(648, 2173, 'RECIBO DE CAJA LA PLATA', 23, 7, 'JESUS EVARISTO RAMIREZ', NULL, '1081414217', 'M', '1994-06-16', 1, 528539.000, 449258.150, 0.15, '2024-10-30'),
(649, 2174, 'RECIBO DE CAJA LA PLATA', 23, 45, 'MARIA EMMA BETANCOURTH BASANTE', NULL, '59355084', 'F', '1937-07-27', 1, 499175.250, 424298.962, 0.15, '2024-10-30'),
(650, 2175, 'RECIBO DE CAJA LA PLATA', 23, 5, 'ALEJANDRO  LEMOS BERRIOS', NULL, '1016943185', 'M', '2004-04-06', 1, 690900.000, 587265.000, 0.15, '2024-10-30'),
(651, 2175, 'RECIBO DE CAJA LA PLATA', 44, 5, 'ALEJANDRO  LEMOS BERRIOS', NULL, '1016943185', 'M', '2004-04-06', 1, 643400.000, 546890.000, 0.15, '2024-10-30'),
(652, 2176, 'RECIBO DE CAJA LA PLATA', 23, 26, 'CORNELIA  RIVERA CARRILLO', NULL, '55056418', 'F', '1962-11-26', 1, 499175.250, 424298.962, 0.15, '2024-10-30'),
(653, 2177, 'RECIBO DE CAJA LA PLATA', 23, 7, 'BEATRIZ  CABRERA DE RAMIREZ', NULL, '26473079', 'F', '1943-05-03', 1, 528539.000, 449258.150, 0.15, '2024-10-31'),
(654, 2178, 'RECIBO DE CAJA LA PLATA', 55, 26, 'ALBER YHOAN QUILINDO BARCO', NULL, '1081414060', 'M', '1994-05-15', 1, 1254525.000, 1066346.250, 0.15, '2024-10-31'),
(655, 2179, 'RECIBO DE CAJA LA PLATA', 23, 21, 'SAMUEL  GONZALEZ HURTADO', NULL, '1117965488', 'M', '2002-07-27', 1, 587265.000, 499175.250, 0.15, '2024-10-31'),
(656, 2180, 'RECIBO DE CAJA LA PLATA', 22, 11, 'OLGA  GARCIA NARANJO', NULL, '52699583', 'F', '1980-10-23', 1, 246840.000, 209814.000, 0.15, '2024-10-31'),
(657, 2181, 'RECIBO DE CAJA LA PLATA', 73, 27, 'ROSANA  NORIEGA TRUJILLO', NULL, '26517053', 'F', '1933-08-12', 1, 1284930.000, 1092190.500, 0.15, '2024-10-31'),
(658, 2182, 'RECIBO DE CAJA LA PLATA', 24, 17, 'MARIA DEL PILAR IPIA PERDOMO', NULL, '1062083952', 'F', '2010-11-19', 1, 379100.000, 322235.000, 0.15, '2024-10-31'),
(659, 2183, 'RECIBO DE CAJA LA PLATA', 46, 7, 'MARIA LUZ BENITEZ', NULL, '26470392', 'F', '1953-01-04', 1, 647280.000, 550188.000, 0.15, '2024-10-31'),
(660, 2183, 'RECIBO DE CAJA LA PLATA', 73, 7, 'MARIA LUZ BENITEZ', NULL, '26470392', 'F', '1953-01-04', 1, 1284930.000, 1092190.500, 0.15, '2024-10-31'),
(661, 2184, 'RECIBO DE CAJA LA PLATA', 23, 9, 'MIRTA NATALY MUMUCUE COMETE', NULL, '1081414637', 'F', '1994-09-11', 1, 499175.000, 424298.750, 0.15, '2024-10-31'),
(662, 2185, 'RECIBO DE CAJA LA PLATA', 23, 26, 'ELIANA PATRICIA OSORIO LOSADA', NULL, '1004247157', 'F', '2000-01-27', 1, 499175.250, 424298.962, 0.15, '2024-10-31'),
(663, 2186, 'RECIBO DE CAJA LA PLATA', 23, 26, 'JOSE HERMINBSON MEDINA CHACA', NULL, '12283602', 'M', '1984-09-09', 1, 499175.250, 424298.962, 0.15, '2024-10-31'),
(664, 2187, 'RECIBO DE CAJA LA PLATA', 23, 11, 'LILA MARCELA SUNS VARGAS', NULL, '1032382604', 'F', '1986-12-23', 1, 528539.000, 449258.150, 0.15, '2024-10-31'),
(665, 2188, 'RECIBO DE CAJA LA PLATA', 58, 45, 'LEONOR  VALENZUELA LUNA', NULL, '26469939', 'F', '1948-01-01', 1, 804525.000, 683846.250, 0.15, '2024-10-31'),
(666, 2189, 'RECIBO DE CAJA LA PLATA', 23, 11, 'JOHN ALEXANDER HENAO ORTIZ', NULL, '1080261946', 'M', '1989-08-27', 1, 528539.000, 449258.150, 0.15, '2024-10-31'),
(667, 2190, 'RECIBO DE CAJA LA PLATA', 23, 26, 'RAQUEL  SALAS DE ALMARIO', NULL, '26519543', 'F', '1944-09-03', 1, 499175.250, 424298.962, 0.15, '2024-10-31'),
(668, 2191, 'RECIBO DE CAJA LA PLATA', 58, 26, 'BLANCA NERY ARIAS', NULL, '40600038', 'F', '1944-12-22', 1, 804525.000, 683846.250, 0.15, '2024-10-31'),
(669, 2192, 'RECIBO DE CAJA LA PLATA', 23, 26, 'ROSA MARIA RUIZ MALDONADO', NULL, '36380582', 'F', '1967-05-23', 1, 499175.000, 424298.750, 0.15, '2024-10-31'),
(670, 2193, 'RECIBO DE CAJA LA PLATA', 46, 26, 'ROSA MARIA RUIZ MALDONADO', NULL, '36380582', 'F', '1967-05-23', 1, 611320.000, 519622.000, 0.15, '2024-10-31'),
(671, 2194, 'RECIBO DE CAJA LA PLATA', 44, 26, 'MARIA GRACIELA BOLAÑOS', NULL, '25577649', 'F', '1953-08-08', 1, 546890.000, 464856.500, 0.15, '2024-11-01'),
(672, 2195, 'RECIBO DE CAJA LA PLATA', 58, 26, 'MARYURY ADRIANA ROCHA ROJAS', NULL, '1081404741', 'F', '1990-02-15', 1, 804525.000, 683846.250, 0.15, '2024-11-01'),
(673, 2196, 'RECIBO DE CAJA LA PLATA', 46, 27, 'GERMAN DARIO MONJE ANDRADE', NULL, '1081404478', 'M', '1989-06-21', 1, 647280.000, 550188.000, 0.15, '2024-11-01'),
(674, 2197, 'RECIBO DE CAJA LA PLATA', 22, 17, 'MARIA BETULIA PILLIMUE ULCUNCHE', NULL, '52362401', 'F', '1974-06-20', 1, 174200.000, 148070.000, 0.15, '2024-11-01'),
(675, 2198, 'RECIBO DE CAJA LA PLATA', 23, 26, 'LUZ ADRIANA ANDRADE CASTELLANO', NULL, '1007178981', 'F', '1997-06-08', 1, 499175.250, 424298.962, 0.15, '2024-11-01'),
(676, 2199, 'RECIBO DE CAJA LA PLATA', 23, 5, 'MIGUEL  PERDOMO ROJAS', NULL, '12273676', 'M', '1970-02-05', 1, 690900.000, 587265.000, 0.15, '2024-11-01'),
(677, 2200, 'RECIBO DE CAJA LA PLATA', 21, 17, 'MARISOL  ULTENGO LAGUNA', NULL, '36381140', 'F', '1972-04-20', 1, 142900.000, 121465.000, 0.15, '2024-11-01'),
(678, 2201, 'RECIBO DE CAJA LA PLATA', 23, 44, 'LUZ DARY ARIAS SANCHEZ', NULL, '36382365', 'F', '1974-05-05', 1, 587265.000, 499175.250, 0.15, '2024-11-01'),
(679, 2202, 'RECIBO DE CAJA LA PLATA', 23, 7, 'ESTEBAN FABIAN GOMEZ RINCON', NULL, '1145825167', 'M', '2009-10-01', 1, 528539.000, 449258.150, 0.15, '2024-11-01'),
(680, 2203, 'RECIBO DE CAJA LA PLATA', 23, 7, 'YHOEINER  FERNANDEZ LIS', NULL, '1145827672', 'M', '2012-09-01', 1, 528539.000, 449258.150, 0.15, '2024-11-02'),
(681, 2204, 'RECIBO DE CAJA LA PLATA', 46, 26, 'PABLO EMILIO ROJAS DIAZ', NULL, '12282101', 'M', '1954-10-04', 1, 804525.000, 683846.250, 0.15, '2024-11-02'),
(682, 2205, 'RECIBO DE CAJA LA PLATA', 46, 7, 'JESUS MARIA QUINTERO', NULL, '1647553', 'M', '1932-07-10', 1, 640088.000, 544074.800, 0.15, '2024-11-02'),
(683, 2206, 'RECIBO DE CAJA LA PLATA', 54, 24, 'CLAUDIA LORENA PIZO GOLONDRINO', NULL, '1007300251', 'F', '1997-10-12', 1, 946500.000, 804525.000, 0.15, '2024-11-02'),
(684, 2207, 'RECIBO DE CAJA LA PLATA', 23, 26, 'ISRAEL MARIA QUIRA OBREGO', NULL, '12267173', 'M', '1946-07-28', 1, 499175.250, 424298.962, 0.15, '2024-11-02'),
(685, 2208, 'RECIBO DE CAJA LA PLATA', 22, 17, 'MARIA SILVANIA CASSO ZUÑIGA', NULL, '36377858', 'F', '1963-06-13', 1, 174200.000, 148070.000, 0.15, '2024-11-02'),
(686, 2209, 'RECIBO DE CAJA LA PLATA', 23, 7, 'MARYURI TATIANA MUÑOZ ARCINIEGAS', NULL, '1081401468', 'F', '2004-09-12', 1, 528539.000, 449258.150, 0.15, '2024-11-02'),
(687, 2210, 'RECIBO DE CAJA LA PLATA', 46, 17, 'ISABEL  ULTENGO MEDINA', NULL, '25463186', 'F', '1952-07-19', 1, 359600.000, 305660.000, 0.15, '2024-11-02'),
(688, 2211, 'RECIBO DE CAJA LA PLATA', 22, 11, 'CARMEN ALICIA ESCALANTE CELIS', NULL, '27719446', 'F', '1963-03-20', 1, 246840.000, 209814.000, 0.15, '2024-11-02'),
(689, 2212, 'RECIBO DE CAJA LA PLATA', 22, 17, 'MARIA LIDIA MEDINA SANCHEZ', NULL, '25559242', 'F', '1960-12-21', 1, 174200.000, 148070.000, 0.15, '2024-11-02'),
(690, 2213, 'RECIBO DE CAJA LA PLATA', 23, 45, 'CIELO NURY CUELLAR RODRIGUEZ', NULL, '36380119', 'F', '1972-04-22', 1, 499175.250, 424298.962, 0.15, '2024-11-02'),
(691, 2214, 'RECIBO DE CAJA LA PLATA', 23, 14, 'ISABEL CRISTINA CABRERA ZUÑIGA', NULL, '1079408247', 'F', '2004-07-19', 1, 690900.000, 587265.000, 0.15, '2024-11-02'),
(692, 2215, 'RECIBO DE CAJA LA PLATA', 46, 27, 'INGRID DANIELA CRUZ CALDON', NULL, '1020010438', 'F', '2021-03-19', 1, 647280.000, 550188.000, 0.15, '2024-11-02'),
(693, 2216, 'RECIBO DE CAJA LA PLATA', 23, 26, 'CARLINA  SANCHEZ HOYOS', NULL, '1080261735', 'F', '1946-10-13', 1, 499175.250, 424298.962, 0.15, '2024-11-02'),
(694, 2217, 'RECIBO DE CAJA LA PLATA', 46, 9, 'JOSE MARIA CASTILLO MUÑOZ', NULL, '1473504', 'M', '1948-08-05', 1, 611320.000, 519622.000, 0.15, '2024-11-05'),
(695, 2218, 'RECIBO DE CAJA LA PLATA', 23, 45, 'TOMASA  RAMIREZ RAMIREZ', NULL, '26473275', 'F', '1955-08-21', 1, 499175.250, 424298.962, 0.15, '2024-11-05'),
(696, 2219, 'RECIBO DE CAJA LA PLATA', 46, 7, 'LAURA SOFIA VALENCIA SANDOVAL', NULL, '1145828257', 'F', '2013-06-05', 1, 647280.000, 550188.000, 0.15, '2024-11-05'),
(697, 2220, 'RECIBO DE CAJA LA PLATA', 23, 30, 'MARIA FERNANDA ORTEGA PÓLINDARA', NULL, '1061785721', 'F', '1995-11-02', 1, 690900.000, 587265.000, 0.15, '2024-11-05'),
(698, 2221, 'RECIBO DE CAJA LA PLATA', 58, 26, 'JOSE VICENTE GUTIERREZ', NULL, '12110598', 'M', '1958-03-25', 1, 804525.000, 683846.250, 0.15, '2024-11-05'),
(699, 2222, 'RECIBO DE CAJA LA PLATA', 23, 7, 'MARIA GIMENA ROJAS ROJAS', NULL, '36381102', 'F', '1974-06-24', 1, 528539.000, 449258.150, 0.15, '2024-11-05'),
(700, 2223, 'RECIBO DE CAJA LA PLATA', 32, 5, 'LINA YURANY MEDINA CUCHIMBA', NULL, '1002981046', 'F', '2002-07-17', 1, 758200.000, 644470.000, 0.15, '2024-11-05'),
(701, 2223, 'RECIBO DE CAJA LA PLATA', 23, 5, 'LINA YURANY MEDINA CUCHIMBA', NULL, '1002981046', 'F', '2002-07-17', 1, 690900.000, 587265.000, 0.15, '2024-11-05'),
(702, 2224, 'RECIBO DE CAJA LA PLATA', 23, 11, 'JULIAN MAURICIO CALDON CURZ', NULL, '1004250759', 'M', '2003-06-16', 1, 528539.000, 449258.150, 0.15, '2024-11-05'),
(703, 2225, 'RECIBO DE CAJA LA PLATA', 23, 26, 'OSCAR EDUARDO ORTIZ MORENO', NULL, '1117487064', 'M', '1986-03-02', 1, 499175.250, 424298.962, 0.15, '2024-11-05'),
(704, 2226, 'RECIBO DE CAJA LA PLATA', 23, 5, 'FABIAN ESNEIDER CHACUE LEMUS', NULL, '1145824042', 'M', '2007-09-07', 1, 690900.000, 587265.000, 0.15, '2024-11-05'),
(705, 2227, 'RECIBO DE CAJA LA PLATA', 32, 5, 'VICTOR JULIAN BOLAÑOS PANCHO', NULL, '1004711331', 'M', '2003-09-19', 1, 758200.000, 644470.000, 0.15, '2024-11-05'),
(706, 2227, 'RECIBO DE CAJA LA PLATA', 23, 5, 'VICTOR JULIAN BOLAÑOS PANCHO', NULL, '1004711331', 'M', '2003-09-19', 1, 690900.000, 587265.000, 0.15, '2024-11-05'),
(707, 2228, 'RECIBO DE CAJA LA PLATA', 64, 11, 'NORBY  PEREZ DE VALENZUELA', NULL, '26470196', 'F', '1954-06-30', 1, 530370.000, 450814.500, 0.15, '2024-11-05'),
(708, 2229, 'RECIBO DE CAJA LA PLATA', 23, 7, 'MARIA ROSARIO MUÑOZ HOYOS', NULL, '36381155', 'F', '1972-11-27', 1, 528539.000, 449258.150, 0.15, '2024-11-05'),
(709, 2229, 'RECIBO DE CAJA LA PLATA', 44, 7, 'MARIA ROSARIO MUÑOZ HOYOS', NULL, '36381155', 'F', '1972-11-27', 1, 579060.000, 492201.000, 0.15, '2024-11-05'),
(710, 2230, 'RECIBO DE CAJA LA PLATA', 58, 7, 'AURELIO  SANCHEZ PILLIMUE', NULL, '4687926', 'F', '1962-05-17', 1, 842385.000, 716027.250, 0.15, '2024-11-05'),
(711, 2231, 'RECIBO DE CAJA LA PLATA', 55, 7, 'CESAR AUGUSTO VASQUE', NULL, '10539392', 'M', '1961-08-01', 1, 1301850.000, 1106572.500, 0.15, '2024-11-05'),
(712, 2232, 'RECIBO DE CAJA LA PLATA', 58, 11, 'PAULINO  VIDARTE PEREZ', NULL, '12267051', 'M', '1946-02-05', 1, 851850.000, 724072.500, 0.15, '2024-11-05'),
(713, 2233, 'RECIBO DE CAJA LA PLATA', 23, 26, 'JOSE DAVID CLAVIJO ROJAS', NULL, '12283997', 'M', '1977-02-12', 1, 499175.250, 424298.962, 0.15, '2024-11-05'),
(714, 2234, 'RECIBO DE CAJA LA PLATA', 55, 7, 'ANDRES  BELTRAN MOTTA', NULL, '1080261971', 'M', '2008-02-25', 1, 1301850.000, 1106572.500, 0.15, '2024-11-05'),
(715, 2235, 'RECIBO DE CAJA LA PLATA', 23, 26, 'MARIA ELCY QUINAYAS CUAJI', NULL, '36378554', 'F', '1966-09-30', 1, 499175.250, 424298.962, 0.15, '2024-11-05'),
(716, 2236, 'RECIBO DE CAJA LA PLATA', 23, 11, 'GENTIL  MORALES CABRERA', NULL, '4919793', 'M', '1960-12-16', 1, 528539.000, 449258.150, 0.15, '2024-11-05'),
(717, 2237, 'RECIBO DE CAJA LA PLATA', 23, 7, 'MARIA SELENE GARCES RAMOS', NULL, '1004074525', 'F', '2001-10-14', 1, 528539.000, 449258.150, 0.15, '2024-11-05'),
(718, 2238, 'RECIBO DE CAJA LA PLATA', 23, 9, 'LEVIS  SIERRA IRIARTE', NULL, '1005469882', 'F', '1993-07-24', 1, 499175.000, 424298.750, 0.15, '2024-11-05'),
(719, 2239, 'RECIBO DE CAJA LA PLATA', 23, 7, 'KAREN YULIANA CUCHIMBA TAO', NULL, '1081402179', 'F', '2007-03-26', 1, 528539.000, 449258.150, 0.15, '2024-11-05'),
(720, 2240, 'RECIBO DE CAJA LA PLATA', 58, 26, 'ALVARO  QUINTERO MEDINA', NULL, '12267700', 'M', '1949-04-07', 1, 804525.000, 683846.250, 0.15, '2024-11-05'),
(721, 2241, 'RECIBO DE CAJA LA PLATA', 23, 5, 'SANTIAGO  AVILES SANCHEZ', NULL, '1193393295', 'M', '2001-02-11', 1, 690900.000, 587265.000, 0.15, '2024-11-05'),
(722, 2241, 'RECIBO DE CAJA LA PLATA', 32, 5, 'SANTIAGO  AVILES SANCHEZ', NULL, '1193393295', 'M', '2001-02-11', 1, 758200.000, 644470.000, 0.15, '2024-11-05'),
(723, 2241, 'RECIBO DE CAJA LA PLATA', 44, 5, 'SANTIAGO  AVILES SANCHEZ', NULL, '1193393295', 'M', '2001-02-11', 1, 643400.000, 546890.000, 0.15, '2024-11-05'),
(724, 2242, 'RECIBO DE CAJA LA PLATA', 25, 9, 'CAMPO ELIAS PERDOMO LOPEZ', NULL, '4727900', 'M', '1968-10-22', 1, 738055.000, 627346.750, 0.15, '2024-11-05'),
(725, 2243, 'RECIBO DE CAJA LA PLATA', 54, 44, 'LEIDY LORENA PENNA GOMEZ', NULL, '1081409325', 'F', '1991-12-13', 1, 946500.000, 804525.000, 0.15, '2024-11-05'),
(726, 2244, 'RECIBO DE CAJA LA PLATA', 22, 11, 'DILSA YANETH BUITRON JOYAS', NULL, '36380065', 'L', '1973-02-03', 1, 246840.000, 209814.000, 0.15, '2024-11-05'),
(727, 2245, 'RECIBO DE CAJA LA PLATA', 23, 7, 'ANTONIO  YUGUE', NULL, '76245323', 'L', '1955-03-22', 1, 528539.000, 449258.150, 0.15, '2024-11-05'),
(728, 2246, 'RECIBO DE CAJA LA PLATA', 23, 9, 'GILMA  MUSE NEZ', NULL, '1062086404', 'P', '1994-10-26', 1, 499175.000, 424298.750, 0.15, '2024-11-05'),
(729, 2247, 'RECIBO DE CAJA LA PLATA', 58, 11, 'LUIS EMILIANO POLANCO', NULL, '4686636', 'I', '1954-08-25', 1, 851850.000, 724072.500, 0.15, '2024-11-05'),
(730, 2248, 'RECIBO DE CAJA LA PLATA', 46, 9, 'MANUEL SANTOS DIAZ QUIGUASU', NULL, '1473871', 'L', '1949-11-01', 1, 611320.000, 519622.000, 0.15, '2024-11-05'),
(731, 2248, 'RECIBO DE CAJA LA PLATA', 55, 9, 'MANUEL SANTOS DIAZ QUIGUASU', NULL, '1473871', 'L', '1949-11-01', 1, 1254525.000, 1066346.250, 0.15, '2024-11-05'),
(732, 2249, 'RECIBO DE CAJA LA PLATA', 23, 21, 'MARIA DEL CARMEN MENDEZ DE LOPEZ', NULL, '33113768', 'L', '1942-02-25', 1, 587265.000, 499175.250, 0.15, '2024-11-05'),
(733, 2250, 'RECIBO DE CAJA LA PLATA', 23, 26, 'OLGA MARIA FIGUEROA SOTO', NULL, '36378516', 'L', '1955-08-01', 1, 499175.250, 424298.962, 0.15, '2024-11-05'),
(734, 2251, 'RECIBO DE CAJA LA PLATA', 23, 26, 'JOHAN SEBASTIAN TRUJILLO YAFI', NULL, '1075310379', 'M', '1998-03-27', 1, 499175.250, 424298.962, 0.15, '2024-11-06'),
(735, 2252, 'RECIBO DE CAJA LA PLATA', 44, 10, 'NIBIA COSTANSA SALAMANCA', NULL, '55183692', 'F', '1984-05-13', 1, 643400.000, 546890.000, 0.15, '2024-11-06'),
(736, 2253, 'RECIBO DE CAJA LA PLATA', 23, 26, 'MANUEL JOSE LOSADA GUERRERO', NULL, '12270175', 'M', '1959-08-30', 1, 499175.250, 424298.962, 0.15, '2024-11-06'),
(737, 2254, 'RECIBO DE CAJA LA PLATA', 22, 11, 'VICENTA  CABRERA ALVAREZ', NULL, '36380406', 'F', '1973-06-21', 1, 246840.000, 209814.000, 0.15, '2024-11-06'),
(738, 2255, 'RECIBO DE CAJA LA PLATA', 28, 26, 'MANUEL JOSE LOSADA GUERRERO', NULL, '12270175', 'M', '1959-08-30', 1, 500905.000, 425769.250, 0.15, '2024-11-06'),
(739, 2255, 'RECIBO DE CAJA LA PLATA', 64, 26, 'MANUEL JOSE LOSADA GUERRERO', NULL, '12270175', 'M', '1959-08-30', 1, 500905.000, 425769.250, 0.15, '2024-11-06'),
(740, 2255, 'RECIBO DE CAJA LA PLATA', 75, 26, 'MANUEL JOSE LOSADA GUERRERO', NULL, '12270175', 'M', '1959-08-30', 1, 852125.000, 724306.250, 0.15, '2024-11-06'),
(741, 2255, 'RECIBO DE CAJA LA PLATA', 62, 26, 'MANUEL JOSE LOSADA GUERRERO', NULL, '12270175', 'M', '1959-08-30', 1, 546890.000, 464856.500, 0.15, '2024-11-06'),
(742, 2256, 'RECIBO DE CAJA LA PLATA', 23, 7, 'MERCEDES  ZARRIA BARRERA', NULL, '26522946', 'F', '1938-02-27', 1, 528539.000, 449258.150, 0.15, '2024-11-06'),
(743, 2257, 'RECIBO DE CAJA LA PLATA', 23, 17, 'GREISLY  CABALLERO SANCHEZ', NULL, '1110540397', 'F', '1993-03-01', 1, 352400.000, 299540.000, 0.15, '2024-11-06'),
(744, 2258, 'RECIBO DE CAJA LA PLATA', 23, 9, 'ANDREY JHOAN CAMAYO CASAMACHIN', NULL, '1081398636', 'F', '2004-12-03', 1, 499175.000, 424298.750, 0.15, '2024-11-07'),
(745, 2258, 'RECIBO DE CAJA LA PLATA', 44, 9, 'ANDREY JHOAN CAMAYO CASAMACHIN', NULL, '1081398636', 'F', '2004-12-03', 1, 546890.000, 464856.500, 0.15, '2024-11-07'),
(746, 2259, 'RECIBO DE CAJA LA PLATA', 46, 44, 'URBANO  YUNDA GUEVARA', NULL, '4915762', 'M', '1939-04-26', 1, 719200.000, 611320.000, 0.15, '2024-11-07'),
(747, 2260, 'RECIBO DE CAJA LA PLATA', 23, 4, 'DANIEL JOSUE ARTIAGA BUSTAMANTE', NULL, '20533848', 'M', '1990-05-07', 1, 690900.000, 587265.000, 0.15, '2024-11-07'),
(748, 2260, 'RECIBO DE CAJA LA PLATA', 44, 4, 'DANIEL JOSUE ARTIAGA BUSTAMANTE', NULL, '20533848', 'M', '1990-05-07', 1, 643400.000, 546890.000, 0.15, '2024-11-07'),
(749, 2261, 'RECIBO DE CAJA LA PLATA', 55, 7, 'MARIA DE LA CRUZ IBAGON DE HERNANDEZ', NULL, '36272606', 'F', '1955-05-02', 1, 1301850.000, 1106572.500, 0.15, '2024-11-07'),
(750, 2261, 'RECIBO DE CAJA LA PLATA', 47, 7, 'MARIA DE LA CRUZ IBAGON DE HERNANDEZ', NULL, '36272606', 'F', '1955-05-02', 1, 977280.000, 830688.000, 0.15, '2024-11-07'),
(751, 2262, 'RECIBO DE CAJA LA PLATA', 25, 7, 'YUDY  CUELLAR GARCES', NULL, '1081700588', 'F', '1993-03-21', 1, 781470.000, 664249.500, 0.15, '2024-11-07'),
(752, 2263, 'RECIBO DE CAJA LA PLATA', 58, 7, 'LINA FERNANDA PERDOMO TRUJILLO', NULL, '1004074791', 'F', '2003-08-13', 1, 842385.000, 716027.250, 0.15, '2024-11-07'),
(753, 2264, 'RECIBO DE CAJA LA PLATA', 46, 17, 'MARIA LOURDES EMBUS CHACUE', NULL, '26473581', 'F', '1955-02-11', 1, 359600.000, 305660.000, 0.15, '2024-11-07'),
(754, 2265, 'RECIBO DE CAJA LA PLATA', 66, 7, 'JAIRO ERNEY RUBIANO CAMPO', NULL, '83240689', 'M', '1969-06-28', 1, 524477.000, 445805.450, 0.15, '2024-11-07'),
(755, 2265, 'RECIBO DE CAJA LA PLATA', 75, 7, 'JAIRO ERNEY RUBIANO CAMPO', NULL, '83240689', 'M', '1969-06-28', 1, 892225.000, 758391.250, 0.15, '2024-11-07'),
(756, 2266, 'RECIBO DE CAJA LA PLATA', 58, 11, 'OVEIMAR  ARIAS CARDONA', NULL, '1081393137', 'M', '1986-04-20', 1, 851850.000, 724072.500, 0.15, '2024-11-07'),
(757, 2267, 'RECIBO DE CAJA LA PLATA', 23, 14, 'DOLLY YUBELLY CHANTRE CURZ', NULL, '1004251535', 'F', '1994-11-14', 1, 690900.000, 587265.000, 0.15, '2024-11-08'),
(758, 2268, 'RECIBO DE CAJA LA PLATA', 58, 26, 'MARY  ACHURY DE BURGOS', NULL, '26519075', 'F', '1941-05-09', 1, 804525.000, 683846.250, 0.15, '2024-11-08'),
(759, 2269, 'RECIBO DE CAJA LA PLATA', 55, 26, 'PEDRO VICENTE LESMES GARZON', NULL, '18436113', 'F', '1983-01-26', 1, 1254525.000, 1066346.250, 0.15, '2024-11-08'),
(760, 2270, 'RECIBO DE CAJA LA PLATA', 23, 5, 'CARLOS ANDRES DIAZ MONTAÑO', NULL, '1110043663', 'M', '2007-09-20', 1, 690900.000, 587265.000, 0.15, '2024-11-08'),
(761, 2271, 'RECIBO DE CAJA LA PLATA', 64, 18, 'MERCEDES  ANDRADE CALDON', NULL, '36376831', 'F', '1953-03-04', 1, 589300.000, 500905.000, 0.15, '2024-11-09'),
(762, 2272, 'RECIBO DE CAJA LA PLATA', 23, 7, 'DORIS  CHANTRE VOLVERAS', NULL, '36384047', 'F', '1974-11-29', 1, 528539.000, 449258.150, 0.15, '2024-11-09'),
(763, 2273, 'RECIBO DE CAJA LA PLATA', 25, 17, 'FABIOLA  RIVAS LAVAO', NULL, '26471056', 'F', '1970-06-26', 1, 434150.000, 369027.500, 0.15, '2024-11-09'),
(764, 2274, 'RECIBO DE CAJA LA PLATA', 55, 26, 'JOSE IGNACIO LIZCANO YAZNO', NULL, '1624743', 'M', '1936-10-05', 1, 1254525.000, 1066346.250, 0.15, '2024-11-12'),
(765, 2275, 'RECIBO DE CAJA LA PLATA', 46, 7, 'LUIS CARLOS PEREZ PEREZ', NULL, '4915416', 'M', '1936-08-26', 1, 640088.000, 544074.800, 0.15, '2024-11-12'),
(766, 2276, 'RECIBO DE CAJA LA PLATA', 23, 7, 'CRISTHIAN FERNANDO MEDINA RAMIREZ', NULL, '1079411327', 'M', '1994-04-09', 1, 528539.000, 449258.150, 0.15, '2024-11-12'),
(767, 2277, 'RECIBO DE CAJA LA PLATA', 23, 9, 'GILBERTO  GUTIERREZ PENA', NULL, '4687794', 'M', '1951-04-18', 1, 499175.000, 424298.750, 0.15, '2024-11-12'),
(768, 2278, 'RECIBO DE CAJA LA PLATA', 23, 29, 'SORANY ESPERANZA NARVALEZ', NULL, '36383199', 'F', '1979-01-10', 1, 499175.000, 424298.750, 0.15, '2024-11-12'),
(769, 2279, 'RECIBO DE CAJA LA PLATA', 23, 27, 'LIDA FERNANDA CAMPOS RAMIREZ', NULL, '1004148756', 'F', '1999-08-29', 1, 528539.000, 449258.150, 0.15, '2024-11-12'),
(770, 2280, 'RECIBO DE CAJA LA PLATA', 44, 5, 'JULIAN ANDRES SAMBONI MUÑOZ', NULL, '87248115', 'M', '1978-10-03', 1, 643400.000, 546890.000, 0.15, '2024-11-12'),
(771, 2280, 'RECIBO DE CAJA LA PLATA', 23, 5, 'JULIAN ANDRES SAMBONI MUÑOZ', NULL, '87248115', 'M', '1978-10-03', 1, 690900.000, 587265.000, 0.15, '2024-11-12'),
(772, 2281, 'RECIBO DE CAJA LA PLATA', 44, 4, 'DIEGO FERNANDO VALDERRAMA MENDEZ', NULL, '11255594', 'M', '1982-02-05', 3, 1930200.000, 1640670.000, 0.15, '2024-11-12'),
(773, 2282, 'RECIBO DE CAJA LA PLATA', 23, 9, 'FANNY ANDREA RIVERA YAQUI', NULL, '1007209164', 'F', '1990-04-20', 1, 499175.000, 424298.750, 0.15, '2024-11-12'),
(774, 2283, 'RECIBO DE CAJA LA PLATA', 23, 5, 'ALEJANDRO  CANDELA MENSA', NULL, '1081408876', 'M', '2008-11-10', 1, 690900.000, 587265.000, 0.15, '2024-11-12'),
(775, 2284, 'RECIBO DE CAJA LA PLATA', 23, 29, 'WILMER ALEXANDER ARCE RAYO', NULL, '1007301006', 'M', '2001-06-28', 1, 499175.000, 424298.750, 0.15, '2024-11-12'),
(776, 2285, 'RECIBO DE CAJA LA PLATA', 23, 12, 'JONATHAN ARLEY AREVALÑO PORTILLA', NULL, '1126447002', 'M', '2001-11-01', 1, 690900.000, 587265.000, 0.15, '2024-11-12'),
(777, 2285, 'RECIBO DE CAJA LA PLATA', 32, 12, 'JONATHAN ARLEY AREVALÑO PORTILLA', NULL, '1126447002', 'M', '2001-11-01', 1, 758200.000, 644470.000, 0.15, '2024-11-12'),
(778, 2286, 'RECIBO DE CAJA LA PLATA', 23, 46, 'GABRIELA  TRUJILLO ANAYA', NULL, '36375264', 'F', '1954-09-27', 1, 690900.000, 587265.000, 0.15, '2024-11-12'),
(779, 2287, 'RECIBO DE CAJA LA PLATA', 23, 47, 'ZAIRA PIEDAD ROJAS OSSO', NULL, '1079412345', 'F', '1998-03-15', 1, 690900.000, 587265.000, 0.15, '2024-11-12'),
(780, 2288, 'RECIBO DE CAJA LA PLATA', 23, 5, 'JARVI  PEDREROS SUNS', NULL, '1010082099', 'M', '1993-08-11', 1, 690900.000, 587265.000, 0.15, '2024-11-12'),
(781, 2289, 'RECIBO DE CAJA LA PLATA', 23, 11, 'MARIA YISEL GARCIA ARANGO', NULL, '1073710687', 'F', '1997-06-17', 1, 528539.000, 449258.150, 0.15, '2024-11-12'),
(782, 2290, 'RECIBO DE CAJA LA PLATA', 22, 25, 'MARIA JOSEFA MONTEALEGRE AMAYA', NULL, '26521271', 'F', '1956-08-19', 1, 261360.000, 222156.000, 0.15, '2024-11-12'),
(783, 2291, 'RECIBO DE CAJA LA PLATA', 46, 7, 'JUSTINO  RAMIREZ PERDOMO', NULL, '1624917', 'M', '1941-08-14', 1, 640088.000, 544074.800, 0.15, '2024-11-12'),
(784, 2292, 'RECIBO DE CAJA LA PLATA', 23, 45, 'CLAUDIA LILIANA MANIOS AGREDO', NULL, '55131510', 'F', '1985-02-10', 1, 499175.250, 424298.962, 0.15, '2024-11-12'),
(785, 2293, 'RECIBO DE CAJA LA PLATA', 23, 7, 'JUSTINO  RAMIREZ PERDOMO', NULL, '1624917', 'M', '1941-08-14', 1, 528539.000, 449258.150, 0.15, '2024-11-12'),
(786, 2294, 'RECIBO DE CAJA LA PLATA', 54, 11, 'ALDAIR  CALAPSU CHILMA', NULL, '1002876715', 'M', '2000-12-06', 1, 851850.000, 724072.500, 0.15, '2024-11-12'),
(787, 2295, 'RECIBO DE CAJA LA PLATA', 23, 7, 'ANYELA ADRIANA GOMEZ VARGAS', NULL, '53090001', 'F', '1984-04-01', 1, 528539.000, 449258.150, 0.15, '2024-11-13'),
(788, 2296, 'RECIBO DE CAJA LA PLATA', 46, 7, 'LAUREANO  MEDINA RODRIGUEZ', NULL, '4918628', 'M', '1951-03-29', 1, 640088.000, 544074.800, 0.15, '2024-11-13'),
(789, 2297, 'RECIBO DE CAJA LA PLATA', 23, 26, 'CRISTIAN DAVID QUIRA PISSO', NULL, '1145828842', 'M', '2014-09-10', 1, 499175.250, 424298.962, 0.15, '2024-11-13'),
(790, 2298, 'RECIBO DE CAJA LA PLATA', 22, 17, 'MARIA OLGA ALVAREZ DE ORDOÑEZ', NULL, '36376142', 'F', '1958-11-26', 1, 174200.000, 148070.000, 0.15, '2024-11-13'),
(791, 2299, 'RECIBO DE CAJA LA PLATA', 22, 11, 'EDILMA  PALOMINO PERDOMO', NULL, '36375455', 'F', '1955-07-15', 1, 246840.000, 209814.000, 0.15, '2024-11-13'),
(792, 2300, 'RECIBO DE CAJA LA PLATA', 23, 24, 'SOIR  MORA TAMAYO', NULL, '55162519', 'F', '1971-04-16', 1, 690900.000, 587265.000, 0.15, '2024-11-13'),
(793, 2301, 'RECIBO DE CAJA LA PLATA', 23, 25, 'ANGELICA MARIA ORTIZ PEÑA', NULL, '1081410985', 'F', '1992-11-28', 1, 528539.000, 449258.150, 0.15, '2024-11-13'),
(794, 2301, 'RECIBO DE CAJA LA PLATA', 54, 25, 'ANGELICA MARIA ORTIZ PEÑA', NULL, '1081410985', 'F', '1992-11-28', 1, 851850.000, 724072.500, 0.15, '2024-11-13'),
(795, 2303, 'RECIBO DE CAJA LA PLATA', 58, 9, 'DERLY DAYANNA CHINDICUE GUGU', NULL, '1079408836', 'F', '2005-12-01', 1, 804525.000, 683846.250, 0.15, '2024-11-14'),
(796, 2304, 'RECIBO DE CAJA LA PLATA', 23, 7, 'ESTEFANY ALEJANDRA PERDOMO MOLANO', NULL, '1081421097', 'F', '1998-07-26', 1, 640088.000, 544074.800, 0.15, '2024-11-14'),
(797, 2305, 'RECIBO DE CAJA LA PLATA', 46, 9, 'GILBERTO ALONSO EMBUS GUAR', NULL, '4724725', 'M', '1943-02-01', 1, 611320.000, 519622.000, 0.15, '2024-11-14'),
(798, 2306, 'RECIBO DE CAJA LA PLATA', 55, 26, 'MARTINA  PASOS', NULL, '1062081965', 'F', '1974-06-15', 1, 1254525.000, 1066346.250, 0.15, '2024-11-14'),
(799, 2307, 'RECIBO DE CAJA LA PLATA', 58, 21, 'MARIA DEL CARMEN MENDEZ DE LOPEZ', NULL, '33113768', 'F', '1942-02-25', 1, 946500.000, 804525.000, 0.15, '2024-11-14'),
(800, 2308, 'RECIBO DE CAJA LA PLATA', 23, 9, 'JOSE VICENTE ORTIZ CANDELA', NULL, '12267455', 'M', '1947-11-11', 1, 499175.000, 424298.750, 0.15, '2024-11-14'),
(801, 2309, 'RECIBO DE CAJA LA PLATA', 23, 7, 'ANA JESUS VITOPIA SALAZAR', NULL, '25567269', 'F', '1964-01-25', 1, 640088.000, 544074.800, 0.15, '2024-11-14'),
(802, 2310, 'RECIBO DE CAJA LA PLATA', 58, 7, 'ANTONIO  YUGUE', NULL, '76245323', 'M', '1955-03-22', 1, 842385.000, 716027.250, 0.15, '2024-11-14'),
(803, 2311, 'RECIBO DE CAJA LA PLATA', 23, 7, 'BRYAN ADIEL AMADOR VILLAREAL', NULL, '1081428546', 'M', '2024-04-17', 1, 640088.000, 544074.800, 0.15, '2024-11-14'),
(804, 2312, 'RECIBO DE CAJA LA PLATA', 23, 9, 'NOHEMY  MOROCHO DE VELASCO', NULL, '25559112', 'F', '1951-07-14', 1, 499175.000, 424298.750, 0.15, '2024-11-14'),
(805, 2313, 'RECIBO DE CAJA LA PLATA', 23, 26, 'YONATAN  ANGEL DELGADO', NULL, '1004251145', 'M', '2003-09-10', 1, 499175.250, 424298.962, 0.15, '2024-11-15'),
(806, 2314, 'RECIBO DE CAJA LA PLATA', 46, 9, 'NOHEMY  MOROCHO DE VELASCO', NULL, '25559112', 'F', '1951-07-14', 1, 611320.000, 519622.000, 0.15, '2024-11-15'),
(807, 2315, 'RECIBO DE CAJA LA PLATA', 46, 7, 'OTILIA  JARA DE MEDINA', NULL, '26526684', 'F', '1946-04-02', 1, 640088.000, 544074.800, 0.15, '2024-11-15'),
(808, 2316, 'RECIBO DE CAJA LA PLATA', 22, 11, 'FLOR MARIA ROJAS ANACONA', NULL, '36376357', 'F', '1962-08-12', 1, 246840.000, 209814.000, 0.15, '2024-11-15'),
(809, 2317, 'RECIBO DE CAJA LA PLATA', 22, 17, 'ANA VIOLET PARDO CARAVALI', NULL, '36376989', 'F', '1962-01-07', 1, 174200.000, 148070.000, 0.15, '2024-11-15'),
(810, 2318, 'RECIBO DE CAJA LA PLATA', 23, 21, 'SARA ISABELLA MOLINA CRUZ', NULL, '1145828405', 'F', '2013-08-03', 1, 587265.000, 499175.250, 0.15, '2024-11-15'),
(811, 2319, 'RECIBO DE CAJA LA PLATA', 22, 11, 'GLORIA MARGOT TRUJILLO TRUJILLO', NULL, '36381074', 'F', '1974-04-26', 1, 246840.000, 209814.000, 0.15, '2024-11-15'),
(812, 2320, 'RECIBO DE CAJA LA PLATA', 23, 7, 'LAURA NATHALIA NUÑEZ MENDEZ', NULL, '1081418911', 'F', '1997-02-20', 1, 528539.000, 449258.150, 0.15, '2024-11-15'),
(813, 2321, 'RECIBO DE CAJA LA PLATA', 23, 26, 'ROCIA DEL PILAR YASNO SERRATO', NULL, '1081409758', 'F', '1992-05-13', 1, 499175.250, 424298.962, 0.15, '2024-11-15'),
(814, 2322, 'RECIBO DE CAJA LA PLATA', 55, 9, 'DERLY DAYANNA CHINDICUE GUGU', NULL, '1079408836', 'F', '2005-12-01', 1, 1254525.000, 1066346.250, 0.15, '2024-11-15'),
(815, 2322, 'RECIBO DE CAJA LA PLATA', 47, 9, 'DERLY DAYANNA CHINDICUE GUGU', NULL, '1079408836', 'F', '2005-12-01', 1, 941320.000, 800122.000, 0.15, '2024-11-15'),
(816, 2322, 'RECIBO DE CAJA LA PLATA', 23, 9, 'DERLY DAYANNA CHINDICUE GUGU', NULL, '1079408836', 'F', '2005-12-01', 1, 499175.000, 424298.750, 0.15, '2024-11-15'),
(817, 2323, 'RECIBO DE CAJA LA PLATA', 23, 11, 'AUDENAR  LOSADA MERA', NULL, '12280530', 'M', '1979-09-20', 1, 528539.000, 449258.150, 0.15, '2024-11-15'),
(818, 2324, 'RECIBO DE CAJA LA PLATA', 23, 5, 'LUIS SANTIAGO PLAZA CEBALLES', NULL, '1145831235', 'M', '2017-03-29', 1, 690900.000, 587265.000, 0.15, '2024-11-15'),
(819, 2325, 'RECIBO DE CAJA LA PLATA', 58, 26, 'ERICA  VARGAS', NULL, '26471591', 'F', '1977-02-26', 1, 804525.000, 683846.250, 0.15, '2024-11-16'),
(820, 2326, 'RECIBO DE CAJA LA PLATA', 23, 14, 'ADRIAN FELIPE CEBALLES BONILLA', NULL, '1081399688', 'M', '1988-07-08', 1, 690900.000, 587265.000, 0.15, '2024-11-16'),
(821, 2327, 'RECIBO DE CAJA LA PLATA', 23, 7, 'VALENTINA  BALLEN MENA', NULL, '1079412339', 'F', '2016-02-25', 1, 528539.000, 449258.150, 0.15, '2024-11-16'),
(822, 2328, 'RECIBO DE CAJA LA PLATA', 58, 11, 'GERMAN HUMBERTO CHAVARRO MAÑOSCA', NULL, '4919896', 'M', '1963-11-10', 1, 851850.000, 724072.500, 0.15, '2024-11-16'),
(823, 2329, 'RECIBO DE CAJA LA PLATA', 55, 26, 'CESAR IVAN VARGAS BERMUDEZ', NULL, '1105615365', 'M', '1995-02-26', 1, 1254525.000, 1066346.250, 0.15, '2024-11-16'),
(824, 2330, 'RECIBO DE CAJA LA PLATA', 23, 11, 'LAURA MILENA RAMIREZ ARIAS', NULL, '55130541', 'F', '1982-09-26', 1, 528539.000, 449258.150, 0.15, '2024-11-18'),
(825, 2331, 'RECIBO DE CAJA LA PLATA', 46, 7, 'LAUREANO  MEDINA RODRIGUEZ', NULL, '4918628', 'M', '1951-03-29', 1, 640088.000, 544074.800, 0.15, '2024-11-18'),
(826, 2332, 'RECIBO DE CAJA LA PLATA', 23, 7, 'JUSTINO  RAMIREZ PERDOMO', NULL, '1624917', 'M', '1941-08-14', 1, 528539.000, 449258.150, 0.15, '2024-11-18'),
(827, 2333, 'RECIBO DE CAJA LA PLATA', 55, 7, 'HELENNY  MUÑOZ BELTRAN', NULL, '1004154144', 'F', '2002-07-08', 1, 1292385.000, 1098527.250, 0.15, '2024-11-18'),
(828, 2334, 'RECIBO DE CAJA LA PLATA', 46, 26, 'JOSE DARIO SERRATO ANGEL', NULL, '12273390', 'M', '1967-12-12', 1, 611320.000, 519622.000, 0.15, '2024-11-18'),
(829, 2335, 'RECIBO DE CAJA LA PLATA', 55, 7, 'YURI  REALPE DIAZ', NULL, '1004153914', 'F', '2000-01-01', 1, 1292385.000, 1098527.250, 0.15, '2024-11-18'),
(830, 2336, 'RECIBO DE CAJA LA PLATA', 23, 45, 'CRUZ DAVID DINDICUE BRAVO', NULL, '12279575', 'M', '1977-10-04', 1, 499175.250, 424298.962, 0.15, '2024-11-18'),
(831, 2337, 'RECIBO DE CAJA LA PLATA', 23, 11, 'OLGA MARIA EMBUS HERNANDEZ', NULL, '26517150', 'F', '1936-10-17', 1, 528539.000, 449258.150, 0.15, '2024-11-18'),
(832, 2338, 'RECIBO DE CAJA LA PLATA', 58, 48, 'JHON FREDY CHICA RAMIREZ RAMIREZ', NULL, '71353762', 'M', '1981-01-26', 1, 946500.000, 804525.000, 0.15, '2024-11-18'),
(833, 2339, 'RECIBO DE CAJA LA PLATA', 55, 26, 'SILVIA  LOSADA GUZMAN', NULL, '1076982572', 'F', '1983-05-15', 1, 1254525.000, 1066346.250, 0.15, '2024-11-18'),
(834, 2340, 'RECIBO DE CAJA LA PLATA', 23, 9, 'AURELIO  BASTO VIVAS', NULL, '12267203', 'M', '1947-02-21', 1, 499175.000, 424298.750, 0.15, '2024-11-18'),
(835, 2341, 'RECIBO DE CAJA LA PLATA', 23, 5, 'HECTOR FABIO TAMAYO VALENCIA', NULL, '12279285', 'M', '1978-04-24', 1, 690900.000, 587265.000, 0.15, '2024-11-18'),
(836, 2341, 'RECIBO DE CAJA LA PLATA', 44, 5, 'HECTOR FABIO TAMAYO VALENCIA', NULL, '12279285', 'M', '1978-04-24', 1, 643400.000, 546890.000, 0.15, '2024-11-18'),
(837, 2342, 'RECIBO DE CAJA LA PLATA', 58, 7, 'FERMINA  VITECHI VITECHI', NULL, '39747297', 'F', '1966-12-26', 1, 842385.000, 716027.250, 0.15, '2024-11-18'),
(838, 2343, 'RECIBO DE CAJA LA PLATA', 46, 26, 'LUIS ARTURO VARGAS CERQUERA', NULL, '12268387', 'M', '1952-06-25', 1, 611320.000, 519622.000, 0.15, '2024-11-18'),
(839, 2344, 'RECIBO DE CAJA LA PLATA', 32, 26, 'LEAN JULIAN SAENZ EMBUS', NULL, '1081426392', 'M', '2021-03-08', 1, 644470.000, 547799.500, 0.15, '2024-11-18'),
(840, 2345, 'RECIBO DE CAJA LA PLATA', 55, 9, 'NOHEMY  MOROCHO DE VELASCO', NULL, '25559112', 'F', '1951-07-14', 1, 1254525.000, 1066346.250, 0.15, '2024-11-18'),
(841, 2346, 'RECIBO DE CAJA LA PLATA', 56, 9, 'JORGE HELIO QUIPO NARVAEZ', NULL, '83091349', 'M', '1970-02-14', 1, 500905.000, 425769.250, 0.15, '2024-11-18'),
(842, 2347, 'RECIBO DE CAJA LA PLATA', 58, 7, 'JOSE ADRIAN LOSADA CERQUERA', NULL, '7692453', 'M', '1973-03-11', 1, 842385.000, 716027.250, 0.15, '2024-11-18'),
(843, 2348, 'RECIBO DE CAJA LA PLATA', 23, 9, 'NINFA YASMIN OTALORA VILLANUEVA', NULL, '36383198', 'F', '1976-10-08', 1, 499175.000, 424298.750, 0.15, '2024-11-18'),
(844, 2349, 'RECIBO DE CAJA LA PLATA', 58, 11, 'JOSE NEYITH RAMIREZ ANACONA', NULL, '1061729137', 'M', '1990-05-20', 1, 851850.000, 724072.500, 0.15, '2024-11-18'),
(845, 2350, 'RECIBO DE CAJA LA PLATA', 23, 26, 'JOAN SEBASTIAN FERNANDEZ MUÑOZ', NULL, '1081396738', 'M', '2005-06-25', 1, 499175.250, 424298.962, 0.15, '2024-11-18'),
(846, 2351, 'RECIBO DE CAJA LA PLATA', 23, 7, 'ELCIRA  PERDOMO ZULETA', NULL, '26514412', 'F', '1941-09-19', 1, 528539.000, 449258.150, 0.15, '2024-11-18'),
(847, 2352, 'RECIBO DE CAJA LA PLATA', 23, 9, 'WUENDY YULIZA CHAVEZ VARGAS', NULL, '1062092618', 'F', '2018-05-27', 1, 499175.000, 424298.750, 0.15, '2024-11-18'),
(848, 2353, 'RECIBO DE CAJA LA PLATA', 58, 9, 'NELSON  ACHIPIZ ICO', NULL, '12277410', 'F', '1974-07-16', 1, 804525.000, 683846.250, 0.15, '2024-11-18'),
(849, 2354, 'RECIBO DE CAJA LA PLATA', 58, 11, 'CELSO JAIR YASNO ANGEL', NULL, '12279010', 'M', '1978-07-12', 1, 851850.000, 724072.500, 0.15, '2024-11-19'),
(850, 2355, 'RECIBO DE CAJA LA PLATA', 23, 11, 'DAMARIS ASTRID HIO IBAGON', NULL, '1081404145', 'F', '1989-05-15', 1, 528539.000, 449258.150, 0.15, '2024-11-19'),
(851, 2356, 'RECIBO DE CAJA LA PLATA', 23, 9, 'MARIA MERCEDES PETE DE PONTON', NULL, '25564421', 'F', '1944-08-13', 1, 499175.000, 424298.750, 0.15, '2024-11-19'),
(852, 2357, 'RECIBO DE CAJA LA PLATA', 55, 26, 'ELIANA YICELA ORDOÑEZ DELGADO', NULL, '1144633061', 'F', '2014-07-02', 1, 1254525.000, 1066346.250, 0.15, '2024-11-19'),
(853, 2358, 'RECIBO DE CAJA LA PLATA', 44, 26, 'JUAN DIEGO CHILITO CUELLO', NULL, '1081405081', 'F', '2008-05-24', 1, 546890.000, 464856.500, 0.15, '2024-11-19'),
(854, 2359, 'RECIBO DE CAJA LA PLATA', 22, 11, 'CRUSANA  ZAMBRANO CORDOBA', NULL, '36303491', 'F', '1981-02-18', 1, 242340.000, 205989.000, 0.15, '2024-11-19'),
(855, 2360, 'RECIBO DE CAJA LA PLATA', 23, 11, 'GERONIMO  MARTINEZ RAMIREZ', NULL, '1081417077', 'M', '2014-03-07', 1, 528539.000, 449258.150, 0.15, '2024-11-19'),
(856, 2361, 'RECIBO DE CAJA LA PLATA', 73, 7, 'BEATRIZ  POLANCO MONJE', NULL, '26469678', 'F', '1939-02-05', 1, 1275653.000, 1084305.050, 0.15, '2024-11-19'),
(857, 2362, 'RECIBO DE CAJA LA PLATA', 55, 26, 'FILIMON  BRAVO LUNA', NULL, '12277477', 'M', '1964-01-24', 1, 1254525.000, 1066346.250, 0.15, '2024-11-19'),
(858, 2362, 'RECIBO DE CAJA LA PLATA', 46, 26, 'FILIMON  BRAVO LUNA', NULL, '12277477', 'M', '1964-01-24', 1, 611320.000, 519622.000, 0.15, '2024-11-19'),
(859, 2363, 'RECIBO DE CAJA LA PLATA', 23, 7, 'SARAY LUCIANA VITOVIS LOSADA', NULL, '1081423169', 'F', '2017-11-01', 1, 528539.000, 449258.150, 0.15, '2024-11-20'),
(860, 2364, 'RECIBO DE CAJA LA PLATA', 46, 27, 'GREGORIO  MANQUILLO PIZO', NULL, '12270610', 'M', '1946-12-04', 1, 647280.000, 550188.000, 0.15, '2024-11-20'),
(861, 2365, 'RECIBO DE CAJA LA PLATA', 23, 45, 'YOLANDA  VARGAS DE ANGEL', NULL, '26519844', 'F', '1944-05-09', 1, 499175.250, 424298.962, 0.15, '2024-11-20'),
(862, 2366, 'RECIBO DE CAJA LA PLATA', 46, 26, 'MANUEL JOSE RENGIFO RAMIREZ', NULL, '12269473', 'M', '1957-09-29', 1, 611320.000, 519622.000, 0.15, '2024-11-20'),
(863, 2367, 'RECIBO DE CAJA LA PLATA', 55, 26, 'CLOVED ESTAYLER ORTIZ RAMIREZ', NULL, '55181935', 'F', '1979-03-29', 1, 1254525.000, 1066346.250, 0.15, '2024-11-20'),
(864, 2368, 'RECIBO DE CAJA LA PLATA', 23, 45, 'LICETH BIBIANA ERAZO BETANCOUR', NULL, '1007250634', 'F', '2000-04-15', 1, 499175.250, 424298.962, 0.15, '2024-11-20'),
(865, 2369, 'RECIBO DE CAJA LA PLATA', 22, 11, 'MARIA JESUS PUYO TORRES', NULL, '36377609', 'F', '1966-08-30', 1, 246840.000, 209814.000, 0.15, '2024-11-20'),
(866, 2370, 'RECIBO DE CAJA LA PLATA', 73, 26, 'MANUEL JOSE RENGIFO RAMIREZ', NULL, '12269473', 'M', '1957-09-29', 1, 1238545.000, 1052763.250, 0.15, '2024-11-20'),
(867, 2371, 'RECIBO DE CAJA LA PLATA', 23, 9, 'MISAEL  IQUIRA RAMOS', NULL, '4722754', 'M', '1946-03-16', 1, 499175.000, 424298.750, 0.15, '2024-11-20'),
(868, 2372, 'RECIBO DE CAJA LA PLATA', 22, 17, 'LEONOR  CASSO QUILINDO', NULL, '26523191', 'F', '1938-11-07', 1, 174200.000, 148070.000, 0.15, '2024-11-20'),
(869, 2373, 'RECIBO DE CAJA LA PLATA', 23, 11, 'EDUAR FABIAN CUBILLOS PERDOMO', NULL, '1088310502', 'M', '1993-08-06', 1, 528539.000, 449258.150, 0.15, '2024-11-20'),
(870, 2374, 'RECIBO DE CAJA LA PLATA', 55, 10, 'MARIA LIBIA PIÑACUE ACHICUE', NULL, '25464702', 'F', '1970-05-07', 1, 1396500.000, 1187025.000, 0.15, '2024-11-20'),
(871, 2375, 'RECIBO DE CAJA LA PLATA', 46, 9, 'GILDAVER  CUENE PACHO', NULL, '1062076692', 'M', '2005-09-04', 1, 611320.000, 519622.000, 0.15, '2024-11-20'),
(872, 1334, 'RECIBO DE CAJA LA PLATA', 58, 7, 'LUZ MIRIAN CARVAJAL TOVAR', NULL, '26437965', 'F', '1974-07-23', 1, 842385.000, 841121.423, 0.15, '2024-08-01'),
(873, 1336, 'RECIBO DE CAJA LA PLATA', 58, 7, 'BENDICTO  CHAMBO ANDRADE', NULL, '83254807', 'F', '1984-05-29', 1, 842385.000, 841121.423, 0.15, '2024-08-01'),
(874, 1337, 'RECIBO DE CAJA LA PLATA', 23, 9, 'ALFAIR  QUINA GUAR', NULL, '1062083261', 'M', '2010-02-08', 1, 499175.000, 498426.238, 0.15, '2024-08-01'),
(875, 1338, 'RECIBO DE CAJA LA PLATA', 23, 7, 'CRISTIAN HERNAN LOPEZ YASNO', NULL, '12283706', 'M', '1985-04-08', 1, 522666.000, 521882.001, 0.15, '2024-08-01'),
(876, 1340, 'RECIBO DE CAJA LA PLATA', 55, 9, 'JESUS ENRIQUE PERDOMO IBAGON', NULL, '12283626', 'M', '1985-05-24', 1, 1254525.000, 1252643.213, 0.15, '2024-08-01'),
(877, 1341, 'RECIBO DE CAJA LA PLATA', 75, 5, 'JUAN CAMILO VASQUEZ SANCHEZ', NULL, '1000218592', 'M', '1996-01-30', 1, 1002500.000, 1000996.250, 0.15, '2024-08-01'),
(878, 1341, 'RECIBO DE CAJA LA PLATA', 66, 5, 'JUAN CAMILO VASQUEZ SANCHEZ', NULL, '1000218592', 'M', '1996-01-30', 1, 589300.000, 588416.050, 0.15, '2024-08-01'),
(879, 1342, 'RECIBO DE CAJA LA PLATA', 66, 10, 'RAMON  DURAN FIESCO', NULL, '12095051', 'M', '1944-11-20', 1, 589300.000, 588416.050, 0.15, '2024-08-01'),
(880, 1343, 'RECIBO DE CAJA LA PLATA', 73, 11, 'MARIA ELENA CORDOBA SAAVEDRA', NULL, '36075002', 'F', '1932-10-21', 1, 1284930.000, 1283002.605, 0.15, '2024-08-01'),
(881, 1344, 'RECIBO DE CAJA LA PLATA', 23, 7, 'SEBASTIAN  HOYOS MARIN', NULL, '1145825549', 'M', '2010-03-12', 1, 522666.000, 521882.001, 0.15, '2024-08-01'),
(882, 1345, 'RECIBO DE CAJA LA PLATA', 46, 26, 'JOSE DARIO SERRATO ANGEL', NULL, '12273390', 'M', '1967-12-12', 1, 611320.000, 610403.020, 0.15, '2024-08-02'),
(883, 1347, 'RECIBO DE CAJA LA PLATA', 46, 17, 'HOLMES  HERNANDEZ HUERFIA', NULL, '14280455', 'M', '1978-11-14', 1, 359600.000, 359060.600, 0.15, '2024-08-02'),
(884, 1348, 'RECIBO DE CAJA LA PLATA', 23, 26, 'YOIMER ERLEY RAMIREZ ALVIRA', NULL, '1004250475', 'M', '2003-03-29', 1, 499175.250, 498426.487, 0.15, '2024-08-02'),
(885, 1349, 'RECIBO DE CAJA LA PLATA', 75, 11, 'LEONOR  ANAYA RAMIREZ', NULL, '36378338', 'F', '1967-11-27', 1, 902250.000, 900896.625, 0.15, '2024-08-02'),
(886, 1349, 'RECIBO DE CAJA LA PLATA', 66, 11, 'LEONOR  ANAYA RAMIREZ', NULL, '36378338', 'F', '1967-11-27', 1, 530370.000, 529574.445, 0.15, '2024-08-02'),
(887, 1350, 'RECIBO DE CAJA LA PLATA', 23, 28, 'DOROTEA  TRIANA EPIA', NULL, '26520473', 'F', '1952-11-10', 1, 499175.250, 498426.487, 0.15, '2024-08-02'),
(888, 1351, 'RECIBO DE CAJA LA PLATA', 46, 9, 'MOISES  MUNDI PACHO', NULL, '1081408171', 'M', '1990-11-30', 1, 611320.000, 610403.020, 0.15, '2024-08-02'),
(889, 1352, 'RECIBO DE CAJA LA PLATA', 23, 5, 'THIAGO ANDRES VELASCO RESTREPO', NULL, '1145831794', 'M', '2020-07-11', 1, 587265.000, 586384.103, 0.15, '2024-08-03'),
(890, 1353, 'RECIBO DE CAJA LA PLATA', 32, 14, 'SHARIK DAYANA LUNA MUÑOZ', NULL, '1081403705', 'F', '2007-09-24', 1, 758200.000, 757062.700, 0.15, '2024-08-03'),
(891, 1353, 'RECIBO DE CAJA LA PLATA', 23, 14, 'SHARIK DAYANA LUNA MUÑOZ', NULL, '1081403705', 'F', '2007-09-24', 1, 587265.000, 586384.103, 0.15, '2024-08-03'),
(892, 1354, 'RECIBO DE CAJA LA PLATA', 23, 51, 'JESUS ANTONIO ZUÑIGA', NULL, '4920250', 'M', '1971-07-19', 1, 587265.000, 586384.103, 0.15, '2024-08-03'),
(893, 1355, 'RECIBO DE CAJA LA PLATA', 23, 14, 'LISETT CAROLINA VALDEZ VALDES', NULL, '1145824041', 'F', '2007-09-18', 1, 587265.000, 586384.103, 0.15, '2024-08-03'),
(894, 1356, 'RECIBO DE CAJA LA PLATA', 23, 7, 'YINED TERESA URREA SANTACRUZ', NULL, '36379812', 'F', '1965-04-18', 1, 522666.000, 521882.001, 0.15, '2024-08-03'),
(895, 1357, 'RECIBO DE CAJA LA PLATA', 23, 7, 'MARIA PONFILIA BONILLA DE CAMPO', NULL, '26526517', 'F', '1940-09-22', 1, 522666.000, 521882.001, 0.15, '2024-08-03'),
(896, 1358, 'RECIBO DE CAJA LA PLATA', 23, 47, 'JOSE REINEL SANCHEZ SALAZAR', NULL, '12275815', 'M', '1970-06-08', 1, 587265.000, 586384.103, 0.15, '2024-08-05'),
(897, 1359, 'RECIBO DE CAJA LA PLATA', 23, 14, 'LILIANA  GALINDEZ QUIRA', NULL, '1081393125', 'F', '1986-03-27', 1, 587265.000, 586384.103, 0.15, '2024-08-05'),
(898, 1360, 'RECIBO DE CAJA LA PLATA', 23, 26, 'JOSE FARID MONSALVE CAMACHO', NULL, '1081393443', 'M', '1986-03-21', 1, 499175.250, 498426.487, 0.15, '2024-08-05'),
(899, 1362, 'RECIBO DE CAJA LA PLATA', 55, 11, 'SOLEDAD  ANAYA STERLING', NULL, '36383002', 'F', '1978-09-04', 1, 1301850.000, 1299897.225, 0.15, '2024-08-05'),
(900, 1363, 'RECIBO DE CAJA LA PLATA', 23, 7, 'MARTHA LUCIA RODRIGUEZ', NULL, '36384504', 'F', '1975-10-01', 1, 522666.000, 521882.001, 0.15, '2024-08-05'),
(901, 1364, 'RECIBO DE CAJA LA PLATA', 23, 28, 'LIDA  ORTIZ TRIANA', NULL, '29347033', 'F', '1983-01-05', 1, 499175.250, 498426.487, 0.15, '2024-08-05'),
(902, 1365, 'RECIBO DE CAJA LA PLATA', 23, 11, 'LUCAS EVANGELISTA TRUJILLO BOLAÑOS', NULL, '4935961', 'M', '1960-10-07', 1, 528539.000, 527746.192, 0.15, '2024-08-05'),
(903, 1366, 'RECIBO DE CAJA LA PLATA', 23, 15, 'ALBEIRO  CHUCHIMBA SANTACRUZ', NULL, '1004250157', 'M', '2003-02-18', 1, 587265.000, 586384.103, 0.15, '2024-08-05'),
(904, 1367, 'RECIBO DE CAJA LA PLATA', 23, 5, 'DIEGO ANDRES CANDELA ROJAS', NULL, '1004249604', 'M', '2002-10-13', 1, 587265.000, 586384.103, 0.15, '2024-08-05'),
(905, 1367, 'RECIBO DE CAJA LA PLATA', 32, 5, 'DIEGO ANDRES CANDELA ROJAS', NULL, '1004249604', 'M', '2002-10-13', 1, 758200.000, 757062.700, 0.15, '2024-08-05'),
(906, 1368, 'RECIBO DE CAJA LA PLATA', 64, 14, 'NEYDER  EPIA CHICUE', NULL, '83254251', 'F', '1981-03-03', 2, 1178600.000, 1176832.100, 0.15, '2024-08-05'),
(907, 1368, 'RECIBO DE CAJA LA PLATA', 75, 14, 'NEYDER  EPIA CHICUE', NULL, '83254251', 'F', '1981-03-03', 1, 1002500.000, 1000996.250, 0.15, '2024-08-05'),
(908, 1369, 'RECIBO DE CAJA LA PLATA', 23, 5, 'YENIFER STEFFANI VALENCIA GAMBOA', NULL, '1081421774', 'F', '1998-12-09', 1, 587265.000, 586384.103, 0.15, '2024-08-05'),
(909, 1370, 'RECIBO DE CAJA LA PLATA', 23, 5, 'DANNA VALENTINA PATIÑO CALDERON', NULL, '1081405549', 'F', '2008-06-24', 1, 587265.000, 586384.103, 0.15, '2024-08-05'),
(910, 1371, 'RECIBO DE CAJA LA PLATA', 23, 7, 'JUAN GABRIEL ARCINIEGAS JIMENEZ', NULL, '1004063577', 'M', '2024-08-05', 1, 522666.000, 521882.001, 0.15, '2024-08-05'),
(911, 1372, 'RECIBO DE CAJA LA PLATA', 23, 16, 'MAIDY FERNANDA VAQUIRO CHANTRE', NULL, '1007359575', 'F', '2000-05-25', 1, 587265.000, 586384.103, 0.15, '2024-08-05'),
(912, 1373, 'RECIBO DE CAJA LA PLATA', 66, 11, 'AMIRA  HERNANDEZ BASTO', NULL, '30711222', 'F', '1950-03-27', 1, 530370.000, 529574.445, 0.15, '2024-08-05'),
(913, 1373, 'RECIBO DE CAJA LA PLATA', 75, 11, 'AMIRA  HERNANDEZ BASTO', NULL, '30711222', 'F', '1950-03-27', 1, 902250.000, 900896.625, 0.15, '2024-08-05'),
(914, 1374, 'RECIBO DE CAJA LA PLATA', 66, 9, 'MIGUEL ANGEL NES CHACUE', NULL, '1062084355', 'M', '1993-03-26', 1, 500905.000, 500153.643, 0.15, '2024-08-05'),
(915, 1374, 'RECIBO DE CAJA LA PLATA', 75, 9, 'MIGUEL ANGEL NES CHACUE', NULL, '1062084355', 'M', '1993-03-26', 1, 852125.000, 850846.813, 0.15, '2024-08-05'),
(916, 1375, 'RECIBO DE CAJA LA PLATA', 58, 52, 'JORGE LEONARDO RAMIREZ PENNA', NULL, '1081405826', 'M', '1990-06-13', 1, 851850.000, 850572.225, 0.15, '2024-08-05'),
(917, 1376, 'RECIBO DE CAJA LA PLATA', 23, 11, 'JULIETH LORENA MANCHOLA CASTAÑEDA', NULL, '31578286', 'F', '1980-04-19', 1, 528539.000, 527746.192, 0.15, '2024-08-05'),
(918, 1377, 'RECIBO DE CAJA LA PLATA', 23, 7, 'JESUS DAVID RINCON MUÑETON', NULL, '1081405868', 'M', '0000-00-00', 1, 522666.000, 521882.001, 0.15, '2024-08-05'),
(919, 1378, 'RECIBO DE CAJA LA PLATA', 23, 7, 'KATIUSCA ANDREINA LEAL LOPEZ', NULL, '6521895', 'F', '0000-00-00', 1, 522666.000, 521882.001, 0.15, '2024-08-05'),
(920, 1379, 'RECIBO DE CAJA LA PLATA', 23, 11, 'EMMANUEL JESUS BURGOS PEREZ', NULL, '1081424548', 'M', '2018-11-02', 1, 528539.000, 527746.192, 0.15, '2024-08-06'),
(921, 1380, 'RECIBO DE CAJA LA PLATA', 46, 28, 'SEGUNDO MANUEL CRIOLLO MAJIN', NULL, '236850', 'M', '1971-09-01', 1, 611320.000, 610403.020, 0.15, '2024-08-06'),
(922, 1381, 'RECIBO DE CAJA LA PLATA', 23, 9, 'JAFET LEVI VARGAS CHA', NULL, '1062077995', 'M', '2006-06-30', 1, 499175.000, 498426.238, 0.15, '2024-08-06'),
(923, 1382, 'RECIBO DE CAJA LA PLATA', 23, 52, 'ARLEY FABIAN CULMA UNAS', NULL, '1081618076', 'M', '2013-07-14', 1, 528539.000, 527746.192, 0.15, '2024-08-06'),
(924, 1383, 'RECIBO DE CAJA LA PLATA', 23, 13, 'EMILY LUCIA BARRIOS VILLABONA', NULL, '1073180835', 'F', '2018-07-16', 1, 587265.000, 586384.103, 0.15, '2024-08-06'),
(925, 1384, 'RECIBO DE CAJA LA PLATA', 46, 52, 'ROMELIA  BASTIDAS DE MENESES', NULL, '27183270', 'F', '1935-12-31', 1, 647280.000, 646309.080, 0.15, '2024-08-06'),
(926, 1385, 'RECIBO DE CAJA LA PLATA', 23, 5, 'MILTON FABIAN PENCUE VELASCO', NULL, '76007287', 'M', '1982-04-28', 1, 587265.000, 586384.103, 0.15, '2024-08-08'),
(927, 1386, 'RECIBO DE CAJA LA PLATA', 75, 7, 'LIBARDO ANTONIO SARMIENTO NORIEGA', NULL, '85476907', 'M', '1977-03-05', 1, 892225.000, 890886.663, 0.15, '2024-08-06'),
(928, 1386, 'RECIBO DE CAJA LA PLATA', 66, 7, 'LIBARDO ANTONIO SARMIENTO NORIEGA', NULL, '85476907', 'M', '1977-03-05', 1, 524477.000, 523690.285, 0.15, '2024-08-06'),
(929, 1387, 'RECIBO DE CAJA LA PLATA', 23, 30, 'HARRINSON FABIAN TRIANA FERNANDEZ', NULL, '1062078584', 'M', '2006-11-20', 1, 587265.000, 586384.103, 0.15, '2024-08-08'),
(930, 1388, 'RECIBO DE CAJA LA PLATA', 23, 11, 'SARA SOFIA RODRIGUEZ DIAZ', NULL, '1145824738', 'F', '2009-04-20', 1, 528539.000, 527746.192, 0.15, '2024-08-08'),
(931, 1389, 'RECIBO DE CAJA LA PLATA', 23, 7, 'TRINIDAD  CALDON DELGADO', NULL, '26541558', 'F', '1959-07-25', 1, 522666.000, 521882.001, 0.15, '2024-08-08'),
(932, 1390, 'RECIBO DE CAJA LA PLATA', 23, 7, 'JOSE ROBERTINO VARGAS YACUE', NULL, '328452', 'M', '1962-08-06', 1, 522666.000, 521882.001, 0.15, '2024-08-08'),
(933, 1390, 'RECIBO DE CAJA LA PLATA', 44, 7, 'JOSE ROBERTINO VARGAS YACUE', NULL, '328452', 'M', '1962-08-06', 1, 572626.000, 571767.061, 0.15, '2024-08-08'),
(934, 1391, 'RECIBO DE CAJA LA PLATA', 46, 10, 'EDINFA  SANCHEZ ACOSTA', NULL, '26501578', 'F', '1961-10-18', 1, 719200.000, 718121.200, 0.15, '2024-08-08'),
(935, 1392, 'RECIBO DE CAJA LA PLATA', 23, 9, 'LUIS CARLOS MARTINEZ', NULL, '2405564', 'M', '1930-02-08', 1, 499175.000, 498426.238, 0.15, '2024-08-08'),
(936, 1393, 'RECIBO DE CAJA LA PLATA', 23, 18, 'ALEXANDRA MARICELA QUISOBONI ZEMANATE', NULL, '24587730', 'F', '1985-10-01', 1, 587265.000, 586384.103, 0.15, '2024-08-08'),
(937, 1394, 'RECIBO DE CAJA LA PLATA', 55, 28, 'JHON EDINSON FIOLE QUINTERO', NULL, '1107103194', 'M', '1996-10-15', 1, 1254525.000, 1252643.213, 0.15, '2024-08-08'),
(938, 1395, 'RECIBO DE CAJA LA PLATA', 23, 7, 'MARIA CRUZ ACHICUE CHAVEZ', NULL, '36382033', 'F', '1976-08-21', 1, 522666.000, 521882.001, 0.15, '2024-08-08'),
(939, 1396, 'RECIBO DE CAJA LA PLATA', 23, 17, 'DIANA MILEDY ORTIZ ARBELAEZ', NULL, '29901160', 'F', '1977-11-07', 1, 352400.000, 351871.400, 0.15, '2024-08-08'),
(940, 1397, 'RECIBO DE CAJA LA PLATA', 23, 7, 'JOSE GUIMAR ANAYA MERA', NULL, '12273104', 'F', '1966-04-15', 1, 522666.000, 521882.001, 0.15, '2024-08-08'),
(941, 1398, 'RECIBO DE CAJA LA PLATA', 46, 11, 'HERMOGENES  MEDINA GARZON', NULL, '19155536', 'M', '1950-11-06', 1, 647280.000, 646309.080, 0.15, '2024-08-08'),
(942, 1399, 'RECIBO DE CAJA LA PLATA', 23, 11, 'AMIRA  HERNANDEZ BASTO', NULL, '30177222', 'F', '1950-03-27', 1, 528539.000, 527746.192, 0.15, '2024-08-09'),
(943, 1400, 'RECIBO DE CAJA LA PLATA', 23, 9, 'DAYANA  PEREZ MOREA', NULL, '1081401498', 'F', '2007-01-21', 1, 499175.000, 498426.238, 0.15, '2024-08-09');
INSERT INTO `factura` (`id_factura`, `codigo_factura`, `nombre_archivo`, `id_procedimiento`, `id_entidad`, `nombre_paciente`, `tipo_id`, `id_paciente`, `sexo`, `fecha_nacimiento`, `cantidad`, `valor_unitario`, `valor_descuento`, `descuento`, `fecha_procedimiento`) VALUES
(944, 1401, 'RECIBO DE CAJA LA PLATA', 23, 13, 'ALBA LILIA CHAMORRO GOMEZ', NULL, '55212440', 'F', '1982-05-14', 1, 587265.000, 586384.103, 0.15, '2024-08-09'),
(945, 1402, 'RECIBO DE CAJA LA PLATA', 23, 7, 'ISIDRO  OSORIO SANCHEZ', NULL, '4598427', 'M', '1958-01-23', 1, 522666.000, 521882.001, 0.15, '2024-08-10'),
(946, 1403, 'RECIBO DE CAJA LA PLATA', 23, 53, 'LIBARDO  DURAN CABRERA', NULL, '8291132', 'M', '1945-07-08', 1, 587265.000, 586384.103, 0.15, '2024-08-10'),
(947, 1404, 'RECIBO DE CAJA LA PLATA', 23, 30, 'YESSICA ALEXANDRA MONTENEGRO TORRES', NULL, '1081406382', 'F', '2008-11-06', 1, 587265.000, 586384.103, 0.15, '2024-08-12'),
(948, 1405, 'RECIBO DE CAJA LA PLATA', 23, 5, 'BRAYAN CAMILO MAJIN CORTES', NULL, '1004247070', 'M', '2000-01-26', 1, 587265.000, 586384.103, 0.15, '2024-08-12'),
(949, 1406, 'RECIBO DE CAJA LA PLATA', 23, 28, 'MANUEL ALEXANDER CORTES BOLAÑOS', NULL, '1083881643', 'M', '2007-07-26', 1, 499175.250, 498426.487, 0.15, '2024-08-12'),
(950, 1407, 'RECIBO DE CAJA LA PLATA', 23, 5, 'PEDRO IGNACIO MARTINEZ ARAUJO', NULL, '12274051', 'M', '1969-04-25', 1, 587265.000, 586384.103, 0.15, '2024-08-12'),
(951, 1408, 'RECIBO DE CAJA LA PLATA', 23, 7, 'SALVADOR  MARINEZ LADINO', NULL, '1639096', 'M', '1936-03-12', 1, 522666.000, 521882.001, 0.15, '2024-08-12'),
(952, 1409, 'RECIBO DE CAJA LA PLATA', 55, 52, 'MIGUEL ANGEL PAJOY VALENCIA', NULL, '1062083801', 'M', '2010-09-18', 1, 1301850.000, 1299897.225, 0.15, '2024-08-12'),
(953, 1410, 'RECIBO DE CAJA LA PLATA', 23, 14, 'OTONIEL  MONTEALEGRE OSORIO', NULL, '83116711', 'M', '1976-11-04', 1, 587265.000, 586384.103, 0.15, '2024-08-12'),
(954, 1411, 'RECIBO DE CAJA LA PLATA', 73, 26, 'BENJAMIN  TORRES ANDRADE', NULL, '1641464', 'M', '1934-12-31', 1, 1238545.000, 1236687.183, 0.15, '2024-08-12'),
(955, 1412, 'RECIBO DE CAJA LA PLATA', 28, 26, 'GERARDO  QUINA ORTIZ', NULL, '4896951', 'M', '1934-12-31', 1, 500905.000, 500153.643, 0.15, '2024-08-12'),
(956, 1413, 'RECIBO DE CAJA LA PLATA', 23, 14, 'CAROLINA  COLLAZOS VARGAS', NULL, '1081417517', 'F', '1996-04-11', 1, 587265.000, 586384.103, 0.15, '2024-08-12'),
(957, 1414, 'RECIBO DE CAJA LA PLATA', 22, 17, 'ISABEL  LOPEZ CASTILLO', NULL, '55211850', 'F', '1975-04-14', 1, 174200.000, 173938.700, 0.15, '2024-08-12'),
(958, 1415, 'RECIBO DE CAJA LA PLATA', 23, 26, 'ARQUIMEDES  OIDOR MASABUEL', NULL, '1473066', 'M', '1965-11-07', 1, 499175.250, 498426.487, 0.15, '2024-08-12'),
(959, 1416, 'RECIBO DE CAJA LA PLATA', 55, 9, 'CARMENZA  VISUS YANDI', NULL, '25560947', 'F', '1974-07-29', 1, 1254525.000, 1252643.213, 0.15, '2024-08-12'),
(960, 1417, 'RECIBO DE CAJA LA PLATA', 23, 14, 'WILMER ALBERTO ALMARIO SON', NULL, '1079508500', 'M', '1989-05-28', 1, 587265.000, 586384.103, 0.15, '2024-08-12'),
(961, 1417, 'RECIBO DE CAJA LA PLATA', 32, 14, 'WILMER ALBERTO ALMARIO SON', NULL, '1079508500', 'M', '1989-05-28', 1, 758200.000, 757062.700, 0.15, '2024-08-12'),
(962, 1418, 'RECIBO DE CAJA LA PLATA', 29, 13, 'DILAN SANTIAGO CAMPO CHANTRE', NULL, '1081421461', 'M', '2018-05-05', 1, 799300.000, 798101.050, 0.15, '2024-08-13'),
(963, 1419, 'RECIBO DE CAJA LA PLATA', 46, 20, 'ELVIO ALIRIO MARTINEZ ARCOS', NULL, '4919020', 'M', '1959-01-23', 1, 719200.000, 718121.200, 0.15, '2024-08-13'),
(964, 1420, 'RECIBO DE CAJA LA PLATA', 46, 52, 'ROMELIA  BASTIDAS DE MENESES', NULL, '27183270', 'F', '1935-12-31', 1, 647280.000, 646309.080, 0.15, '2024-08-13'),
(965, 1422, 'RECIBO DE CAJA LA PLATA', 58, 7, 'YEFFERSON ESNEYDER GOMEZ QUINTYERO', NULL, '1081411490', 'M', '1992-12-24', 1, 842385.000, 841121.423, 0.15, '2024-08-13'),
(966, 1424, 'RECIBO DE CAJA LA PLATA', 58, 9, 'SIRLEY  MORALES MARIN', NULL, '1033784210', 'F', '1996-01-15', 1, 804525.000, 803318.213, 0.15, '2024-08-13'),
(967, 1425, 'RECIBO DE CAJA LA PLATA', 23, 7, 'JUANITA  REALPE GOMEZ', NULL, '26526825', 'F', '1954-01-21', 1, 522666.000, 521882.001, 0.15, '2024-08-14'),
(968, 1426, 'RECIBO DE CAJA LA PLATA', 55, 9, 'ALBERTO  CASTILLO CALDERON', NULL, '12268028', 'M', '1946-12-24', 1, 1254525.000, 1252643.213, 0.15, '2024-08-14'),
(969, 1427, 'RECIBO DE CAJA LA PLATA', 58, 11, 'GILBER ALEXIS CHALA PEÑA', NULL, '1084577283', 'M', '1990-02-06', 1, 851850.000, 850572.225, 0.15, '2024-08-14'),
(970, 1428, 'RECIBO DE CAJA LA PLATA', 23, 11, 'ANTONELLA  MOMPOTES ZAMBRANO', NULL, '1076514917', 'F', '2017-11-26', 1, 528539.000, 527746.192, 0.15, '2024-08-14'),
(971, 1429, 'RECIBO DE CAJA LA PLATA', 47, 52, 'ROMELIA  BASTIDAS DE MENESES', NULL, '27183270', 'F', '1935-12-31', 1, 977280.000, 975814.080, 0.15, '2024-08-14'),
(972, 1430, 'RECIBO DE CAJA LA PLATA', 66, 7, 'KEISY  PERDOMO BRAN', NULL, '44', 'F', '1997-03-24', 1, 524477.000, 523690.285, 0.15, '2024-08-15'),
(973, 1430, 'RECIBO DE CAJA LA PLATA', 75, 7, 'KEISY  PERDOMO BRAN', NULL, '1079509598', 'F', '1997-03-24', 1, 892225.000, 890886.663, 0.15, '2024-08-15'),
(974, 1431, 'RECIBO DE CAJA LA PLATA', 44, 54, 'RICARDO  VARGAS QUIMBAYA', NULL, '83256146', 'M', '1997-01-23', 1, 643400.000, 642434.900, 0.15, '2024-08-15'),
(975, 1431, 'RECIBO DE CAJA LA PLATA', 23, 54, 'RICARDO  VARGAS QUIMBAYA', NULL, '83256146', 'M', '1997-01-23', 1, 587265.000, 586384.103, 0.15, '2024-08-15'),
(976, 1432, 'RECIBO DE CAJA LA PLATA', 23, 11, 'JHON DEIVER GUEVARA JARA', NULL, '', 'M', '2000-03-01', 1, 528539.000, 527746.192, 0.15, '2024-08-15'),
(977, 1433, 'RECIBO DE CAJA LA PLATA', 66, 14, 'MAYIVER  BETANCOURT PASTUSO', NULL, '1081416095', 'F', '1995-09-08', 1, 589300.000, 588416.050, 0.15, '2024-08-15'),
(978, 1434, 'RECIBO DE CAJA LA PLATA', 30, 11, 'TOMAS ALEJANDRO ANGEL ARTUNDUAGA', NULL, '1145831666', 'M', '2017-08-22', 1, 682380.000, 681356.430, 0.15, '2024-08-15'),
(979, 1436, 'RECIBO DE CAJA LA PLATA', 23, 26, 'SERGIO EMILIO PEREZ LASSO', NULL, '4918622', 'M', '1950-03-15', 1, 499175.250, 498426.487, 0.15, '2024-08-15'),
(980, 1437, 'RECIBO DE CAJA LA PLATA', 44, 51, 'JOSE MILLER RAMIREZ MANCHOLA', NULL, '1079509306', 'M', '1995-04-19', 2, 1178600.000, 1176832.100, 0.15, '2024-08-15'),
(981, 1438, 'RECIBO DE CAJA LA PLATA', 46, 26, 'MARIA ANTONIA MUCHICON HUELGA', NULL, '36377198', 'F', '1956-04-13', 1, 611320.000, 610403.020, 0.15, '2024-08-15'),
(982, 1439, 'RECIBO DE CAJA LA PLATA', 23, 26, 'ARANZA  PAYA BECERRA', NULL, '1081425413', 'F', '2019-08-07', 1, 499175.250, 498426.487, 0.15, '2024-08-15'),
(983, 1440, 'RECIBO DE CAJA LA PLATA', 23, 9, 'MARIA BLANCA QUILINDO DE QUILINDO', NULL, '25741595', 'F', '1948-04-09', 1, 499175.000, 498426.238, 0.15, '2024-08-16'),
(984, 1441, 'RECIBO DE CAJA LA PLATA', 23, 7, 'AUDELINO  VALDERRAMA LEGUIZAMO', NULL, '1625984', 'M', '1939-06-22', 1, 522666.000, 521882.001, 0.15, '2024-08-16'),
(985, 1442, 'RECIBO DE CAJA LA PLATA', 30, 10, 'BETULFO  CHAUX CERQUERA', NULL, '93286112', 'M', '1957-06-15', 1, 758200.000, 757062.700, 0.15, '2024-08-16'),
(986, 1443, 'RECIBO DE CAJA LA PLATA', 22, 17, 'FANNY  GUEVARA', NULL, '1143824917', 'F', '1988-05-25', 1, 174200.000, 173938.700, 0.15, '2024-08-16'),
(987, 1444, 'RECIBO DE CAJA LA PLATA', 23, 5, 'JOSE HERIBERTO GONZALEZ YONDAPIZ', NULL, '4729393', 'M', '1965-12-25', 1, 587265.000, 586384.103, 0.15, '2024-08-16'),
(988, 1445, 'RECIBO DE CAJA LA PLATA', 58, 11, 'JOSE KERLINSON TRIANA ANDELA', NULL, '80055674', 'M', '1979-10-16', 1, 851850.000, 850572.225, 0.15, '2024-08-17'),
(989, 1446, 'RECIBO DE CAJA LA PLATA', 23, 7, 'SHERMAN ADRIAN GONZALEZ MARTINEZ', NULL, '1080264689', 'M', '2017-08-27', 1, 522666.000, 521882.001, 0.15, '2024-08-17'),
(990, 1447, 'RECIBO DE CAJA LA PLATA', 23, 14, 'ALVARO ANDRES ROCERO CALDON', NULL, '1081415855', 'M', '1995-08-13', 1, 587265.000, 586384.103, 0.15, '2024-08-17'),
(991, 1448, 'RECIBO DE CAJA LA PLATA', 58, 7, 'JOSE JOAQUIN GOMEZ BONILLA', NULL, '12270131', 'M', '1954-11-24', 1, 842385.000, 841121.423, 0.15, '2024-08-17'),
(992, 1449, 'RECIBO DE CAJA LA PLATA', 58, 26, 'ANGIE LISETH DUSSAN MACIAS', NULL, '1083890320', 'F', '1991-02-28', 1, 804525.000, 803318.213, 0.15, '2024-08-17'),
(993, 1451, 'RECIBO DE CAJA LA PLATA', 33, 7, 'STEFANNY YULIANA DIAZ VAQUIRO', NULL, '1004153505', 'F', '2000-09-05', 1, 674798.000, 673785.803, 0.15, '2024-08-17'),
(994, 1452, 'RECIBO DE CAJA LA PLATA', 23, 52, 'NORBERTO  GARCIA LONDOÑO', NULL, '5857206', 'M', '1940-02-09', 1, 528539.000, 527746.192, 0.15, '2024-08-17'),
(995, 1453, 'RECIBO DE CAJA LA PLATA', 41, 9, 'MERCEDES  GUEVARA HUILA', NULL, '25459231', 'F', '1949-06-29', 1, 876890.000, 875574.665, 0.15, '2024-08-20'),
(996, 1454, 'RECIBO DE CAJA LA PLATA', 23, 11, 'EDNA PATRICIA REINOSO QUINA', NULL, '1081419894', 'F', '1997-08-07', 1, 528539.000, 527746.192, 0.15, '2024-08-20'),
(997, 1455, 'RECIBO DE CAJA LA PLATA', 23, 5, 'JOSE EDWARD GOMEZ OPSINA', NULL, '1113683806', 'M', '1997-01-04', 1, 587265.000, 586384.103, 0.15, '2024-08-17'),
(998, 1456, 'RECIBO DE CAJA LA PLATA', 23, 5, 'JOSE LIBARDO DIAZ TENORIO', NULL, '1081416178', 'M', '1995-07-12', 1, 587265.000, 586384.103, 0.15, '2024-08-18'),
(999, 1457, 'RECIBO DE CAJA LA PLATA', 73, 26, 'MARIA LIDIA REAMIREZ', NULL, '36380466', 'F', '1966-07-18', 1, 1275653.000, 1273739.521, 0.15, '2024-08-20'),
(1000, 1458, 'RECIBO DE CAJA LA PLATA', 55, 9, 'MARIA CELMIRA GUEJIA YANDY', NULL, '1062075626', 'F', '1986-12-18', 1, 1254525.000, 1252643.213, 0.15, '2024-08-18'),
(1001, 1459, 'RECIBO DE CAJA LA PLATA', 55, 7, 'JHON EDIER VALDERRAMA ADARMEN', NULL, '1081400795', 'M', '1988-10-13', 1, 1292385.000, 1290446.423, 0.15, '2024-08-20'),
(1002, 1460, 'RECIBO DE CAJA LA PLATA', 23, 21, 'DIEGO ENRIQUE COTACIO', NULL, '1081419787', 'M', '1995-07-12', 1, 587265.000, 586384.103, 0.15, '2024-08-20'),
(1003, 1461, 'RECIBO DE CAJA LA PLATA', 32, 9, 'JHON ALEXANDER CALDON CALAPSU', NULL, '1002938404', 'M', '2000-02-21', 1, 644470.000, 643503.295, 0.15, '2024-08-18'),
(1004, 1462, 'RECIBO DE CAJA LA PLATA', 23, 13, 'YANNY MARITZA ANAYA RICARDO', NULL, '1081409057', 'F', '1991-12-21', 1, 587265.000, 586384.103, 0.15, '2024-08-18'),
(1005, 1463, 'RECIBO DE CAJA LA PLATA', 23, 5, 'JULIAN ESTIVEN RAMIREZ CAMPOS', NULL, '1081397706', 'M', '2005-10-01', 1, 587265.000, 586384.103, 0.15, '2024-08-20'),
(1006, 1464, 'RECIBO DE CAJA LA PLATA', 59, 52, 'LAURA VALENTINA HOYOS ANACONA', NULL, '1084333750', 'F', '2009-11-06', 1, 1181850.000, 1180077.225, 0.15, '2024-08-20'),
(1007, 1465, 'RECIBO DE CAJA LA PLATA', 55, 52, 'ZHARICH NATALIA SANCHO CALAPSU', NULL, '1145827277', 'F', '2012-04-09', 1, 1301850.000, 1299897.225, 0.15, '2024-08-19'),
(1008, 1466, 'RECIBO DE CAJA LA PLATA', 23, 5, 'JUAN FELIPE GONZALEZ GOMEZ', NULL, '1000218223', 'M', '2000-07-11', 1, 587265.000, 586384.103, 0.15, '2024-08-19'),
(1009, 1466, 'RECIBO DE CAJA LA PLATA', 44, 5, 'JUAN FELIPE GONZALEZ GOMEZ', NULL, '1000218223', 'M', '2000-07-11', 1, 643400.000, 642434.900, 0.15, '2024-08-19'),
(1010, 1467, 'RECIBO DE CAJA LA PLATA', 55, 26, 'ARTURO  MUCHICON', NULL, '12279558', 'M', '1970-05-17', 1, 1292385.000, 1290446.423, 0.15, '2024-08-19'),
(1011, 1468, 'RECIBO DE CAJA LA PLATA', 66, 14, 'RUBEN DARIO ROA PIÑACUE', NULL, '1081407558', 'M', '1991-04-17', 1, 589300.000, 588416.050, 0.15, '2024-08-20'),
(1012, 1468, 'RECIBO DE CAJA LA PLATA', 75, 14, 'RUBEN DARIO ROA PIÑACUE', NULL, '1081407558', 'M', '1991-04-17', 1, 1002500.000, 1000996.250, 0.15, '2024-08-20'),
(1013, 1469, 'RECIBO DE CAJA LA PLATA', 62, 26, 'CARLOS DANIEL PEREZ NARVAEZ', NULL, '1081422089', 'M', '1999-01-12', 1, 514720.000, 513947.920, 0.15, '2024-08-20'),
(1014, 1471, 'RECIBO DE CAJA LA PLATA', 55, 26, 'JULIAN DAVID ROSALES TRUJILLO', NULL, '1007301093', 'M', '2000-10-06', 1, 1292385.000, 1290446.423, 0.15, '2024-08-20'),
(1015, 1472, 'RECIBO DE CAJA LA PLATA', 46, 7, 'JOSELITO  ACHIPIZ', NULL, '12123696', 'M', '1962-07-07', 1, 640088.000, 639127.868, 0.15, '2024-08-21'),
(1016, 1473, 'RECIBO DE CAJA LA PLATA', 58, 11, 'ERMILA  VALENCIA CEBALLOS', NULL, '25559161', 'F', '1954-11-08', 1, 851850.000, 850572.225, 0.15, '2024-08-21'),
(1017, 1474, 'RECIBO DE CAJA LA PLATA', 23, 7, 'JOCABED  CRUZ CHOCUE', NULL, '1059599847', 'M', '1989-06-19', 1, 522666.000, 521882.001, 0.15, '2024-08-21'),
(1018, 1475, 'RECIBO DE CAJA LA PLATA', 46, 7, 'FAIVER ALBERTO MURCIA MURCIA', NULL, '12264099', 'M', '1977-12-16', 1, 640088.000, 639127.868, 0.15, '2024-08-21'),
(1019, 1476, 'RECIBO DE CAJA LA PLATA', 46, 9, 'RUBIELA  CALAMBAS DE CUSPIAN', NULL, '25564608', 'F', '1956-12-28', 1, 611320.000, 610403.020, 0.15, '2024-08-21'),
(1020, 1477, 'RECIBO DE CAJA LA PLATA', 23, 20, 'ROSALBA  RODRIGUEZ', NULL, '27297127', 'F', '1966-06-22', 1, 587265.000, 586384.103, 0.15, '2024-08-21'),
(1021, 1478, 'RECIBO DE CAJA LA PLATA', 23, 11, 'SALOME  VALENCIA QUINTERO', NULL, '1145830561', 'F', '2016-07-31', 1, 528539.000, 527746.192, 0.15, '2024-08-21'),
(1022, 1479, 'RECIBO DE CAJA LA PLATA', 32, 55, 'CRISTIAN FELIPE LISCANO ANAYA', NULL, '1081407216', 'M', '1991-03-05', 1, 758200.000, 757062.700, 0.15, '2024-08-21'),
(1023, 1480, 'RECIBO DE CAJA LA PLATA', 23, 26, 'LEONOR  CABRERA DE YASNO', NULL, '26519436', 'F', '1937-10-08', 1, 499175.250, 498426.487, 0.15, '2024-08-21'),
(1024, 1481, 'RECIBO DE CAJA LA PLATA', 46, 26, 'LUIS ARTURO VARGAS CERQUERA', NULL, '12268387', 'M', '1952-06-25', 1, 611320.000, 610403.020, 0.15, '2024-08-21'),
(1025, 1482, 'RECIBO DE CAJA LA PLATA', 58, 9, 'MIGUEL ANGEL RAMIREZ GUEVARA', NULL, '12280413', 'M', '1979-10-27', 1, 804525.000, 803318.213, 0.15, '2024-08-21'),
(1026, 1483, 'RECIBO DE CAJA LA PLATA', 23, 52, 'LUZ IDALBA GOMEZ GOMEZ', NULL, '36381686', 'F', '1971-06-17', 1, 528539.000, 527746.192, 0.15, '2024-08-21'),
(1027, 1484, 'RECIBO DE CAJA LA PLATA', 63, 7, 'RUBIELA  CHANTRE', NULL, '26528558', 'F', '0000-00-00', 1, 1022626.000, 1021092.061, 0.15, '2024-08-22'),
(1028, 1485, 'RECIBO DE CAJA LA PLATA', 58, 26, 'LEONOR  CABRERA DE YASNO', NULL, '26519436', 'F', '0000-00-00', 1, 804525.000, 803318.213, 0.15, '2024-08-22'),
(1029, 1486, 'RECIBO DE CAJA LA PLATA', 55, 7, 'FAIVER ALBERTO MURCIA MURCIA', NULL, '12264099', 'M', '0000-00-00', 1, 1292385.000, 1290446.423, 0.15, '2024-08-22'),
(1030, 1487, 'RECIBO DE CAJA LA PLATA', 58, 7, 'YOVANNY  ULTENGO PAJOY', NULL, '76357113', 'M', '0000-00-00', 1, 842385.000, 841121.423, 0.15, '2024-08-22'),
(1031, 1488, 'RECIBO DE CAJA LA PLATA', 46, 17, 'LAURENTINO  SANTACRUZ', NULL, '12272413', 'M', '0000-00-00', 1, 359600.000, 359060.600, 0.15, '2024-08-22'),
(1032, 1489, 'RECIBO DE CAJA LA PLATA', 23, 21, 'AILYN LUCIANA MEDINA CUSCUE', NULL, '1081425677', 'F', '2019-11-14', 1, 587265.000, 586384.103, 0.15, '2024-08-23'),
(1033, 1491, 'RECIBO DE CAJA LA PLATA', 23, 9, 'PASTOR  CUCHIMBA VITOVIS', NULL, '4731094', 'M', '1961-03-01', 1, 499175.000, 498426.238, 0.15, '2024-08-23'),
(1034, 1492, 'RECIBO DE CAJA LA PLATA', 46, 21, 'IDELFONSO RAMIRO BURBANO MUÑOZ', NULL, '5281536', 'M', '1948-06-19', 1, 719200.000, 718121.200, 0.15, '2024-08-23'),
(1035, 1493, 'RECIBO DE CAJA LA PLATA', 64, 7, 'ESPERANZA  VELANDIA ORTIZ', NULL, '53117799', 'F', '1985-03-25', 1, 524477.000, 523690.285, 0.15, '2024-08-23'),
(1036, 1493, 'RECIBO DE CAJA LA PLATA', 66, 30, 'ESPERANZA  VELANDIA ORTIZ', NULL, '53117799', 'F', '1985-03-25', 1, 589300.000, 588416.050, 0.15, '2024-08-23'),
(1037, 1494, 'RECIBO DE CAJA LA PLATA', 58, 7, 'MARGARITA  TORRES', NULL, '26528827', 'F', '1959-12-09', 1, 842385.000, 841121.423, 0.15, '2024-08-23'),
(1038, 1495, 'RECIBO DE CAJA LA PLATA', 58, 26, 'JOSE ANTONIO ORTIGOZA GUEVARA', NULL, '1081416534', 'M', '1995-09-03', 1, 804525.000, 803318.213, 0.15, '2024-08-23'),
(1039, 1496, 'RECIBO DE CAJA LA PLATA', 58, 9, 'JAMILTON  PETEVI ACHIPIZ', NULL, '1081416881', 'M', '1995-05-05', 1, 804525.000, 803318.213, 0.15, '2024-08-23'),
(1040, 1497, 'RECIBO DE CAJA LA PLATA', 46, 26, 'EULOGIO  SUNS', NULL, '1625545', 'M', '1935-05-12', 1, 611320.000, 610403.020, 0.15, '2024-08-24'),
(1041, 1498, 'RECIBO DE CAJA LA PLATA', 55, 11, 'LEIDY ROCIO PEREZ ORTIZ', NULL, '1084576133', 'F', '1986-04-15', 1, 1301850.000, 1299897.225, 0.15, '2024-08-24'),
(1042, 1499, 'RECIBO DE CAJA LA PLATA', 44, 7, 'MARGARITA  TORRES', NULL, '26528827', 'F', '1959-12-09', 1, 572626.000, 571767.061, 0.15, '2024-08-24'),
(1043, 1500, 'RECIBO DE CAJA LA PLATA', 23, 10, 'ADELIA  ZUÑIGA ALVAREZ', NULL, '36152240', 'F', '1952-05-29', 1, 587265.000, 586384.103, 0.15, '2024-08-26'),
(1044, 1501, 'RECIBO DE CAJA LA PLATA', 23, 9, 'JORGE  CHACUE GOLONDIRNO', NULL, '4729716', 'M', '1972-05-25', 1, 499175.000, 498426.238, 0.15, '2024-08-26'),
(1045, 1502, 'RECIBO DE CAJA LA PLATA', 23, 28, 'MAICOL JAVIER GUTIERREZ VELEZ', NULL, '1081401839', 'M', '2007-02-06', 1, 499175.250, 498426.487, 0.15, '2024-08-26'),
(1046, 1503, 'RECIBO DE CAJA LA PLATA', 66, 14, 'MAURILIO  BENAVIDES MUÑOZ', NULL, '12274640', 'M', '1968-09-12', 2, 1178600.000, 1176832.100, 0.15, '2024-08-26'),
(1047, 1503, 'RECIBO DE CAJA LA PLATA', 75, 14, 'MAURILIO  BENAVIDES MUÑOZ', NULL, '12274640', 'M', '1968-09-12', 2, 2005000.000, 2001992.500, 0.15, '2024-08-26'),
(1048, 1504, 'RECIBO DE CAJA LA PLATA', 64, 9, 'DARWIN OBEIMAR CUELLO CUELLO', NULL, '1061226460', 'M', '2016-04-21', 1, 500905.000, 500153.643, 0.15, '2024-08-26'),
(1049, 1504, 'RECIBO DE CAJA LA PLATA', 75, 9, 'DARWIN OBEIMAR CUELLO CUELLO', NULL, '1061226460', 'M', '2016-04-21', 1, 852125.000, 850846.813, 0.15, '2024-08-26'),
(1050, 1505, 'RECIBO DE CAJA LA PLATA', 58, 7, 'ERICA MARITZA BECERRA FLOREZ', NULL, '36382696', 'F', '1974-08-31', 1, 842385.000, 841121.423, 0.15, '2024-08-26'),
(1051, 1506, 'RECIBO DE CAJA LA PLATA', 55, 10, 'MARIA ANTONIA ILLERA TRUJILLO', NULL, '1145830555', 'F', '2016-07-31', 1, 1396500.000, 1394405.250, 0.15, '2024-08-26'),
(1052, 1507, 'RECIBO DE CAJA LA PLATA', 64, 14, 'REINALDO  OCHOA LOSADA', NULL, '12269044', 'M', '1955-03-08', 1, 589300.000, 588416.050, 0.15, '2024-08-26'),
(1053, 1508, 'RECIBO DE CAJA LA PLATA', 23, 14, 'JOSE FIDEL CAMPOS ORTIZ', NULL, '1081407672', 'M', '1991-03-24', 1, 587265.000, 586384.103, 0.15, '2024-08-26'),
(1054, 1509, 'RECIBO DE CAJA LA PLATA', 73, 26, 'LUIS ARTURO VARGAS CERQUERA', NULL, '12268387', 'M', '1952-06-25', 1, 1238545.000, 1236687.183, 0.15, '2024-08-26'),
(1055, 1510, 'RECIBO DE CAJA LA PLATA', 23, 5, 'JOHN ALES MENESES MUÑOZ', NULL, '12280647', 'M', '1981-06-25', 1, 587265.000, 586384.103, 0.15, '2024-08-26'),
(1056, 1510, 'RECIBO DE CAJA LA PLATA', 44, 5, 'JOHN ALES MENESES MUÑOZ', NULL, '12280647', 'M', '1981-06-25', 1, 643400.000, 642434.900, 0.15, '2024-08-26'),
(1057, 1511, 'RECIBO DE CAJA LA PLATA', 73, 26, 'MARIA DE LOS ANGELES CEBALLOS AMBITO', NULL, '55131133', 'F', '1983-06-05', 1, 1238545.000, 1236687.183, 0.15, '2024-08-26'),
(1058, 1512, 'RECIBO DE CAJA LA PLATA', 23, 26, 'HILARY STEFANIA MEDINA SANTOFIMIO', NULL, '1145824158', 'F', '2007-10-22', 1, 499175.250, 498426.487, 0.15, '2024-08-26'),
(1059, 1513, 'RECIBO DE CAJA LA PLATA', 66, 10, 'RUNTH  SOTTO RODRIGUEZ', NULL, '36379437', 'F', '1970-06-15', 1, 589300.000, 588416.050, 0.15, '2024-08-26'),
(1060, 1513, 'RECIBO DE CAJA LA PLATA', 75, 10, 'RUNTH  SOTTO RODRIGUEZ', NULL, '36379437', 'F', '1970-06-15', 1, 1002500.000, 1000996.250, 0.15, '2024-08-26'),
(1061, 1514, 'RECIBO DE CAJA LA PLATA', 64, 26, 'LUZ MILA COTAZO FLOR', NULL, '40665028', 'F', '1944-03-18', 2, 1001810.000, 1000307.285, 0.15, '2024-08-26'),
(1062, 1515, 'RECIBO DE CAJA LA PLATA', 55, 9, 'LUIS  EPIA CHICUE', NULL, '83253754', 'M', '1970-07-15', 1, 1254525.000, 1252643.213, 0.15, '2024-08-26'),
(1063, 1516, 'RECIBO DE CAJA LA PLATA', 23, 7, 'HECTOR HENRY GONZALEZ ALVAREZ', NULL, '83241130', 'M', '1974-07-16', 1, 522666.000, 521882.001, 0.15, '2024-08-26'),
(1064, 1517, 'RECIBO DE CAJA LA PLATA', 46, 26, 'VIRGELINA  MOLINA POLANCO', NULL, '40780820', 'F', '1966-10-13', 1, 611320.000, 610403.020, 0.15, '2024-08-26'),
(1065, 1518, 'RECIBO DE CAJA LA PLATA', 55, 26, 'JORGE  RUBIANO BORRERO', NULL, '12269590', 'M', '1953-09-09', 1, 1254525.000, 1252643.213, 0.15, '2024-08-26'),
(1066, 1519, 'RECIBO DE CAJA LA PLATA', 55, 9, 'HECTOR BOLIVAR PAGUANQUIZA SIMBAÑA', NULL, '188281', 'M', '1961-07-08', 1, 1254525.000, 1252643.213, 0.15, '2024-08-27'),
(1067, 1520, 'RECIBO DE CAJA LA PLATA', 23, 7, 'JOHAN STIVEN PEÑA ROCERO', NULL, '1081393361', 'M', '2004-05-20', 1, 522666.000, 521882.001, 0.15, '2024-08-27'),
(1068, 1521, 'RECIBO DE CAJA LA PLATA', 23, 10, 'ADELIA  ZUÑIGA ALVAREZ', NULL, '36152240', 'F', '1952-05-29', 1, 587265.000, 586384.103, 0.15, '2024-08-27'),
(1069, 1522, 'RECIBO DE CAJA LA PLATA', 58, 52, 'SILVIO  MEDINA USA', NULL, '1081408664', 'M', '1991-07-31', 1, 851850.000, 850572.225, 0.15, '2024-08-27'),
(1070, 1523, 'RECIBO DE CAJA LA PLATA', 58, 9, 'ELIAS  PAME MUSE', NULL, '76357390', 'M', '1978-07-26', 1, 804525.000, 803318.213, 0.15, '2024-08-27'),
(1071, 1524, 'RECIBO DE CAJA LA PLATA', 40, 24, 'FABIO NELSON OIDOR ALEY', NULL, '1081303113', 'M', '1985-03-17', 1, 643400.000, 642434.900, 0.15, '2024-08-28'),
(1072, 1524, 'RECIBO DE CAJA LA PLATA', 23, 24, 'FABIO NELSON OIDOR ALEY', NULL, '1081303113', 'M', '1985-03-17', 1, 587265.000, 586384.103, 0.15, '2024-08-28'),
(1073, 1525, 'RECIBO DE CAJA LA PLATA', 64, 7, 'VICTOR MANUEL OCHOA PETE', NULL, '1081413712', 'M', '1993-08-13', 1, 524477.000, 523690.285, 0.15, '2024-08-28'),
(1074, 1525, 'RECIBO DE CAJA LA PLATA', 75, 7, 'VICTOR MANUEL OCHOA PETE', NULL, '1081413712', 'M', '1993-08-13', 1, 892225.000, 890886.663, 0.15, '2024-08-28'),
(1075, 1526, 'RECIBO DE CAJA LA PLATA', 46, 26, 'LUIS EDUARDO NEIRA SIERRA', NULL, '4870892', 'M', '1935-12-25', 1, 611320.000, 610403.020, 0.15, '2024-08-28'),
(1076, 1527, 'RECIBO DE CAJA LA PLATA', 23, 9, 'FERNANDO  CEBALLOS YASNO', NULL, '10390060', 'M', '1957-11-28', 1, 499175.000, 498426.238, 0.15, '2024-08-28'),
(1077, 1528, 'RECIBO DE CAJA LA PLATA', 22, 17, 'ISNEDA  QUIMBAYA', NULL, '26511463', 'F', '1956-05-04', 1, 174200.000, 173938.700, 0.15, '2024-08-28'),
(1078, 1529, 'RECIBO DE CAJA LA PLATA', 46, 7, 'PEDRO PABLO MUSE TUNJA', NULL, '12278819', 'M', '1977-02-02', 1, 640088.000, 639127.868, 0.15, '2024-08-28'),
(1079, 1530, 'RECIBO DE CAJA LA PLATA', 23, 7, 'ALICIA  CORTES ROMERO', NULL, '68246079', 'F', '1953-01-21', 1, 522666.000, 521882.001, 0.15, '2024-08-28'),
(1080, 1531, 'RECIBO DE CAJA LA PLATA', 23, 11, 'YUDY TATIANA ARTUNDUAGA LISCANO', NULL, '1081399516', 'F', '1988-01-04', 1, 528539.000, 527746.192, 0.15, '2024-08-28'),
(1081, 1532, 'RECIBO DE CAJA LA PLATA', 23, 7, 'LUISA FERNANDA SINISTERRA GALLEGO', NULL, '1081409655', 'F', '1992-03-21', 1, 522666.000, 521882.001, 0.15, '2024-08-28'),
(1082, 1533, 'RECIBO DE CAJA LA PLATA', 58, 11, 'CARMEN GLORIA JARAMILLO ORDOÑEZ', NULL, '55131641', 'F', '1984-10-05', 1, 851850.000, 850572.225, 0.15, '2024-08-28'),
(1083, 1534, 'RECIBO DE CAJA LA PLATA', 46, 52, 'GERARDO  TRUJILLO COMETA', NULL, '12268233', 'M', '1946-07-12', 1, 647280.000, 646309.080, 0.15, '2024-08-29'),
(1084, 1535, 'RECIBO DE CAJA LA PLATA', 23, 5, 'CRISTIAN ESTIVEN PARRA VELASCO', NULL, '1145829320', 'M', '2015-05-05', 1, 587265.000, 586384.103, 0.15, '2024-08-29'),
(1085, 1536, 'RECIBO DE CAJA LA PLATA', 23, 7, 'JULIO  OIDOR PAJOY', NULL, '1473005', 'M', '1954-07-30', 1, 522666.000, 521882.001, 0.15, '2024-08-29'),
(1086, 1537, 'RECIBO DE CAJA LA PLATA', 46, 7, 'EULOGIO  SUNS', NULL, '1625545', 'M', '1935-05-12', 1, 640088.000, 639127.868, 0.15, '2024-08-29'),
(1087, 1538, 'RECIBO DE CAJA LA PLATA', 32, 5, 'CRISTIAN ESTIVEN PARRA VELASCO', NULL, '1145829320', 'M', '2015-05-05', 1, 758200.000, 757062.700, 0.15, '2024-08-29'),
(1088, 1539, 'RECIBO DE CAJA LA PLATA', 23, 5, 'JUAN CARLOS TUMIÑA MEDINA', NULL, '12275139', 'M', '1975-08-12', 1, 587265.000, 586384.103, 0.15, '2024-08-29'),
(1089, 1539, 'RECIBO DE CAJA LA PLATA', 56, 5, 'JUAN CARLOS TUMIÑA MEDINA', NULL, '12275139', 'M', '1975-08-12', 1, 589300.000, 588416.050, 0.15, '2024-08-29'),
(1090, 1540, 'RECIBO DE CAJA LA PLATA', 22, 17, 'MARIA JESUS SEVILLA CHINCANGANA', NULL, '34529219', 'F', '1958-01-24', 1, 174200.000, 173938.700, 0.15, '2024-08-29'),
(1091, 1541, 'RECIBO DE CAJA LA PLATA', 23, 5, 'YOVANY ALEXANDER MENDOZA SERRANO', NULL, '1111263353', 'M', '2000-07-04', 1, 587265.000, 586384.103, 0.15, '2024-08-29'),
(1092, 1542, 'RECIBO DE CAJA LA PLATA', 23, 7, 'JUAN DAVID ROJAS CALDON', NULL, '1004251583', 'M', '2001-02-11', 1, 522666.000, 521882.001, 0.15, '2024-08-30'),
(1093, 1543, 'RECIBO DE CAJA LA PLATA', 46, 26, 'FLOR MARIA RUIZ DE PEREZ', NULL, '41539327', 'F', '1951-01-01', 1, 611320.000, 610403.020, 0.15, '2024-08-30'),
(1094, 1544, 'RECIBO DE CAJA LA PLATA', 23, 26, 'JULIO  OIDOR PAJOY', NULL, '1473005', 'M', '1954-07-30', 1, 499175.250, 498426.487, 0.15, '2024-08-30'),
(1095, 1545, 'RECIBO DE CAJA LA PLATA', 22, 17, 'CELMIRA  SALAZAR MELENJE', NULL, '25467767', 'F', '1955-05-07', 1, 174200.000, 173938.700, 0.15, '2024-08-30'),
(1096, 1546, 'RECIBO DE CAJA LA PLATA', 23, 26, 'VIRGELINA  MOLINA POLANCO', NULL, '40780820', 'F', '1966-10-13', 1, 499175.250, 498426.487, 0.15, '2024-08-30'),
(1097, 1547, 'RECIBO DE CAJA LA PLATA', 46, 11, 'HELENA  TEJADA GARCIA', NULL, '1081425183', 'F', '2019-06-01', 1, 647280.000, 646309.080, 0.15, '2024-08-30'),
(1098, 1548, 'RECIBO DE CAJA LA PLATA', 55, 9, 'MARIA  CONCEPCION RIVERA', NULL, '25570861', 'F', '1954-06-15', 1, 1254525.000, 1252643.213, 0.15, '2024-08-30'),
(1099, 1549, 'RECIBO DE CAJA LA PLATA', 46, 52, 'JOSE ALIRIO GUAR CALDON', NULL, '83258134', 'M', '1979-02-08', 1, 647280.000, 646309.080, 0.15, '2024-08-30'),
(1100, 1550, 'RECIBO DE CAJA LA PLATA', 55, 52, 'NAVAL  RIVERA QUINTERO', NULL, '4917526', 'M', '1950-01-20', 1, 1301850.000, 1299897.225, 0.15, '2024-08-31'),
(1101, 1551, 'RECIBO DE CAJA LA PLATA', 23, 29, 'JHULEN MARTIN CALAMBAS YACUMAL', NULL, '1145833874', 'F', '2024-05-14', 1, 499175.000, 498426.238, 0.15, '2024-08-31'),
(1102, 1552, 'RECIBO DE CAJA LA PLATA', 46, 7, 'AURA ESTELLA ARGUELLO DE MONSALVE', NULL, '26526738', 'F', '1943-12-24', 1, 640088.000, 639127.868, 0.15, '2024-08-31'),
(1103, 1553, 'RECIBO DE CAJA LA PLATA', 23, 17, 'JOSE FIDEL CAMPOS ORTIZ', NULL, '1081407672', 'M', '1991-03-24', 1, 352400.000, 351871.400, 0.15, '2024-08-31'),
(1104, 1554, 'RECIBO DE CAJA LA PLATA', 23, 7, 'SAUL  VARGAS MORA', NULL, '4938692', 'M', '1954-02-23', 1, 522666.000, 521882.001, 0.15, '2024-08-31'),
(1105, 1555, 'RECIBO DE CAJA LA PLATA', 23, 9, 'HERNANDO  LOPEZ', NULL, '1490224', 'M', '1933-04-04', 1, 499175.000, 498426.238, 0.15, '2024-08-31'),
(1106, 1556, 'RECIBO DE CAJA LA PLATA', 73, 26, 'FLOR MARIA RUIZ DE PEREZ', NULL, '41539327', 'F', '1951-01-01', 1, 1238545.000, 1236687.183, 0.15, '2024-08-31'),
(1107, 1557, 'RECIBO DE CAJA LA PLATA', 23, 7, 'ISMAEL  CABRERA', NULL, '1643315', 'M', '1944-08-05', 1, 522666.000, 521882.001, 0.15, '2024-08-31'),
(1108, 1558, 'RECIBO DE CAJA LA PLATA', 23, 7, 'MARIA DEL CARMEN RAMIREZ YASNO', NULL, '26522475', 'F', '1975-08-08', 1, 522666.000, 521882.001, 0.15, '2024-08-31');

-- --------------------------------------------------------

--
-- Estructura de tabla para la tabla `precios`
--

CREATE TABLE `precios` (
  `id_precio` int(11) NOT NULL,
  `id_procedimiento` int(11) NOT NULL,
  `id_entidad` int(11) NOT NULL,
  `precio_ambulatorio` decimal(10,3) DEFAULT NULL,
  `precio_hospitalario` decimal(10,3) DEFAULT NULL
) ENGINE=InnoDB DEFAULT CHARSET=utf8mb4 COLLATE=utf8mb4_general_ci;

-- --------------------------------------------------------

--
-- Estructura de tabla para la tabla `procedimientos`
--

CREATE TABLE `procedimientos` (
  `id_procedimiento` int(11) NOT NULL,
  `codigo_procedimiento` varchar(50) NOT NULL,
  `nombre_procedimiento` varchar(255) NOT NULL,
  `marca` varchar(100) DEFAULT NULL,
  `es_contraste` tinyint(1) DEFAULT 0
) ENGINE=InnoDB DEFAULT CHARSET=utf8mb4 COLLATE=utf8mb4_general_ci;

--
-- Volcado de datos para la tabla `procedimientos`
--

INSERT INTO `procedimientos` (`id_procedimiento`, `codigo_procedimiento`, `nombre_procedimiento`, `marca`, `es_contraste`) VALUES
(16, '441302', 'ESOFAGOGASTRODUODENOSCOPIA [EGD] CON O SIN BIOPSIA', 'Endoscopia', 0),
(17, '452301', 'COLONOSCOPIA TOTAL', 'Endoscopia', 0),
(18, '452305', 'COLONOSCOPIA TOTAL CON O SIN BIOPSIA', 'Endoscopia', 0),
(19, '452401', 'SIGMOIDOSCOPIA FLEXIBLE O RIGIDA', 'Endoscopia', 0),
(20, '482301', 'PROCTOSIGMOIDOSCOPIA', 'Endoscopia', 0),
(21, '876801', 'MAMOGRAFIA UNILATERAL O DE PIEZA QUIRURGICA', 'Mamografía', 0),
(22, '876802', 'MAMOGRAFIA BILATERAL', 'Mamografía', 0),
(23, '879111', 'TOMOGRAFIA COMPUTADA DE CRANEO SIMPLE', 'Tomografía', 0),
(24, '879112', 'TOMOGRAFIA COMPUTADA DE CRANEO CON CONTRASTE', 'Tomografía', 1),
(25, '879113', 'TOMOGRAFIA COMPUTADA DE CRANEO SIMPLE Y CON CONTRASTE', 'Tomografía', 1),
(26, '879116', 'TOMOGRAFIA COMPUTADA DE SILLA TURCA (HIPOFISIS)', 'Tomografía', 0),
(27, '879116*', 'TOMOGRAFIA COMPUTADA DE SILLA TURCA (HIPOFISIS) (CON CONTRASTE)', 'Tomografía', 1),
(28, '879121', 'TOMOGRAFIA COMPUTADA DE ORBITAS', 'Tomografía', 0),
(29, '879121*', 'TOMOGRAFIA COMPUTADA DE ORBITAS (CON CONTRASTE)', 'Tomografía', 1),
(30, '879122', 'TOMOGRAFIA COMPUTADA DE OIDO - PEÑASCO Y CONDUCTO AUDITIVO INTERNO', 'Tomografía', 0),
(31, '879122*', 'TOMOGRAFIA COMPUTADA DE OIDO - PEÑASCO Y CONDUCTO AUDITIVO INTERNO (CON CONTRASTE)', 'Tomografía', 1),
(32, '879131', 'TOMOGRAFIA COMPUTADA DE SENOS PARANASALES O CARA', 'Tomografía', 0),
(33, '879131*', 'TOMOGRAFIA COMPUTADA DE SENOS PARANASALES O CARA (CON CONTRASTE)', 'Tomografía', 1),
(34, '879132', 'TOMOGRAFIA COMPUTADA DE RINOFARINGE', 'Tomografía', 0),
(35, '879132*', 'TOMOGRAFIA COMPUTADA DE RINOFARINGE (CON CONTRASTE)', 'Tomografía', 1),
(36, '879141', 'TOMOGRAFIA COMPUTADA DE MAXILARES (ESTUDIO IMPLANTOLOGIA)', 'Tomografía', 0),
(37, '879141*', 'TOMOGRAFIA COMPUTADA DE MAXILARES (ESTUDIO IMPLANTOLOGIA) (CON CONTRASTE)', 'Tomografía', 1),
(38, '879150', 'TOMOGRAFIA COMPUTADA DE ARTICULACION TEMPORO MANDIBULAR (BILATERAL)', 'Tomografía', 0),
(39, '879150*', 'TOMOGRAFIA COMPUTADA DE ARTICULACION TEMPORO MANDIBULAR (BILATERAL) (CON CONTRASTE)', 'Tomografía', 1),
(40, '879161', 'TOMOGRAFIA COMPUTADA DE CUELLO', 'Tomografía', 0),
(41, '879161*', 'TOMOGRAFIA COMPUTADA DE CUELLO (CON CONTRASTE)', 'Tomografía', 1),
(42, '879162', 'TOMOGRAFIA COMPUTADA DE LARINGE', 'Tomografía', 0),
(43, '879162*', 'TOMOGRAFIA COMPUTADA DE LARINGE (CON CONTRASTE)', 'Tomografía', 1),
(44, '879201', 'TOMOGRAFIA COMPUTADA DE COLUMNA SEGMENTOS CERVICAL - TORACICO - LUMBAR O SACRO - POR CADA NIVEL (TRES ESPACIOS)', 'Tomografía', 0),
(45, '879201*', 'TOMOGRAFIA COMPUTADA DE COLUMNA SEGMENTOS CERVICAL - TORACICO - LUMBAR O SACRO - POR CADA NIVEL (TRES ESPACIOS) (CON CONTRASTE)', 'Tomografía', 1),
(46, '879301', 'TOMOGRAFIA COMPUTADA DE TORAX', 'Tomografía', 0),
(47, '879301*', 'TOMOGRAFIA COMPUTADA DE TORAX (CON CONTRASTE)', 'Tomografía', 1),
(48, '879391', 'TOMOGRAFIA COMPUTADA DE TORAX EXTENDIDO AL ABDOMEN SUPERIOR CON SUPRARRENALES', 'Tomografía', 1),
(49, '879391*', 'TOMOGRAFIA COMPUTADA DE TORAX EXTENDIDO AL ABDOMEN SUPERIOR CON SUPRARRENALES (CON CONTRASTE)', 'Tomografía', 1),
(50, '879410', 'TOMOGRAFIA COMPUTADA DE ABDOMEN SUPERIOR', 'Tomografía', 0),
(51, '879410*', 'TOMOGRAFIA COMPUTADA DE ABDOMEN SUPERIOR (CON CONTRASTE)', 'Tomografía', 1),
(52, '879411', 'TOMOGRAFIA COMPUTADA DE INTESTINO [ENTEROTC]', 'Tomografía', 0),
(53, '879411*', 'TOMOGRAFIA COMPUTADA DE INTESTINO [ENTEROTC] (CON CONTRASTE)', 'Tomografía', 1),
(54, '879420', 'TOMOGRAFIA COMPUTADA DE ABDOMEN Y PELVIS (ABDOMEN TOTAL)', 'Tomografía', 0),
(55, '879420*', 'TOMOGRAFIA COMPUTADA DE ABDOMEN Y PELVIS (ABDOMEN TOTAL) (CON CONTRASTE)', 'Tomografía', 1),
(56, '879421', 'TOMOGRAFIA COMPUTADA DE CADERA', 'Tomografía', 0),
(57, '879421*', 'TOMOGRAFIA COMPUTADA DE CADERA (CON CONTRASTE)', 'Tomografía', 1),
(58, '879430', 'TOMOGRAFIA COMPUTADA DE VIAS URINARIAS [UROTC]', 'Tomografía', 0),
(59, '879430*', 'TOMOGRAFIA COMPUTADA DE VIAS URINARIAS [UROTC] (CON CONTRASTE)', 'Tomografía', 1),
(60, '879431', 'UROGRAFIA CON TOMOGRAFIA COMPUTADA', 'Tomografía', 1),
(61, '879431*', 'UROGRAFIA CON TOMOGRAFIA COMPUTADA (CON CONTRASTE)', 'Tomografía', 1),
(62, '879460', 'TOMOGRAFIA COMPUTADA DE PELVIS', 'Tomografía', 0),
(63, '879460*', 'TOMOGRAFIA COMPUTADA DE PELVIS (CON CONTRASTE)', 'Tomografía', 1),
(64, '879510', 'TOMOGRAFIA COMPUTADA DE MIEMBROS SUPERIORES Y ARTICULACIONES', 'Tomografía', 0),
(65, '879510*', 'TOMOGRAFIA COMPUTADA DE MIEMBROS SUPERIORES Y ARTICULACIONES (CON CONTRASTE)', 'Tomografía', 1),
(66, '879520', 'TOMOGRAFIA COMPUTADA DE MIEMBROS INFERIORES Y ARTICULACIONES', 'Tomografía', 0),
(67, '879520*', 'TOMOGRAFIA COMPUTADA DE MIEMBROS INFERIORES Y ARTICULACIONES (CON CONTRASTE)', 'Tomografía', 1),
(68, '879522', 'TOMOGRAFIA COMPUTADA DE MIEMBROS INFERIORES (ANTEVERSION FEMORAL O TORSION TIBIAL)', 'Tomografía', 0),
(69, '879522*', 'TOMOGRAFIA COMPUTADA DE MIEMBROS INFERIORES (ANTEVERSION FEMORAL O TORSION TIBIAL) (CON CONTRASTE)', 'Tomografía', 1),
(70, '879523', 'TOMOGRAFIA COMPUTADA DE MIEMBROS INFERIORES (AXIALES DE ROTULA O LONGITUD DE MIEMBROS INFERIORES)', 'Tomografía', 0),
(71, '879523*', 'TOMOGRAFIA COMPUTADA DE MIEMBROS INFERIORES (AXIALES DE ROTULA O LONGITUD DE MIEMBROS INFERIORES) (CON CONTRASTE)', 'Tomografía', 1),
(72, '879901', 'TOMOGRAFIA COMPUTADA DE VASOS', 'Tomografía', 0),
(73, '879901*', 'TOMOGRAFIA COMPUTADA DE VASOS (CON CONTRASTE)', 'Tomografía', 1),
(74, '879902', 'TOMOGRAFIA COMPUTADA DE CORONARIAS [ANGIOTC CORONARIO]', 'Tomografía', 1),
(75, '879910', 'TOMOGRAFIA COMPUTADA EN RECONSTRUCCION TRIDIMENSIONAL', 'Tomografía', 0),
(76, '879911', 'TOMOGRAFIA COMPUTADA RECONSTRUCCION VIRTUAL', 'Tomografía', 0),
(77, '879920', 'TOMOGRAFIA COMPUTADA CON MODALIDAD DINAMICA (SECUENCIA RAPIDA)', 'Tomografía', 0),
(78, '881202', 'ECOCARDIOGRAMA TRANSTORÁCICO', 'Ecocardiograma', 0),
(79, '881205', 'ECOCARDIOGRAMA TRANSESOFÁGICO', 'Ecocardiograma', 0),
(80, '881210', 'ECOCARDIOGRAMA DE STRESS CON PRUEBA DE ESFUERZO O CON PRUEBA FARMACOLÓGICA', 'Ecocardiograma', 0),
(81, '890228', 'CONSULTA DE PRIMERA VEZ POR ESPECIALISTA EN CARDIOLOGÍA', 'Consulta', 0),
(82, '890246', 'CONSULTA DE PRIMERA VEZ POR ESPECIALISTA EN GASTROENTEROLOGIA', 'Consulta', 0),
(83, '890328', 'CONSULTA DE CONTROL O DE SEGUIMIENTO POR ESPECIALISTA EN CARDIOLOGÍA', 'Consulta', 0),
(84, '890329', 'CONSULTA DE CONTROL O DE SEGUIMIENTO POR ESPECIALISTA EN CARDIOLOGÍA PEDIÁTRICA', 'Consulta', 0),
(85, '890346', 'CONSULTA DE CONTROL O DE SEGUIMIENTO POR ESPECIALISTA EN GASTROENTEROLOGIA', 'Consulta', 0),
(86, '890428', 'INTERCONSULTA POR ESPECIALISTA EN CARDIOLOGIA', 'Consulta', 0),
(87, '890429', 'INTERCONSULTA POR ESPECIALISTA EN CARDIOLOGIA PEDIATRICA', 'Consulta', 0),
(88, '894102', 'PRUEBA DE ESFUERZO CARDIOVASCULAR', 'Prueba', 0),
(89, '895001', 'MONITOREO ELECTROCARDIOGRÁFICO CONTINUO (HOLTER)', 'Monitoreo', 0),
(90, '895004', 'MONITOREO AMBULATORIO DE PRESIÓN ARTERIAL SISTÉMICA', 'Monitoreo', 0);

--
-- Índices para tablas volcadas
--

--
-- Indices de la tabla `entidades`
--
ALTER TABLE `entidades`
  ADD PRIMARY KEY (`id_entidad`);

--
-- Indices de la tabla `factura`
--
ALTER TABLE `factura`
  ADD PRIMARY KEY (`id_factura`),
  ADD KEY `codigo_procedimiento` (`id_procedimiento`),
  ADD KEY `id_entidad` (`id_entidad`);

--
-- Indices de la tabla `precios`
--
ALTER TABLE `precios`
  ADD PRIMARY KEY (`id_precio`),
  ADD KEY `codigo_procedimiento` (`id_procedimiento`),
  ADD KEY `id_entidad` (`id_entidad`);

--
-- Indices de la tabla `procedimientos`
--
ALTER TABLE `procedimientos`
  ADD PRIMARY KEY (`id_procedimiento`);

--
-- AUTO_INCREMENT de las tablas volcadas
--

--
-- AUTO_INCREMENT de la tabla `entidades`
--
ALTER TABLE `entidades`
  MODIFY `id_entidad` int(11) NOT NULL AUTO_INCREMENT, AUTO_INCREMENT=56;

--
-- AUTO_INCREMENT de la tabla `factura`
--
ALTER TABLE `factura`
  MODIFY `id_factura` int(11) NOT NULL AUTO_INCREMENT, AUTO_INCREMENT=1109;

--
-- AUTO_INCREMENT de la tabla `precios`
--
ALTER TABLE `precios`
  MODIFY `id_precio` int(11) NOT NULL AUTO_INCREMENT;

--
-- AUTO_INCREMENT de la tabla `procedimientos`
--
ALTER TABLE `procedimientos`
  MODIFY `id_procedimiento` int(11) NOT NULL AUTO_INCREMENT, AUTO_INCREMENT=91;

--
-- Restricciones para tablas volcadas
--

--
-- Filtros para la tabla `factura`
--
ALTER TABLE `factura`
  ADD CONSTRAINT `factura_ibfk_1` FOREIGN KEY (`id_entidad`) REFERENCES `entidades` (`id_entidad`),
  ADD CONSTRAINT `factura_ibfk_2` FOREIGN KEY (`id_procedimiento`) REFERENCES `procedimientos` (`id_procedimiento`);

--
-- Filtros para la tabla `precios`
--
ALTER TABLE `precios`
  ADD CONSTRAINT `precios_ibfk_1` FOREIGN KEY (`id_procedimiento`) REFERENCES `procedimientos` (`id_procedimiento`);
COMMIT;

/*!40101 SET CHARACTER_SET_CLIENT=@OLD_CHARACTER_SET_CLIENT */;
/*!40101 SET CHARACTER_SET_RESULTS=@OLD_CHARACTER_SET_RESULTS */;
/*!40101 SET COLLATION_CONNECTION=@OLD_COLLATION_CONNECTION */;
