-- phpMyAdmin SQL Dump
-- version 5.2.1
-- https://www.phpmyadmin.net/
--
-- Servidor: 127.0.0.1
-- Tiempo de generación: 12-11-2024 a las 04:01:35
-- Versión del servidor: 10.4.28-MariaDB
-- Versión de PHP: 8.2.4

SET SQL_MODE = "NO_AUTO_VALUE_ON_ZERO";
START TRANSACTION;
SET time_zone = "+00:00";


/*!40101 SET @OLD_CHARACTER_SET_CLIENT=@@CHARACTER_SET_CLIENT */;
/*!40101 SET @OLD_CHARACTER_SET_RESULTS=@@CHARACTER_SET_RESULTS */;
/*!40101 SET @OLD_COLLATION_CONNECTION=@@COLLATION_CONNECTION */;
/*!40101 SET NAMES utf8mb4 */;

--
-- Base de datos: `rx_huilalaplata`
--

-- --------------------------------------------------------

--
-- Estructura de tabla para la tabla `entidades`
--

CREATE TABLE `entidades` (
  `id_entidad` int(11) NOT NULL,
  `nombre_entidad` varchar(255) NOT NULL,
  `tipo_entidad` enum('EPS','SOAT','Particular') NOT NULL
) ENGINE=InnoDB DEFAULT CHARSET=utf8mb4 COLLATE=utf8mb4_general_ci;

--
-- Volcado de datos para la tabla `entidades`
--

INSERT INTO `entidades` (`id_entidad`, `nombre_entidad`, `tipo_entidad`) VALUES
(4, 'SECRETARIA DE SALUD', 'EPS'),
(5, 'ADRES', 'EPS'),
(6, 'SANITAS EPS', 'EPS'),
(7, 'NUEVA EPS SUBSIDIADO', 'EPS'),
(8, 'ASMETSALUD', 'EPS'),
(9, 'AIC', 'EPS'),
(10, 'FIDUPREVISORA', 'SOAT'),
(11, 'NUEVA EPS CONTRIBUTIVO', 'EPS'),
(12, 'EMSSANAR', 'EPS'),
(13, 'SALUD TOTAL SUBSIDIADO', 'EPS'),
(14, 'LA PREVISORA', 'SOAT'),
(15, 'SEGUROS BOLIVAR', 'SOAT'),
(16, 'COMPAÑÍA MUNDIAL', 'SOAT'),
(17, 'PARTICULAR', 'Particular'),
(18, 'AXA COLPATRIA', 'SOAT'),
(19, 'COMPAÑÍA DE SEGUROS COLMENA', 'SOAT'),
(20, 'COOSALUD EPS', 'EPS'),
(21, 'SANIDAD MILITAR', 'EPS'),
(22, 'POSITIVA COMPAÑÍA', 'SOAT'),
(23, 'SEGUROS DEL ESTADO', 'SOAT'),
(24, 'FAMISANAR SUBSIDIADO', 'EPS'),
(25, 'POLICIA NACIONAL', 'EPS');

-- --------------------------------------------------------

--
-- Estructura de tabla para la tabla `factura`
--

CREATE TABLE `factura` (
  `codigo_factura` varchar(50) NOT NULL,
  `nombre_archivo` varchar(255) NOT NULL,
  `codigo_procedimiento` varchar(50) NOT NULL,
  `id_entidad` int(11) NOT NULL,
  `nombre_paciente` varchar(255) DEFAULT NULL,
  `tipo_id` varchar(10) DEFAULT NULL,
  `id_paciente` varchar(50) DEFAULT NULL,
  `sexo` varchar(1) DEFAULT NULL,
  `fecha_nacimiento` date DEFAULT NULL,
  `cantidad` int(11) DEFAULT 1,
  `valor_unitario` decimal(10,3) DEFAULT NULL,
  `valor_descuento` decimal(10,3) DEFAULT NULL,
  `descuento` decimal(10,3) DEFAULT NULL,
  `fecha_procedimiento` date DEFAULT NULL
) ENGINE=InnoDB DEFAULT CHARSET=utf8mb4 COLLATE=utf8mb4_general_ci;

--
-- Volcado de datos para la tabla `factura`
--

INSERT INTO `factura` (`codigo_factura`, `nombre_archivo`, `codigo_procedimiento`, `id_entidad`, `nombre_paciente`, `tipo_id`, `id_paciente`, `sexo`, `fecha_nacimiento`, `cantidad`, `valor_unitario`, `valor_descuento`, `descuento`, `fecha_procedimiento`) VALUES
('F001', 'archivo1.pdf', '879111', 8, 'Juan Perez', NULL, '10001', 'M', NULL, 1, 499.180, 499.180, 0.000, '2024-10-01'),
('F002', 'archivo2.pdf', '879121', 8, 'Maria Lopez', NULL, '10002', 'F', NULL, 1, 500.910, 500.910, 0.000, '2024-10-02'),
('F003', 'archivo3.pdf', '879161', 8, 'Carlos Garcia', NULL, '10003', 'M', NULL, 1, 546.890, 546.890, 0.000, '2024-10-03'),
('F004', 'archivo4.pdf', '879201', 8, 'Ana Rodriguez', NULL, '10004', 'F', NULL, 1, 546.890, 546.890, 0.000, '2024-10-04'),
('F005', 'archivo5.pdf', '876801', 8, 'Luis Martinez', NULL, '10005', 'M', NULL, 1, 202.390, 202.390, 0.000, '2024-05-05'),
('F006', 'archivo6.pdf', '879116*', 8, 'Paola Suarez', NULL, '10006', 'F', NULL, 1, 936.560, 936.560, 0.000, '2024-06-06'),
('F007', 'archivo7.pdf', '879132*', 8, 'Pedro Gutierrez', NULL, '10007', 'M', NULL, 1, 936.560, 936.560, 0.000, '2024-10-07'),
('F008', 'archivo8.pdf', '879301*', 8, 'Claudia Castro', NULL, '10008', 'F', NULL, 1, 905.360, 905.360, 0.000, '2024-10-08'),
('F009', 'archivo9.pdf', '879410*', 8, 'Andres Herrera', NULL, '10009', 'M', NULL, 1, 981.760, 981.760, 0.000, '2024-09-09'),
('F010', 'archivo10.pdf', '879431*', 8, 'Laura Mejia', NULL, '10010', 'F', NULL, 1, 562.320, 562.320, 0.000, '2024-10-10');

-- --------------------------------------------------------

--
-- Estructura de tabla para la tabla `precios`
--

CREATE TABLE `precios` (
  `id_precio` int(11) NOT NULL,
  `codigo_procedimiento` varchar(50) NOT NULL,
  `id_entidad` int(11) NOT NULL,
  `precio_ambulatorio` decimal(10,3) DEFAULT NULL,
  `precio_hospitalario` decimal(10,3) DEFAULT NULL
) ENGINE=InnoDB DEFAULT CHARSET=utf8mb4 COLLATE=utf8mb4_general_ci;

--
-- Volcado de datos para la tabla `precios`
--

INSERT INTO `precios` (`id_precio`, `codigo_procedimiento`, `id_entidad`, `precio_ambulatorio`, `precio_hospitalario`) VALUES
(347, '879111', 11, 499175.000, 528539.000),
(348, '879112', 11, 644470.000, 682380.000),
(349, '879113', 11, 738055.000, 781470.000),
(350, '879116', 11, 644470.000, 682380.000),
(351, '879121', 11, 500905.000, 530370.000),
(352, '879122', 11, 644470.000, 682380.000),
(353, '879131', 11, 644470.000, 682380.000),
(354, '879132', 11, 644470.000, 682380.000),
(355, '879141', 11, 644470.000, 682380.000),
(356, '879150', 11, 644470.000, 682380.000),
(357, '879161', 11, 546890.000, 579060.000),
(358, '879162', 11, 644470.000, 682380.000),
(359, '879201', 11, 546890.000, 579060.000),
(360, '879301', 11, 611320.000, 647280.000),
(361, '879391', 11, 692495.000, 733230.000),
(362, '879410', 11, 692495.000, 733230.000),
(363, '879411', 11, 804525.000, 851850.000),
(364, '879420', 11, 804525.000, 851850.000),
(365, '879421', 11, 500905.000, 530370.000),
(366, '879430', 11, 804525.000, 851850.000),
(367, '879460', 11, 546890.000, 579060.000),
(368, '879510', 11, 500905.000, 530370.000),
(369, '879520', 11, 500905.000, 530370.000),
(370, '879522', 11, 193205.000, 204570.000),
(371, '879523', 11, 193205.000, 204570.000),
(372, '879901', 11, 788545.000, 834930.000),
(373, '879910', 11, 852125.000, 902250.000),
(374, '879911', 11, 852125.000, 902250.000),
(375, '879431', 11, 246840.000, 261360.000),
(376, '876802', 11, 246840.000, 261365.000),
(377, '876801', 11, 202385.000, 214290.000),
(378, '879116*', 11, 974470.000, 1012380.000),
(379, '879121*', 11, 710905.000, 740370.000),
(380, '879122*', 11, 854470.000, 892380.000),
(381, '879131*', 11, 854470.000, 892380.000),
(382, '879132*', 11, 974470.000, 1012380.000),
(383, '879141*', 11, 854470.000, 892380.000),
(384, '879150*', 11, 854470.000, 892380.000),
(385, '879161*', 11, 876890.000, 909060.000),
(386, '879162*', 11, 974470.000, 1012380.000),
(387, '879201*', 11, 876890.000, 909060.000),
(388, '879301*', 11, 941320.000, 977280.000),
(389, '879391*', 11, 1022495.000, 1063230.000),
(390, '879410*', 11, 1022495.000, 1063230.000),
(391, '879411*', 11, 1134525.000, 1181850.000),
(392, '879420*', 11, 1254525.000, 1301850.000),
(393, '879421*', 11, 830905.000, 860370.000),
(394, '879430*', 11, 1134525.000, 1181850.000),
(395, '879460*', 11, 996890.000, 1029060.000),
(396, '879510*', 11, 830905.000, 860370.000),
(397, '879520*', 11, 830905.000, 860370.000),
(398, '879522*', 11, 523205.000, 534570.000),
(399, '879523*', 11, 523205.000, 534570.000),
(400, '879901*', 11, 1238545.000, 1284930.000),
(401, '879431*', 11, 576840.000, 591360.000),
(402, '879111', 7, 499175.000, 522666.000),
(403, '879112', 7, 644470.000, 674798.000),
(404, '879113', 7, 738055.000, 772787.000),
(405, '879116', 7, 644470.000, 674798.000),
(406, '879121', 7, 500905.000, 524477.000),
(407, '879122', 7, 644470.000, 674798.000),
(408, '879131', 7, 644470.000, 674798.000),
(409, '879132', 7, 644470.000, 674798.000),
(410, '879141', 7, 644470.000, 674798.000),
(411, '879150', 7, 644470.000, 674798.000),
(412, '879161', 7, 546890.000, 572626.000),
(413, '879162', 7, 644470.000, 674798.000),
(414, '879201', 7, 546890.000, 572626.000),
(415, '879301', 7, 611320.000, 640088.000),
(416, '879391', 7, 692495.000, 725083.000),
(417, '879410', 7, 692495.000, 725083.000),
(418, '879411', 7, 804525.000, 842385.000),
(419, '879420', 7, 804525.000, 842385.000),
(420, '879421', 7, 500905.000, 524477.000),
(421, '879430', 7, 804525.000, 842385.000),
(422, '879460', 7, 546890.000, 572626.000),
(423, '879510', 7, 500905.000, 524477.000),
(424, '879520', 7, 500905.000, 524477.000),
(425, '879522', 7, 193205.000, 202297.000),
(426, '879523', 7, 193205.000, 202297.000),
(427, '879901', 7, 788545.000, 825653.000),
(428, '879910', 7, 852125.000, 892225.000),
(429, '879911', 7, 852125.000, 892225.000),
(430, '879431', 7, 246840.000, 258456.000),
(431, '876802', 7, 246840.000, 261365.000),
(432, '876801', 7, 202385.000, 214290.000),
(433, '879116*', 7, 974470.000, 1004798.000),
(434, '879121*', 7, 710905.000, 734477.000),
(435, '879122*', 7, 854470.000, 884798.000),
(436, '879131*', 7, 854470.000, 884798.000),
(437, '879132*', 7, 974470.000, 1004798.000),
(438, '879141*', 7, 854470.000, 884798.000),
(439, '879150*', 7, 854470.000, 884798.000),
(440, '879161*', 7, 876890.000, 902626.000),
(441, '879162*', 7, 974470.000, 1004798.000),
(442, '879201*', 7, 876890.000, 902626.000),
(443, '879301*', 7, 941320.000, 970088.000),
(444, '879391*', 7, 1022495.000, 1055083.000),
(445, '879410*', 7, 1022495.000, 1055083.000),
(446, '879411*', 7, 1134525.000, 1172385.000),
(447, '879420*', 7, 1254525.000, 1292385.000),
(448, '879421*', 7, 830905.000, 854477.000),
(449, '879430*', 7, 1134525.000, 1172385.000),
(450, '879460*', 7, 996890.000, 1022626.000),
(451, '879510*', 7, 830905.000, 854477.000),
(452, '879520*', 7, 830905.000, 854477.000),
(453, '879522*', 7, 523205.000, 532297.000),
(454, '879523*', 7, 523205.000, 532297.000),
(455, '879901*', 7, 1238545.000, 1275653.000),
(456, '879431*', 7, 576840.000, 588456.000),
(457, '879111', 17, 352359.000, NULL),
(458, '879112', 17, 379100.000, NULL),
(459, '879113', 17, 434150.000, NULL),
(460, '879116', 17, 379100.000, NULL),
(461, '879121', 17, 294650.000, NULL),
(462, '879122', 17, 379100.000, NULL),
(463, '879131', 17, 379100.000, NULL),
(464, '879132', 17, 379100.000, NULL),
(465, '879141', 17, 379100.000, NULL),
(466, '879150', 17, 379100.000, NULL),
(467, '879161', 17, 321700.000, NULL),
(468, '879162', 17, 379100.000, NULL),
(469, '879201', 17, 321700.000, NULL),
(470, '879301', 17, 359600.000, NULL),
(471, '879391', 17, 407350.000, NULL),
(472, '879410', 17, 407350.000, NULL),
(473, '879411', 17, 473250.000, NULL),
(474, '879420', 17, 757200.000, NULL),
(475, '879421', 17, 294650.000, NULL),
(476, '879430', 17, 473250.000, NULL),
(477, '879460', 17, 321700.000, NULL),
(478, '879510', 17, 294650.000, NULL),
(479, '879520', 17, 294650.000, NULL),
(480, '879522', 17, 113650.000, NULL),
(481, '879523', 17, 113650.000, NULL),
(482, '879910', 17, 601500.000, NULL),
(483, '879911', 17, 601500.000, NULL),
(484, '876802', 17, 246840.000, 261365.000),
(485, '876801', 17, 202385.000, 214290.000),
(486, '879901', 17, 556620.000, NULL),
(487, '879902', 17, 601500.000, NULL),
(488, '879920', 17, 77940.000, NULL),
(489, '879431', 17, 174240.000, NULL),
(490, '879116*', 17, 709100.000, NULL),
(491, '879121*', 17, 504650.000, NULL),
(492, '879122*', 17, 589100.000, NULL),
(493, '879131*', 17, 589100.000, NULL),
(494, '879132*', 17, 709100.000, NULL),
(495, '879141*', 17, 589100.000, NULL),
(496, '879150*', 17, 589100.000, NULL),
(497, '879161*', 17, 651700.000, NULL),
(498, '879162*', 17, 709100.000, NULL),
(499, '879201*', 17, 651700.000, NULL),
(500, '879301*', 17, 689600.000, NULL),
(501, '879391*', 17, 737350.000, NULL),
(502, '879410*', 17, 737350.000, NULL),
(503, '879411*', 17, 803250.000, NULL),
(504, '879420*', 17, 1207200.000, NULL),
(505, '879421*', 17, 624650.000, NULL),
(506, '879430*', 17, 803250.000, NULL),
(507, '879460*', 17, 771700.000, NULL),
(508, '879510*', 17, 624650.000, NULL),
(509, '879520*', 17, 624650.000, NULL),
(510, '879522*', 17, 443650.000, NULL),
(511, '879523*', 17, 443650.000, NULL),
(512, '879901*', 17, 1006620.000, NULL),
(513, '879431*', 17, 504240.000, NULL),
(569, '879111', 6, 469812.000, 499175.000),
(570, '879112', 6, 606560.000, 644470.000),
(571, '879113', 6, 694640.000, 738055.000),
(572, '879116', 6, 606560.000, 644470.000),
(573, '879121', 6, 471440.000, 500905.000),
(574, '879122', 6, 606560.000, 644470.000),
(575, '879131', 6, 606560.000, 644470.000),
(576, '879132', 6, 606560.000, 644470.000),
(577, '879141', 6, 606560.000, 644470.000),
(578, '879150', 6, 606560.000, 644470.000),
(579, '879161', 6, 514720.000, 546890.000),
(580, '879162', 6, 606560.000, 644470.000),
(581, '879201', 6, 514720.000, 546890.000),
(582, '879301', 6, 575360.000, 611320.000),
(583, '879391', 6, 651760.000, 692495.000),
(584, '879410', 6, 651760.000, 692495.000),
(585, '879411', 6, 757200.000, 804525.000),
(586, '879420', 6, 757200.000, 804525.000),
(587, '879421', 6, 471440.000, 500905.000),
(588, '879430', 6, 757200.000, 804525.000),
(589, '879460', 6, 514720.000, 546890.000),
(590, '879510', 6, 471440.000, 500905.000),
(591, '879520', 6, 471440.000, 500905.000),
(592, '879522', 6, 181840.000, 193205.000),
(593, '879523', 6, 181840.000, 193205.000),
(594, '879901', 6, 519600.000, 552075.000),
(595, '879910', 6, 802000.000, 852125.000),
(596, '879911', 6, 802000.000, 852125.000),
(597, '879431', 6, 232320.000, 246840.000),
(598, '876802', 6, 246840.000, 261365.000),
(599, '876801', 6, 202385.000, 214290.000),
(600, '879116*', 6, 936560.000, 974470.000),
(601, '879121*', 6, 681440.000, 710905.000),
(602, '879122*', 6, 816560.000, 854470.000),
(603, '879131*', 6, 816560.000, 854470.000),
(604, '879132*', 6, 936560.000, 974470.000),
(605, '879141*', 6, 816560.000, 854470.000),
(606, '879150*', 6, 816560.000, 854470.000),
(607, '879161*', 6, 844720.000, 876890.000),
(608, '879162*', 6, 936560.000, 974470.000),
(609, '879201*', 6, 844720.000, 876890.000),
(610, '879301*', 6, 905360.000, 941320.000),
(611, '879391*', 6, 981760.000, 1022495.000),
(612, '879410*', 6, 981760.000, 1022495.000),
(613, '879411*', 6, 1087200.000, 1134525.000),
(614, '879420*', 6, 1207200.000, 1254525.000),
(615, '879421*', 6, 801440.000, 830905.000),
(616, '879430*', 6, 1087200.000, 1134525.000),
(617, '879460*', 6, 964720.000, 996890.000),
(618, '879510*', 6, 801440.000, 830905.000),
(619, '879520*', 6, 801440.000, 830905.000),
(620, '879522*', 6, 511840.000, 523205.000),
(621, '879523*', 6, 511840.000, 523205.000),
(622, '879901*', 6, 1192160.000, 1238545.000),
(623, '879431*', 6, 562320.000, 576840.000),
(624, '879111', 9, 469812.000, 499175.000),
(625, '879112', 9, 606560.000, 644470.000),
(626, '879113', 9, 694640.000, 738055.000),
(627, '879116', 9, 606560.000, 644470.000),
(628, '879121', 9, 471440.000, 500905.000),
(629, '879122', 9, 606560.000, 644470.000),
(630, '879131', 9, 606560.000, 644470.000),
(631, '879132', 9, 606560.000, 644470.000),
(632, '879141', 9, 606560.000, 644470.000),
(633, '879150', 9, 606560.000, 644470.000),
(634, '879161', 9, 514720.000, 546890.000),
(635, '879162', 9, 606560.000, 644470.000),
(636, '879201', 9, 514720.000, 546890.000),
(637, '879301', 9, 575360.000, 611320.000),
(638, '879391', 9, 651760.000, 692495.000),
(639, '879410', 9, 651760.000, 692495.000),
(640, '879411', 9, 757200.000, 804525.000),
(641, '879420', 9, 757200.000, 804525.000),
(642, '879421', 9, 471440.000, 500905.000),
(643, '879430', 9, 757200.000, 804525.000),
(644, '879460', 9, 514720.000, 546890.000),
(645, '879510', 9, 471440.000, 500905.000),
(646, '879520', 9, 471440.000, 500905.000),
(647, '879522', 9, 181840.000, 193205.000),
(648, '879523', 9, 181840.000, 193205.000),
(649, '879901', 9, 742223.000, 788612.000),
(650, '879910', 9, 802000.000, 852125.000),
(651, '879911', 9, 802000.000, 852125.000),
(652, '879431', 9, 232320.000, 246840.000),
(653, '876802', 9, 246840.000, 261365.000),
(654, '876801', 9, 202385.000, 214290.000),
(655, '879116*', 9, 936560.000, 974470.000),
(656, '879121*', 9, 681440.000, 710905.000),
(657, '879122*', 9, 816560.000, 854470.000),
(658, '879131*', 9, 816560.000, 854470.000),
(659, '879132*', 9, 936560.000, 974470.000),
(660, '879141*', 9, 816560.000, 854470.000),
(661, '879150*', 9, 816560.000, 854470.000),
(662, '879161*', 9, 844720.000, 876890.000),
(663, '879162*', 9, 936560.000, 974470.000),
(664, '879201*', 9, 844720.000, 876890.000),
(665, '879301*', 9, 905360.000, 941320.000),
(666, '879391*', 9, 981760.000, 1022495.000),
(667, '879410*', 9, 981760.000, 1022495.000),
(668, '879411*', 9, 1087200.000, 1134525.000),
(669, '879420*', 9, 1207200.000, 1254525.000),
(670, '879421*', 9, 801440.000, 830905.000),
(671, '879430*', 9, 1087200.000, 1134525.000),
(672, '879460*', 9, 964720.000, 996890.000),
(673, '879510*', 9, 801440.000, 830905.000),
(674, '879520*', 9, 801440.000, 830905.000),
(675, '879522*', 9, 511840.000, 523205.000),
(676, '879523*', 9, 511840.000, 523205.000),
(677, '879901*', 9, 1192160.000, 1238545.000),
(678, '879431*', 9, 562320.000, 576840.000),
(679, '879111', 8, 499175.000, 528539.000),
(680, '879112', 8, 644470.000, 682380.000),
(681, '879113', 8, 738055.000, 781470.000),
(682, '879116', 8, 644470.000, 682380.000),
(683, '879121', 8, 500905.000, 530370.000),
(684, '879122', 8, 644470.000, 682380.000),
(685, '879131', 8, 644470.000, 682380.000),
(686, '879132', 8, 644470.000, 682380.000),
(687, '879141', 8, 644470.000, 682380.000),
(688, '879150', 8, 644470.000, 682380.000),
(689, '879161', 8, 546890.000, 579060.000),
(690, '879162', 8, 644470.000, 682380.000),
(691, '879201', 8, 546890.000, 579060.000),
(692, '879301', 8, 611320.000, 647280.000),
(693, '879391', 8, 692495.000, 733230.000),
(694, '879410', 8, 692495.000, 733230.000),
(695, '879411', 8, 804525.000, 851850.000),
(696, '879420', 8, 804525.000, 851850.000),
(697, '879421', 8, 500905.000, 530370.000),
(698, '879430', 8, 804525.000, 851850.000),
(699, '879460', 8, 546890.000, 579060.000),
(700, '879510', 8, 500905.000, 530370.000),
(701, '879520', 8, 500905.000, 530370.000),
(702, '879522', 8, 193205.000, 204570.000),
(703, '879523', 8, 193205.000, 204570.000),
(704, '879901', 8, 788545.000, 834930.000),
(705, '879910', 8, 852125.000, 902250.000),
(706, '879911', 8, 852125.000, 902250.000),
(707, '879431', 8, 246840.000, 261360.000),
(708, '876802', 8, 246840.000, 261365.000),
(709, '876801', 8, 202385.000, 214290.000),
(710, '879116*', 8, 974470.000, 1012380.000),
(711, '879121*', 8, 710905.000, 740370.000),
(712, '879122*', 8, 854470.000, 892380.000),
(713, '879131*', 8, 854470.000, 892380.000),
(714, '879132*', 8, 974470.000, 1012380.000),
(715, '879141*', 8, 854470.000, 892380.000),
(716, '879150*', 8, 854470.000, 892380.000),
(717, '879161*', 8, 876890.000, 909060.000),
(718, '879162*', 8, 974470.000, 1012380.000),
(719, '879201*', 8, 876890.000, 909060.000),
(720, '879301*', 8, 941320.000, 977280.000),
(721, '879391*', 8, 1022495.000, 1063230.000),
(722, '879410*', 8, 1022495.000, 1063230.000),
(723, '879411*', 8, 1134525.000, 1181850.000),
(724, '879420*', 8, 1254525.000, 1301850.000),
(725, '879421*', 8, 830905.000, 860370.000),
(726, '879430*', 8, 1134525.000, 1181850.000),
(727, '879460*', 8, 996890.000, 1029060.000),
(728, '879510*', 8, 830905.000, 860370.000),
(729, '879520*', 8, 830905.000, 860370.000),
(730, '879522*', 8, 523205.000, 534570.000),
(731, '879523*', 8, 523205.000, 534570.000),
(732, '879901*', 8, 1238545.000, 1284930.000),
(733, '879431*', 8, 576840.000, 591360.000),
(989, '879111', 4, NULL, 587265.000),
(990, '879111', 12, NULL, 587265.000),
(991, '879111', 20, NULL, 587265.000),
(992, '879111', 21, NULL, 587265.000),
(993, '879111', 24, NULL, 587265.000),
(994, '879111', 25, NULL, 587265.000),
(995, '879111', 13, NULL, 587265.000),
(996, '879112', 4, NULL, 758200.000),
(997, '879112', 12, NULL, 758200.000),
(998, '879112', 20, NULL, 758200.000),
(999, '879112', 21, NULL, 758200.000),
(1000, '879112', 24, NULL, 758200.000),
(1001, '879112', 25, NULL, 758200.000),
(1002, '879112', 13, NULL, 758200.000),
(1003, '879113', 4, NULL, 868300.000),
(1004, '879113', 12, NULL, 868300.000),
(1005, '879113', 20, NULL, 868300.000),
(1006, '879113', 21, NULL, 868300.000),
(1007, '879113', 24, NULL, 868300.000),
(1008, '879113', 25, NULL, 868300.000),
(1009, '879113', 13, NULL, 868300.000),
(1010, '879116', 4, NULL, 758200.000),
(1011, '879116', 12, NULL, 758200.000),
(1012, '879116', 20, NULL, 758200.000),
(1013, '879116', 21, NULL, 758200.000),
(1014, '879116', 24, NULL, 758200.000),
(1015, '879116', 25, NULL, 758200.000),
(1016, '879116', 13, NULL, 758200.000),
(1017, '879121', 4, NULL, 589300.000),
(1018, '879121', 12, NULL, 589300.000),
(1019, '879121', 20, NULL, 589300.000),
(1020, '879121', 21, NULL, 589300.000),
(1021, '879121', 24, NULL, 589300.000),
(1022, '879121', 25, NULL, 589300.000),
(1023, '879121', 13, NULL, 589300.000),
(1024, '879122', 4, NULL, 758200.000),
(1025, '879122', 12, NULL, 758200.000),
(1026, '879122', 20, NULL, 758200.000),
(1027, '879122', 21, NULL, 758200.000),
(1028, '879122', 24, NULL, 758200.000),
(1029, '879122', 25, NULL, 758200.000),
(1030, '879122', 13, NULL, 758200.000),
(1031, '879131', 4, NULL, 758200.000),
(1032, '879131', 12, NULL, 758200.000),
(1033, '879131', 20, NULL, 758200.000),
(1034, '879131', 21, NULL, 758200.000),
(1035, '879131', 24, NULL, 758200.000),
(1036, '879131', 25, NULL, 758200.000),
(1037, '879131', 13, NULL, 758200.000),
(1038, '879132', 4, NULL, 758200.000),
(1039, '879132', 12, NULL, 758200.000),
(1040, '879132', 20, NULL, 758200.000),
(1041, '879132', 21, NULL, 758200.000),
(1042, '879132', 24, NULL, 758200.000),
(1043, '879132', 25, NULL, 758200.000),
(1044, '879132', 13, NULL, 758200.000),
(1045, '879141', 4, NULL, 758200.000),
(1046, '879141', 12, NULL, 758200.000),
(1047, '879141', 20, NULL, 758200.000),
(1048, '879141', 21, NULL, 758200.000),
(1049, '879141', 24, NULL, 758200.000),
(1050, '879141', 25, NULL, 758200.000),
(1051, '879141', 13, NULL, 758200.000),
(1052, '879150', 4, NULL, 758200.000),
(1053, '879150', 12, NULL, 758200.000),
(1054, '879150', 20, NULL, 758200.000),
(1055, '879150', 21, NULL, 758200.000),
(1056, '879150', 24, NULL, 758200.000),
(1057, '879150', 25, NULL, 758200.000),
(1058, '879150', 13, NULL, 758200.000),
(1059, '879161', 4, NULL, 643400.000),
(1060, '879161', 12, NULL, 643400.000),
(1061, '879161', 20, NULL, 643400.000),
(1062, '879161', 21, NULL, 643400.000),
(1063, '879161', 24, NULL, 643400.000),
(1064, '879161', 25, NULL, 643400.000),
(1065, '879161', 13, NULL, 643400.000),
(1066, '879162', 4, NULL, 758200.000),
(1067, '879162', 12, NULL, 758200.000),
(1068, '879162', 20, NULL, 758200.000),
(1069, '879162', 21, NULL, 758200.000),
(1070, '879162', 24, NULL, 758200.000),
(1071, '879162', 25, NULL, 758200.000),
(1072, '879162', 13, NULL, 758200.000),
(1073, '879201', 4, NULL, 643400.000),
(1074, '879201', 12, NULL, 643400.000),
(1075, '879201', 20, NULL, 643400.000),
(1076, '879201', 21, NULL, 643400.000),
(1077, '879201', 24, NULL, 643400.000),
(1078, '879201', 25, NULL, 643400.000),
(1079, '879201', 13, NULL, 643400.000),
(1080, '879301', 4, NULL, 719200.000),
(1081, '879301', 12, NULL, 719200.000),
(1082, '879301', 20, NULL, 719200.000),
(1083, '879301', 21, NULL, 719200.000),
(1084, '879301', 24, NULL, 719200.000),
(1085, '879301', 25, NULL, 719200.000),
(1086, '879301', 13, NULL, 719200.000),
(1087, '879391', 4, NULL, 814700.000),
(1088, '879391', 12, NULL, 814700.000),
(1089, '879391', 20, NULL, 814700.000),
(1090, '879391', 21, NULL, 814700.000),
(1091, '879391', 24, NULL, 814700.000),
(1092, '879391', 25, NULL, 814700.000),
(1093, '879391', 13, NULL, 814700.000),
(1094, '879410', 4, NULL, 814700.000),
(1095, '879410', 12, NULL, 814700.000),
(1096, '879410', 20, NULL, 814700.000),
(1097, '879410', 21, NULL, 814700.000),
(1098, '879410', 24, NULL, 814700.000),
(1099, '879410', 25, NULL, 814700.000),
(1100, '879410', 13, NULL, 814700.000),
(1101, '879411', 4, NULL, 946500.000),
(1102, '879411', 12, NULL, 946500.000),
(1103, '879411', 20, NULL, 946500.000),
(1104, '879411', 21, NULL, 946500.000),
(1105, '879411', 24, NULL, 946500.000),
(1106, '879411', 25, NULL, 946500.000),
(1107, '879411', 13, NULL, 946500.000),
(1108, '879420', 4, NULL, 946500.000),
(1109, '879420', 12, NULL, 946500.000),
(1110, '879420', 20, NULL, 946500.000),
(1111, '879420', 21, NULL, 946500.000),
(1112, '879420', 24, NULL, 946500.000),
(1113, '879420', 25, NULL, 946500.000),
(1114, '879420', 13, NULL, 946500.000),
(1115, '879421', 4, NULL, 589300.000),
(1116, '879421', 12, NULL, 589300.000),
(1117, '879421', 20, NULL, 589300.000),
(1118, '879421', 21, NULL, 589300.000),
(1119, '879421', 24, NULL, 589300.000),
(1120, '879421', 25, NULL, 589300.000),
(1121, '879421', 13, NULL, 589300.000),
(1122, '879430', 4, NULL, 946500.000),
(1123, '879430', 12, NULL, 946500.000),
(1124, '879430', 20, NULL, 946500.000),
(1125, '879430', 21, NULL, 946500.000),
(1126, '879430', 24, NULL, 946500.000),
(1127, '879430', 25, NULL, 946500.000),
(1128, '879430', 13, NULL, 946500.000),
(1129, '879460', 4, NULL, 643400.000),
(1130, '879460', 12, NULL, 643400.000),
(1131, '879460', 20, NULL, 643400.000),
(1132, '879460', 21, NULL, 643400.000),
(1133, '879460', 24, NULL, 643400.000),
(1134, '879460', 25, NULL, 643400.000),
(1135, '879460', 13, NULL, 643400.000),
(1136, '879510', 4, NULL, 589300.000),
(1137, '879510', 12, NULL, 589300.000),
(1138, '879510', 20, NULL, 589300.000),
(1139, '879510', 21, NULL, 589300.000),
(1140, '879510', 24, NULL, 589300.000),
(1141, '879510', 25, NULL, 589300.000),
(1142, '879510', 13, NULL, 589300.000),
(1143, '879520', 4, NULL, 589300.000),
(1144, '879520', 12, NULL, 589300.000),
(1145, '879520', 20, NULL, 589300.000),
(1146, '879520', 21, NULL, 589300.000),
(1147, '879520', 24, NULL, 589300.000),
(1148, '879520', 25, NULL, 589300.000),
(1149, '879520', 13, NULL, 589300.000),
(1150, '879522', 4, NULL, 227300.000),
(1151, '879522', 12, NULL, 227300.000),
(1152, '879522', 20, NULL, 227300.000),
(1153, '879522', 21, NULL, 227300.000),
(1154, '879522', 24, NULL, 227300.000),
(1155, '879522', 25, NULL, 227300.000),
(1156, '879522', 13, NULL, 227300.000),
(1157, '879523', 4, NULL, 227300.000),
(1158, '879523', 12, NULL, 227300.000),
(1159, '879523', 20, NULL, 227300.000),
(1160, '879523', 21, NULL, 227300.000),
(1161, '879523', 24, NULL, 227300.000),
(1162, '879523', 25, NULL, 227300.000),
(1163, '879523', 13, NULL, 227300.000),
(1164, '879901', 4, NULL, 649500.000),
(1165, '879901', 12, NULL, 649500.000),
(1166, '879901', 20, NULL, 649500.000),
(1167, '879901', 21, NULL, 649500.000),
(1168, '879901', 24, NULL, 649500.000),
(1169, '879901', 25, NULL, 649500.000),
(1170, '879901', 13, NULL, 649500.000),
(1171, '879902', 4, NULL, 1002500.000),
(1172, '879902', 12, NULL, 1002500.000),
(1173, '879902', 20, NULL, 1002500.000),
(1174, '879902', 21, NULL, 1002500.000),
(1175, '879902', 24, NULL, 1002500.000),
(1176, '879902', 25, NULL, 1002500.000),
(1177, '879902', 13, NULL, 1002500.000),
(1178, '879910', 4, NULL, 1002500.000),
(1179, '879910', 12, NULL, 1002500.000),
(1180, '879910', 20, NULL, 1002500.000),
(1181, '879910', 21, NULL, 1002500.000),
(1182, '879910', 24, NULL, 1002500.000),
(1183, '879910', 25, NULL, 1002500.000),
(1184, '879910', 13, NULL, 1002500.000),
(1185, '879911', 4, NULL, 1002500.000),
(1186, '879911', 12, NULL, 1002500.000),
(1187, '879911', 20, NULL, 1002500.000),
(1188, '879911', 21, NULL, 1002500.000),
(1189, '879911', 24, NULL, 1002500.000),
(1190, '879911', 25, NULL, 1002500.000),
(1191, '879911', 13, NULL, 1002500.000),
(1192, '879920', 4, NULL, 129900.000),
(1193, '879920', 12, NULL, 129900.000),
(1194, '879920', 20, NULL, 129900.000),
(1195, '879920', 21, NULL, 129900.000),
(1196, '879920', 24, NULL, 129900.000),
(1197, '879920', 25, NULL, 129900.000),
(1198, '879920', 13, NULL, 129900.000),
(1199, '879431', 4, NULL, 290400.000),
(1200, '879431', 12, NULL, 290400.000),
(1201, '879431', 20, NULL, 290400.000),
(1202, '879431', 21, NULL, 290400.000),
(1203, '879431', 24, NULL, 290400.000),
(1204, '879431', 25, NULL, 290400.000),
(1205, '879431', 13, NULL, 290400.000),
(1206, '876802', 4, NULL, 290400.000),
(1207, '876802', 12, NULL, 290400.000),
(1208, '876802', 20, NULL, 290400.000),
(1209, '876802', 21, NULL, 290400.000),
(1210, '876802', 24, NULL, 290400.000),
(1211, '876802', 25, NULL, 290400.000),
(1212, '876802', 13, NULL, 290400.000),
(1213, '876801', 4, NULL, 238100.000),
(1214, '876801', 12, NULL, 238100.000),
(1215, '876801', 20, NULL, 238100.000),
(1216, '876801', 21, NULL, 238100.000),
(1217, '876801', 24, NULL, 238100.000),
(1218, '876801', 25, NULL, 238100.000),
(1219, '876801', 13, NULL, 238100.000),
(1220, '879116*', 4, NULL, 1088200.000),
(1221, '879116*', 12, NULL, 1088200.000),
(1222, '879116*', 20, NULL, 1088200.000),
(1223, '879116*', 21, NULL, 1088200.000),
(1224, '879116*', 24, NULL, 1088200.000),
(1225, '879116*', 25, NULL, 1088200.000),
(1226, '879116*', 13, NULL, 1088200.000),
(1227, '879121*', 4, NULL, 799300.000),
(1228, '879121*', 12, NULL, 799300.000),
(1229, '879121*', 20, NULL, 799300.000),
(1230, '879121*', 21, NULL, 799300.000),
(1231, '879121*', 24, NULL, 799300.000),
(1232, '879121*', 25, NULL, 799300.000),
(1233, '879121*', 13, NULL, 799300.000),
(1234, '879122*', 4, NULL, 968200.000),
(1235, '879122*', 12, NULL, 968200.000),
(1236, '879122*', 20, NULL, 968200.000),
(1237, '879122*', 21, NULL, 968200.000),
(1238, '879122*', 24, NULL, 968200.000),
(1239, '879122*', 25, NULL, 968200.000),
(1240, '879122*', 13, NULL, 968200.000),
(1241, '879131*', 4, NULL, 968200.000),
(1242, '879131*', 12, NULL, 968200.000),
(1243, '879131*', 20, NULL, 968200.000),
(1244, '879131*', 21, NULL, 968200.000),
(1245, '879131*', 24, NULL, 968200.000),
(1246, '879131*', 25, NULL, 968200.000),
(1247, '879131*', 13, NULL, 968200.000),
(1248, '879132*', 4, NULL, 1088200.000),
(1249, '879132*', 12, NULL, 1088200.000),
(1250, '879132*', 20, NULL, 1088200.000),
(1251, '879132*', 21, NULL, 1088200.000),
(1252, '879132*', 24, NULL, 1088200.000),
(1253, '879132*', 25, NULL, 1088200.000),
(1254, '879132*', 13, NULL, 1088200.000),
(1255, '879141*', 4, NULL, 968200.000),
(1256, '879141*', 12, NULL, 968200.000),
(1257, '879141*', 20, NULL, 968200.000),
(1258, '879141*', 21, NULL, 968200.000),
(1259, '879141*', 24, NULL, 968200.000),
(1260, '879141*', 25, NULL, 968200.000),
(1261, '879141*', 13, NULL, 968200.000),
(1262, '879150*', 4, NULL, 968200.000),
(1263, '879150*', 12, NULL, 968200.000),
(1264, '879150*', 20, NULL, 968200.000),
(1265, '879150*', 21, NULL, 968200.000),
(1266, '879150*', 24, NULL, 968200.000),
(1267, '879150*', 25, NULL, 968200.000),
(1268, '879150*', 13, NULL, 968200.000),
(1269, '879161*', 4, NULL, 973400.000),
(1270, '879161*', 12, NULL, 973400.000),
(1271, '879161*', 20, NULL, 973400.000),
(1272, '879161*', 21, NULL, 973400.000),
(1273, '879161*', 24, NULL, 973400.000),
(1274, '879161*', 25, NULL, 973400.000),
(1275, '879161*', 13, NULL, 973400.000),
(1276, '879162*', 4, NULL, 1088200.000),
(1277, '879162*', 12, NULL, 1088200.000),
(1278, '879162*', 20, NULL, 1088200.000),
(1279, '879162*', 21, NULL, 1088200.000),
(1280, '879162*', 24, NULL, 1088200.000),
(1281, '879162*', 25, NULL, 1088200.000),
(1282, '879162*', 13, NULL, 1088200.000),
(1283, '879201*', 4, NULL, 973400.000),
(1284, '879201*', 12, NULL, 973400.000),
(1285, '879201*', 20, NULL, 973400.000),
(1286, '879201*', 21, NULL, 973400.000),
(1287, '879201*', 24, NULL, 973400.000),
(1288, '879201*', 25, NULL, 973400.000),
(1289, '879201*', 13, NULL, 973400.000),
(1290, '879301*', 4, NULL, 1049200.000),
(1291, '879301*', 12, NULL, 1049200.000),
(1292, '879301*', 20, NULL, 1049200.000),
(1293, '879301*', 21, NULL, 1049200.000),
(1294, '879301*', 24, NULL, 1049200.000),
(1295, '879301*', 25, NULL, 1049200.000),
(1296, '879301*', 13, NULL, 1049200.000),
(1297, '879391*', 4, NULL, 1144700.000),
(1298, '879391*', 12, NULL, 1144700.000),
(1299, '879391*', 20, NULL, 1144700.000),
(1300, '879391*', 21, NULL, 1144700.000),
(1301, '879391*', 24, NULL, 1144700.000),
(1302, '879391*', 25, NULL, 1144700.000),
(1303, '879391*', 13, NULL, 1144700.000),
(1304, '879410*', 4, NULL, 1144700.000),
(1305, '879410*', 12, NULL, 1144700.000),
(1306, '879410*', 20, NULL, 1144700.000),
(1307, '879410*', 21, NULL, 1144700.000),
(1308, '879410*', 24, NULL, 1144700.000),
(1309, '879410*', 25, NULL, 1144700.000),
(1310, '879410*', 13, NULL, 1144700.000),
(1311, '879411*', 4, NULL, 1276500.000),
(1312, '879411*', 12, NULL, 1276500.000),
(1313, '879411*', 20, NULL, 1276500.000),
(1314, '879411*', 21, NULL, 1276500.000),
(1315, '879411*', 24, NULL, 1276500.000),
(1316, '879411*', 25, NULL, 1276500.000),
(1317, '879411*', 13, NULL, 1276500.000),
(1318, '879420*', 4, NULL, 1396500.000),
(1319, '879420*', 12, NULL, 1396500.000),
(1320, '879420*', 20, NULL, 1396500.000),
(1321, '879420*', 21, NULL, 1396500.000),
(1322, '879420*', 24, NULL, 1396500.000),
(1323, '879420*', 25, NULL, 1396500.000),
(1324, '879420*', 13, NULL, 1396500.000),
(1325, '879421*', 4, NULL, 919300.000),
(1326, '879421*', 12, NULL, 919300.000),
(1327, '879421*', 20, NULL, 919300.000),
(1328, '879421*', 21, NULL, 919300.000),
(1329, '879421*', 24, NULL, 919300.000),
(1330, '879421*', 25, NULL, 919300.000),
(1331, '879421*', 13, NULL, 919300.000),
(1332, '879430*', 4, NULL, 1276500.000),
(1333, '879430*', 12, NULL, 1276500.000),
(1334, '879430*', 20, NULL, 1276500.000),
(1335, '879430*', 21, NULL, 1276500.000),
(1336, '879430*', 24, NULL, 1276500.000),
(1337, '879430*', 25, NULL, 1276500.000),
(1338, '879430*', 13, NULL, 1276500.000),
(1339, '879460*', 4, NULL, 1093400.000),
(1340, '879460*', 12, NULL, 1093400.000),
(1341, '879460*', 20, NULL, 1093400.000),
(1342, '879460*', 21, NULL, 1093400.000),
(1343, '879460*', 24, NULL, 1093400.000),
(1344, '879460*', 25, NULL, 1093400.000),
(1345, '879460*', 13, NULL, 1093400.000),
(1346, '879510*', 4, NULL, 919300.000),
(1347, '879510*', 12, NULL, 919300.000),
(1348, '879510*', 20, NULL, 919300.000),
(1349, '879510*', 21, NULL, 919300.000),
(1350, '879510*', 24, NULL, 919300.000),
(1351, '879510*', 25, NULL, 919300.000),
(1352, '879510*', 13, NULL, 919300.000),
(1353, '879520*', 4, NULL, 919300.000),
(1354, '879520*', 12, NULL, 919300.000),
(1355, '879520*', 20, NULL, 919300.000),
(1356, '879520*', 21, NULL, 919300.000),
(1357, '879520*', 24, NULL, 919300.000),
(1358, '879520*', 25, NULL, 919300.000),
(1359, '879520*', 13, NULL, 919300.000),
(1360, '879522*', 4, NULL, 557300.000),
(1361, '879522*', 12, NULL, 557300.000),
(1362, '879522*', 20, NULL, 557300.000),
(1363, '879522*', 21, NULL, 557300.000),
(1364, '879522*', 24, NULL, 557300.000),
(1365, '879522*', 25, NULL, 557300.000),
(1366, '879522*', 13, NULL, 557300.000),
(1367, '879523*', 4, NULL, 557300.000),
(1368, '879523*', 12, NULL, 557300.000),
(1369, '879523*', 20, NULL, 557300.000),
(1370, '879523*', 21, NULL, 557300.000),
(1371, '879523*', 24, NULL, 557300.000),
(1372, '879523*', 25, NULL, 557300.000),
(1373, '879523*', 13, NULL, 557300.000),
(1374, '879901*', 4, NULL, 1099500.000),
(1375, '879901*', 12, NULL, 1099500.000),
(1376, '879901*', 20, NULL, 1099500.000),
(1377, '879901*', 21, NULL, 1099500.000),
(1378, '879901*', 24, NULL, 1099500.000),
(1379, '879901*', 25, NULL, 1099500.000),
(1380, '879901*', 13, NULL, 1099500.000),
(1381, '879431*', 4, NULL, 620400.000),
(1382, '879431*', 12, NULL, 620400.000),
(1383, '879431*', 20, NULL, 620400.000),
(1384, '879431*', 21, NULL, 620400.000),
(1385, '879431*', 24, NULL, 620400.000),
(1386, '879431*', 25, NULL, 620400.000),
(1387, '879431*', 13, NULL, 620400.000),
(1500, '879111', 10, NULL, 587265.000),
(1501, '879111', 18, NULL, 587265.000),
(1502, '879111', 22, NULL, 587265.000),
(1503, '879111', 23, NULL, 587265.000),
(1504, '879111', 14, NULL, 587265.000),
(1505, '879111', 15, NULL, 587265.000),
(1506, '879111', 19, NULL, 587265.000),
(1507, '879111', 16, NULL, 587265.000),
(1508, '879112', 10, NULL, 758200.000),
(1509, '879112', 18, NULL, 758200.000),
(1510, '879112', 22, NULL, 758200.000),
(1511, '879112', 23, NULL, 758200.000),
(1512, '879112', 14, NULL, 758200.000),
(1513, '879112', 15, NULL, 758200.000),
(1514, '879112', 19, NULL, 758200.000),
(1515, '879112', 16, NULL, 758200.000),
(1516, '879113', 10, NULL, 868300.000),
(1517, '879113', 18, NULL, 868300.000),
(1518, '879113', 22, NULL, 868300.000),
(1519, '879113', 23, NULL, 868300.000),
(1520, '879113', 14, NULL, 868300.000),
(1521, '879113', 15, NULL, 868300.000),
(1522, '879113', 19, NULL, 868300.000),
(1523, '879113', 16, NULL, 868300.000),
(1524, '879116', 10, NULL, 758200.000),
(1525, '879116', 18, NULL, 758200.000),
(1526, '879116', 22, NULL, 758200.000),
(1527, '879116', 23, NULL, 758200.000),
(1528, '879116', 14, NULL, 758200.000),
(1529, '879116', 15, NULL, 758200.000),
(1530, '879116', 19, NULL, 758200.000),
(1531, '879116', 16, NULL, 758200.000),
(1532, '879121', 10, NULL, 589300.000),
(1533, '879121', 18, NULL, 589300.000),
(1534, '879121', 22, NULL, 589300.000),
(1535, '879121', 23, NULL, 589300.000),
(1536, '879121', 14, NULL, 589300.000),
(1537, '879121', 15, NULL, 589300.000),
(1538, '879121', 19, NULL, 589300.000),
(1539, '879121', 16, NULL, 589300.000),
(1540, '879122', 10, NULL, 758200.000),
(1541, '879122', 18, NULL, 758200.000),
(1542, '879122', 22, NULL, 758200.000),
(1543, '879122', 23, NULL, 758200.000),
(1544, '879122', 14, NULL, 758200.000),
(1545, '879122', 15, NULL, 758200.000),
(1546, '879122', 19, NULL, 758200.000),
(1547, '879122', 16, NULL, 758200.000),
(1548, '879131', 10, NULL, 758200.000),
(1549, '879131', 18, NULL, 758200.000),
(1550, '879131', 22, NULL, 758200.000),
(1551, '879131', 23, NULL, 758200.000),
(1552, '879131', 14, NULL, 758200.000),
(1553, '879131', 15, NULL, 758200.000),
(1554, '879131', 19, NULL, 758200.000),
(1555, '879131', 16, NULL, 758200.000),
(1556, '879132', 10, NULL, 758200.000),
(1557, '879132', 18, NULL, 758200.000),
(1558, '879132', 22, NULL, 758200.000),
(1559, '879132', 23, NULL, 758200.000),
(1560, '879132', 14, NULL, 758200.000),
(1561, '879132', 15, NULL, 758200.000),
(1562, '879132', 19, NULL, 758200.000),
(1563, '879132', 16, NULL, 758200.000),
(1564, '879141', 10, NULL, 758200.000),
(1565, '879141', 18, NULL, 758200.000),
(1566, '879141', 22, NULL, 758200.000),
(1567, '879141', 23, NULL, 758200.000),
(1568, '879141', 14, NULL, 758200.000),
(1569, '879141', 15, NULL, 758200.000),
(1570, '879141', 19, NULL, 758200.000),
(1571, '879141', 16, NULL, 758200.000),
(1572, '879150', 10, NULL, 758200.000),
(1573, '879150', 18, NULL, 758200.000),
(1574, '879150', 22, NULL, 758200.000),
(1575, '879150', 23, NULL, 758200.000),
(1576, '879150', 14, NULL, 758200.000),
(1577, '879150', 15, NULL, 758200.000),
(1578, '879150', 19, NULL, 758200.000),
(1579, '879150', 16, NULL, 758200.000),
(1580, '879161', 10, NULL, 643400.000),
(1581, '879161', 18, NULL, 643400.000),
(1582, '879161', 22, NULL, 643400.000),
(1583, '879161', 23, NULL, 643400.000),
(1584, '879161', 14, NULL, 643400.000),
(1585, '879161', 15, NULL, 643400.000),
(1586, '879161', 19, NULL, 643400.000),
(1587, '879161', 16, NULL, 643400.000),
(1588, '879162', 10, NULL, 758200.000),
(1589, '879162', 18, NULL, 758200.000),
(1590, '879162', 22, NULL, 758200.000),
(1591, '879162', 23, NULL, 758200.000),
(1592, '879162', 14, NULL, 758200.000),
(1593, '879162', 15, NULL, 758200.000),
(1594, '879162', 19, NULL, 758200.000),
(1595, '879162', 16, NULL, 758200.000),
(1596, '879201', 10, NULL, 643400.000),
(1597, '879201', 18, NULL, 643400.000),
(1598, '879201', 22, NULL, 643400.000),
(1599, '879201', 23, NULL, 643400.000),
(1600, '879201', 14, NULL, 643400.000),
(1601, '879201', 15, NULL, 643400.000),
(1602, '879201', 19, NULL, 643400.000),
(1603, '879201', 16, NULL, 643400.000),
(1604, '879301', 10, NULL, 719200.000),
(1605, '879301', 18, NULL, 719200.000),
(1606, '879301', 22, NULL, 719200.000),
(1607, '879301', 23, NULL, 719200.000),
(1608, '879301', 14, NULL, 719200.000),
(1609, '879301', 15, NULL, 719200.000),
(1610, '879301', 19, NULL, 719200.000),
(1611, '879301', 16, NULL, 719200.000),
(1612, '879391', 10, NULL, 814700.000),
(1613, '879391', 18, NULL, 814700.000),
(1614, '879391', 22, NULL, 814700.000),
(1615, '879391', 23, NULL, 814700.000),
(1616, '879391', 14, NULL, 814700.000),
(1617, '879391', 15, NULL, 814700.000),
(1618, '879391', 19, NULL, 814700.000),
(1619, '879391', 16, NULL, 814700.000),
(1620, '879410', 10, NULL, 814700.000),
(1621, '879410', 18, NULL, 814700.000),
(1622, '879410', 22, NULL, 814700.000),
(1623, '879410', 23, NULL, 814700.000),
(1624, '879410', 14, NULL, 814700.000),
(1625, '879410', 15, NULL, 814700.000),
(1626, '879410', 19, NULL, 814700.000),
(1627, '879410', 16, NULL, 814700.000),
(1628, '879411', 10, NULL, 946500.000),
(1629, '879411', 18, NULL, 946500.000),
(1630, '879411', 22, NULL, 946500.000),
(1631, '879411', 23, NULL, 946500.000),
(1632, '879411', 14, NULL, 946500.000),
(1633, '879411', 15, NULL, 946500.000),
(1634, '879411', 19, NULL, 946500.000),
(1635, '879411', 16, NULL, 946500.000),
(1636, '879420', 10, NULL, 946500.000),
(1637, '879420', 18, NULL, 946500.000),
(1638, '879420', 22, NULL, 946500.000),
(1639, '879420', 23, NULL, 946500.000),
(1640, '879420', 14, NULL, 946500.000),
(1641, '879420', 15, NULL, 946500.000),
(1642, '879420', 19, NULL, 946500.000),
(1643, '879420', 16, NULL, 946500.000),
(1644, '879421', 10, NULL, 589300.000),
(1645, '879421', 18, NULL, 589300.000),
(1646, '879421', 22, NULL, 589300.000),
(1647, '879421', 23, NULL, 589300.000),
(1648, '879421', 14, NULL, 589300.000),
(1649, '879421', 15, NULL, 589300.000),
(1650, '879421', 19, NULL, 589300.000),
(1651, '879421', 16, NULL, 589300.000),
(1652, '879430', 10, NULL, 946500.000),
(1653, '879430', 18, NULL, 946500.000),
(1654, '879430', 22, NULL, 946500.000),
(1655, '879430', 23, NULL, 946500.000),
(1656, '879430', 14, NULL, 946500.000),
(1657, '879430', 15, NULL, 946500.000),
(1658, '879430', 19, NULL, 946500.000),
(1659, '879430', 16, NULL, 946500.000),
(1660, '879460', 10, NULL, 643400.000),
(1661, '879460', 18, NULL, 643400.000),
(1662, '879460', 22, NULL, 643400.000),
(1663, '879460', 23, NULL, 643400.000),
(1664, '879460', 14, NULL, 643400.000),
(1665, '879460', 15, NULL, 643400.000),
(1666, '879460', 19, NULL, 643400.000),
(1667, '879460', 16, NULL, 643400.000),
(1668, '879510', 10, NULL, 589300.000),
(1669, '879510', 18, NULL, 589300.000),
(1670, '879510', 22, NULL, 589300.000),
(1671, '879510', 23, NULL, 589300.000),
(1672, '879510', 14, NULL, 589300.000),
(1673, '879510', 15, NULL, 589300.000),
(1674, '879510', 19, NULL, 589300.000),
(1675, '879510', 16, NULL, 589300.000),
(1676, '879520', 10, NULL, 589300.000),
(1677, '879520', 18, NULL, 589300.000),
(1678, '879520', 22, NULL, 589300.000),
(1679, '879520', 23, NULL, 589300.000),
(1680, '879520', 14, NULL, 589300.000),
(1681, '879520', 15, NULL, 589300.000),
(1682, '879520', 19, NULL, 589300.000),
(1683, '879520', 16, NULL, 589300.000),
(1684, '879522', 10, NULL, 227300.000),
(1685, '879522', 18, NULL, 227300.000),
(1686, '879522', 22, NULL, 227300.000),
(1687, '879522', 23, NULL, 227300.000),
(1688, '879522', 14, NULL, 227300.000),
(1689, '879522', 15, NULL, 227300.000),
(1690, '879522', 19, NULL, 227300.000),
(1691, '879522', 16, NULL, 227300.000),
(1692, '879523', 10, NULL, 227300.000),
(1693, '879523', 18, NULL, 227300.000),
(1694, '879523', 22, NULL, 227300.000),
(1695, '879523', 23, NULL, 227300.000),
(1696, '879523', 14, NULL, 227300.000),
(1697, '879523', 15, NULL, 227300.000),
(1698, '879523', 19, NULL, 227300.000),
(1699, '879523', 16, NULL, 227300.000),
(1700, '879901', 10, NULL, 649500.000),
(1701, '879901', 18, NULL, 649500.000),
(1702, '879901', 22, NULL, 649500.000),
(1703, '879901', 23, NULL, 649500.000),
(1704, '879901', 14, NULL, 649500.000),
(1705, '879901', 15, NULL, 649500.000),
(1706, '879901', 19, NULL, 649500.000),
(1707, '879901', 16, NULL, 649500.000),
(1708, '879902', 10, NULL, 1002500.000),
(1709, '879902', 18, NULL, 1002500.000),
(1710, '879902', 22, NULL, 1002500.000),
(1711, '879902', 23, NULL, 1002500.000),
(1712, '879902', 14, NULL, 1002500.000),
(1713, '879902', 15, NULL, 1002500.000),
(1714, '879902', 19, NULL, 1002500.000),
(1715, '879902', 16, NULL, 1002500.000),
(1716, '879910', 10, NULL, 1002500.000),
(1717, '879910', 18, NULL, 1002500.000),
(1718, '879910', 22, NULL, 1002500.000),
(1719, '879910', 23, NULL, 1002500.000),
(1720, '879910', 14, NULL, 1002500.000),
(1721, '879910', 15, NULL, 1002500.000),
(1722, '879910', 19, NULL, 1002500.000),
(1723, '879910', 16, NULL, 1002500.000),
(1724, '879911', 10, NULL, 1002500.000),
(1725, '879911', 18, NULL, 1002500.000),
(1726, '879911', 22, NULL, 1002500.000),
(1727, '879911', 23, NULL, 1002500.000),
(1728, '879911', 14, NULL, 1002500.000),
(1729, '879911', 15, NULL, 1002500.000),
(1730, '879911', 19, NULL, 1002500.000),
(1731, '879911', 16, NULL, 1002500.000),
(1732, '879920', 10, NULL, 129900.000),
(1733, '879920', 18, NULL, 129900.000),
(1734, '879920', 22, NULL, 129900.000),
(1735, '879920', 23, NULL, 129900.000),
(1736, '879920', 14, NULL, 129900.000),
(1737, '879920', 15, NULL, 129900.000),
(1738, '879920', 19, NULL, 129900.000),
(1739, '879920', 16, NULL, 129900.000),
(1740, '879431', 10, NULL, 290400.000),
(1741, '879431', 18, NULL, 290400.000),
(1742, '879431', 22, NULL, 290400.000),
(1743, '879431', 23, NULL, 290400.000),
(1744, '879431', 14, NULL, 290400.000),
(1745, '879431', 15, NULL, 290400.000),
(1746, '879431', 19, NULL, 290400.000),
(1747, '879431', 16, NULL, 290400.000),
(1748, '876802', 10, NULL, 290400.000),
(1749, '876802', 18, NULL, 290400.000),
(1750, '876802', 22, NULL, 290400.000),
(1751, '876802', 23, NULL, 290400.000),
(1752, '876802', 14, NULL, 290400.000),
(1753, '876802', 15, NULL, 290400.000),
(1754, '876802', 19, NULL, 290400.000),
(1755, '876802', 16, NULL, 290400.000),
(1756, '876801', 10, NULL, 238100.000),
(1757, '876801', 18, NULL, 238100.000),
(1758, '876801', 22, NULL, 238100.000),
(1759, '876801', 23, NULL, 238100.000),
(1760, '876801', 14, NULL, 238100.000),
(1761, '876801', 15, NULL, 238100.000),
(1762, '876801', 19, NULL, 238100.000),
(1763, '876801', 16, NULL, 238100.000),
(1764, '879116*', 10, NULL, 1088200.000),
(1765, '879116*', 18, NULL, 1088200.000),
(1766, '879116*', 22, NULL, 1088200.000),
(1767, '879116*', 23, NULL, 1088200.000),
(1768, '879116*', 14, NULL, 1088200.000),
(1769, '879116*', 15, NULL, 1088200.000),
(1770, '879116*', 19, NULL, 1088200.000),
(1771, '879116*', 16, NULL, 1088200.000),
(1772, '879121*', 10, NULL, 799300.000),
(1773, '879121*', 18, NULL, 799300.000),
(1774, '879121*', 22, NULL, 799300.000),
(1775, '879121*', 23, NULL, 799300.000),
(1776, '879121*', 14, NULL, 799300.000),
(1777, '879121*', 15, NULL, 799300.000),
(1778, '879121*', 19, NULL, 799300.000),
(1779, '879121*', 16, NULL, 799300.000),
(1780, '879122*', 10, NULL, 968200.000),
(1781, '879122*', 18, NULL, 968200.000),
(1782, '879122*', 22, NULL, 968200.000),
(1783, '879122*', 23, NULL, 968200.000),
(1784, '879122*', 14, NULL, 968200.000),
(1785, '879122*', 15, NULL, 968200.000),
(1786, '879122*', 19, NULL, 968200.000),
(1787, '879122*', 16, NULL, 968200.000),
(1788, '879131*', 10, NULL, 968200.000),
(1789, '879131*', 18, NULL, 968200.000),
(1790, '879131*', 22, NULL, 968200.000),
(1791, '879131*', 23, NULL, 968200.000),
(1792, '879131*', 14, NULL, 968200.000),
(1793, '879131*', 15, NULL, 968200.000),
(1794, '879131*', 19, NULL, 968200.000),
(1795, '879131*', 16, NULL, 968200.000),
(1796, '879132*', 10, NULL, 1088200.000),
(1797, '879132*', 18, NULL, 1088200.000),
(1798, '879132*', 22, NULL, 1088200.000),
(1799, '879132*', 23, NULL, 1088200.000),
(1800, '879132*', 14, NULL, 1088200.000),
(1801, '879132*', 15, NULL, 1088200.000),
(1802, '879132*', 19, NULL, 1088200.000),
(1803, '879132*', 16, NULL, 1088200.000),
(1804, '879141*', 10, NULL, 968200.000),
(1805, '879141*', 18, NULL, 968200.000),
(1806, '879141*', 22, NULL, 968200.000),
(1807, '879141*', 23, NULL, 968200.000),
(1808, '879141*', 14, NULL, 968200.000),
(1809, '879141*', 15, NULL, 968200.000),
(1810, '879141*', 19, NULL, 968200.000),
(1811, '879141*', 16, NULL, 968200.000),
(1812, '879150*', 10, NULL, 968200.000),
(1813, '879150*', 18, NULL, 968200.000),
(1814, '879150*', 22, NULL, 968200.000),
(1815, '879150*', 23, NULL, 968200.000),
(1816, '879150*', 14, NULL, 968200.000),
(1817, '879150*', 15, NULL, 968200.000),
(1818, '879150*', 19, NULL, 968200.000),
(1819, '879150*', 16, NULL, 968200.000),
(1820, '879161*', 10, NULL, 973400.000),
(1821, '879161*', 18, NULL, 973400.000),
(1822, '879161*', 22, NULL, 973400.000),
(1823, '879161*', 23, NULL, 973400.000),
(1824, '879161*', 14, NULL, 973400.000),
(1825, '879161*', 15, NULL, 973400.000),
(1826, '879161*', 19, NULL, 973400.000),
(1827, '879161*', 16, NULL, 973400.000),
(1828, '879162*', 10, NULL, 1088200.000),
(1829, '879162*', 18, NULL, 1088200.000),
(1830, '879162*', 22, NULL, 1088200.000),
(1831, '879162*', 23, NULL, 1088200.000),
(1832, '879162*', 14, NULL, 1088200.000),
(1833, '879162*', 15, NULL, 1088200.000),
(1834, '879162*', 19, NULL, 1088200.000),
(1835, '879162*', 16, NULL, 1088200.000),
(1836, '879201*', 10, NULL, 973400.000),
(1837, '879201*', 18, NULL, 973400.000),
(1838, '879201*', 22, NULL, 973400.000),
(1839, '879201*', 23, NULL, 973400.000),
(1840, '879201*', 14, NULL, 973400.000),
(1841, '879201*', 15, NULL, 973400.000),
(1842, '879201*', 19, NULL, 973400.000),
(1843, '879201*', 16, NULL, 973400.000),
(1844, '879301*', 10, NULL, 1049200.000),
(1845, '879301*', 18, NULL, 1049200.000),
(1846, '879301*', 22, NULL, 1049200.000),
(1847, '879301*', 23, NULL, 1049200.000),
(1848, '879301*', 14, NULL, 1049200.000),
(1849, '879301*', 15, NULL, 1049200.000),
(1850, '879301*', 19, NULL, 1049200.000),
(1851, '879301*', 16, NULL, 1049200.000),
(1852, '879391*', 10, NULL, 1144700.000),
(1853, '879391*', 18, NULL, 1144700.000),
(1854, '879391*', 22, NULL, 1144700.000),
(1855, '879391*', 23, NULL, 1144700.000),
(1856, '879391*', 14, NULL, 1144700.000),
(1857, '879391*', 15, NULL, 1144700.000),
(1858, '879391*', 19, NULL, 1144700.000),
(1859, '879391*', 16, NULL, 1144700.000),
(1860, '879410*', 10, NULL, 1144700.000),
(1861, '879410*', 18, NULL, 1144700.000),
(1862, '879410*', 22, NULL, 1144700.000),
(1863, '879410*', 23, NULL, 1144700.000),
(1864, '879410*', 14, NULL, 1144700.000),
(1865, '879410*', 15, NULL, 1144700.000),
(1866, '879410*', 19, NULL, 1144700.000),
(1867, '879410*', 16, NULL, 1144700.000),
(1868, '879411*', 10, NULL, 1276500.000),
(1869, '879411*', 18, NULL, 1276500.000),
(1870, '879411*', 22, NULL, 1276500.000),
(1871, '879411*', 23, NULL, 1276500.000),
(1872, '879411*', 14, NULL, 1276500.000),
(1873, '879411*', 15, NULL, 1276500.000),
(1874, '879411*', 19, NULL, 1276500.000),
(1875, '879411*', 16, NULL, 1276500.000),
(1876, '879420*', 10, NULL, 1396500.000),
(1877, '879420*', 18, NULL, 1396500.000),
(1878, '879420*', 22, NULL, 1396500.000),
(1879, '879420*', 23, NULL, 1396500.000),
(1880, '879420*', 14, NULL, 1396500.000),
(1881, '879420*', 15, NULL, 1396500.000),
(1882, '879420*', 19, NULL, 1396500.000),
(1883, '879420*', 16, NULL, 1396500.000),
(1884, '879421*', 10, NULL, 919300.000),
(1885, '879421*', 18, NULL, 919300.000),
(1886, '879421*', 22, NULL, 919300.000),
(1887, '879421*', 23, NULL, 919300.000),
(1888, '879421*', 14, NULL, 919300.000),
(1889, '879421*', 15, NULL, 919300.000),
(1890, '879421*', 19, NULL, 919300.000),
(1891, '879421*', 16, NULL, 919300.000),
(1892, '879430*', 10, NULL, 1276500.000),
(1893, '879430*', 18, NULL, 1276500.000),
(1894, '879430*', 22, NULL, 1276500.000),
(1895, '879430*', 23, NULL, 1276500.000),
(1896, '879430*', 14, NULL, 1276500.000),
(1897, '879430*', 15, NULL, 1276500.000),
(1898, '879430*', 19, NULL, 1276500.000),
(1899, '879430*', 16, NULL, 1276500.000),
(1900, '879460*', 10, NULL, 1093400.000),
(1901, '879460*', 18, NULL, 1093400.000),
(1902, '879460*', 22, NULL, 1093400.000),
(1903, '879460*', 23, NULL, 1093400.000),
(1904, '879460*', 14, NULL, 1093400.000),
(1905, '879460*', 15, NULL, 1093400.000),
(1906, '879460*', 19, NULL, 1093400.000),
(1907, '879460*', 16, NULL, 1093400.000),
(1908, '879510*', 10, NULL, 919300.000),
(1909, '879510*', 18, NULL, 919300.000),
(1910, '879510*', 22, NULL, 919300.000),
(1911, '879510*', 23, NULL, 919300.000),
(1912, '879510*', 14, NULL, 919300.000),
(1913, '879510*', 15, NULL, 919300.000),
(1914, '879510*', 19, NULL, 919300.000),
(1915, '879510*', 16, NULL, 919300.000),
(1916, '879520*', 10, NULL, 919300.000),
(1917, '879520*', 18, NULL, 919300.000),
(1918, '879520*', 22, NULL, 919300.000),
(1919, '879520*', 23, NULL, 919300.000),
(1920, '879520*', 14, NULL, 919300.000),
(1921, '879520*', 15, NULL, 919300.000),
(1922, '879520*', 19, NULL, 919300.000),
(1923, '879520*', 16, NULL, 919300.000),
(1924, '879522*', 10, NULL, 557300.000),
(1925, '879522*', 18, NULL, 557300.000),
(1926, '879522*', 22, NULL, 557300.000),
(1927, '879522*', 23, NULL, 557300.000),
(1928, '879522*', 14, NULL, 557300.000),
(1929, '879522*', 15, NULL, 557300.000),
(1930, '879522*', 19, NULL, 557300.000),
(1931, '879522*', 16, NULL, 557300.000),
(1932, '879523*', 10, NULL, 557300.000),
(1933, '879523*', 18, NULL, 557300.000),
(1934, '879523*', 22, NULL, 557300.000),
(1935, '879523*', 23, NULL, 557300.000),
(1936, '879523*', 14, NULL, 557300.000),
(1937, '879523*', 15, NULL, 557300.000),
(1938, '879523*', 19, NULL, 557300.000),
(1939, '879523*', 16, NULL, 557300.000),
(1940, '879901*', 10, NULL, 1099500.000),
(1941, '879901*', 18, NULL, 1099500.000),
(1942, '879901*', 22, NULL, 1099500.000),
(1943, '879901*', 23, NULL, 1099500.000),
(1944, '879901*', 14, NULL, 1099500.000),
(1945, '879901*', 15, NULL, 1099500.000),
(1946, '879901*', 19, NULL, 1099500.000),
(1947, '879901*', 16, NULL, 1099500.000),
(1948, '879431*', 10, NULL, 620400.000),
(1949, '879431*', 18, NULL, 620400.000),
(1950, '879431*', 22, NULL, 620400.000),
(1951, '879431*', 23, NULL, 620400.000),
(1952, '879431*', 14, NULL, 620400.000),
(1953, '879431*', 15, NULL, 620400.000),
(1954, '879431*', 19, NULL, 620400.000),
(1955, '879431*', 16, NULL, 620400.000),
(1956, '879111', 10, NULL, 587.265),
(1957, '879111', 18, NULL, 587.265),
(1958, '879111', 22, NULL, 587.265),
(1959, '879111', 23, NULL, 587.265),
(1960, '879111', 14, NULL, 587.265),
(1961, '879111', 15, NULL, 587.265),
(1962, '879111', 19, NULL, 587.265),
(1963, '879111', 16, NULL, 587.265),
(1964, '879112', 10, NULL, 758.200),
(1965, '879112', 18, NULL, 758.200),
(1966, '879112', 22, NULL, 758.200),
(1967, '879112', 23, NULL, 758.200),
(1968, '879112', 14, NULL, 758.200),
(1969, '879112', 15, NULL, 758.200),
(1970, '879112', 19, NULL, 758.200),
(1971, '879112', 16, NULL, 758.200),
(1972, '879113', 10, NULL, 868.300),
(1973, '879113', 18, NULL, 868.300),
(1974, '879113', 22, NULL, 868.300),
(1975, '879113', 23, NULL, 868.300),
(1976, '879113', 14, NULL, 868.300),
(1977, '879113', 15, NULL, 868.300),
(1978, '879113', 19, NULL, 868.300),
(1979, '879113', 16, NULL, 868.300),
(1980, '879116', 10, NULL, 758.200),
(1981, '879116', 18, NULL, 758.200),
(1982, '879116', 22, NULL, 758.200),
(1983, '879116', 23, NULL, 758.200),
(1984, '879116', 14, NULL, 758.200),
(1985, '879116', 15, NULL, 758.200),
(1986, '879116', 19, NULL, 758.200),
(1987, '879116', 16, NULL, 758.200),
(1988, '879121', 10, NULL, 589.300),
(1989, '879121', 18, NULL, 589.300),
(1990, '879121', 22, NULL, 589.300),
(1991, '879121', 23, NULL, 589.300),
(1992, '879121', 14, NULL, 589.300),
(1993, '879121', 15, NULL, 589.300),
(1994, '879121', 19, NULL, 589.300),
(1995, '879121', 16, NULL, 589.300),
(1996, '879122', 10, NULL, 758.200),
(1997, '879122', 18, NULL, 758.200),
(1998, '879122', 22, NULL, 758.200),
(1999, '879122', 23, NULL, 758.200),
(2000, '879122', 14, NULL, 758.200),
(2001, '879122', 15, NULL, 758.200),
(2002, '879122', 19, NULL, 758.200),
(2003, '879122', 16, NULL, 758.200),
(2004, '879131', 10, NULL, 758.200),
(2005, '879131', 18, NULL, 758.200),
(2006, '879131', 22, NULL, 758.200),
(2007, '879131', 23, NULL, 758.200),
(2008, '879131', 14, NULL, 758.200),
(2009, '879131', 15, NULL, 758.200),
(2010, '879131', 19, NULL, 758.200),
(2011, '879131', 16, NULL, 758.200),
(2012, '879132', 10, NULL, 758.200),
(2013, '879132', 18, NULL, 758.200),
(2014, '879132', 22, NULL, 758.200),
(2015, '879132', 23, NULL, 758.200),
(2016, '879132', 14, NULL, 758.200),
(2017, '879132', 15, NULL, 758.200),
(2018, '879132', 19, NULL, 758.200),
(2019, '879132', 16, NULL, 758.200),
(2020, '879141', 10, NULL, 758.200),
(2021, '879141', 18, NULL, 758.200),
(2022, '879141', 22, NULL, 758.200),
(2023, '879141', 23, NULL, 758.200),
(2024, '879141', 14, NULL, 758.200),
(2025, '879141', 15, NULL, 758.200),
(2026, '879141', 19, NULL, 758.200),
(2027, '879141', 16, NULL, 758.200),
(2028, '879150', 10, NULL, 758.200),
(2029, '879150', 18, NULL, 758.200),
(2030, '879150', 22, NULL, 758.200),
(2031, '879150', 23, NULL, 758.200),
(2032, '879150', 14, NULL, 758.200),
(2033, '879150', 15, NULL, 758.200),
(2034, '879150', 19, NULL, 758.200),
(2035, '879150', 16, NULL, 758.200),
(2036, '879161', 10, NULL, 643.400),
(2037, '879161', 18, NULL, 643.400),
(2038, '879161', 22, NULL, 643.400),
(2039, '879161', 23, NULL, 643.400);
INSERT INTO `precios` (`id_precio`, `codigo_procedimiento`, `id_entidad`, `precio_ambulatorio`, `precio_hospitalario`) VALUES
(2040, '879161', 14, NULL, 643.400),
(2041, '879161', 15, NULL, 643.400),
(2042, '879161', 19, NULL, 643.400),
(2043, '879161', 16, NULL, 643.400),
(2044, '879162', 10, NULL, 758.200),
(2045, '879162', 18, NULL, 758.200),
(2046, '879162', 22, NULL, 758.200),
(2047, '879162', 23, NULL, 758.200),
(2048, '879162', 14, NULL, 758.200),
(2049, '879162', 15, NULL, 758.200),
(2050, '879162', 19, NULL, 758.200),
(2051, '879162', 16, NULL, 758.200),
(2052, '879201', 10, NULL, 643.400),
(2053, '879201', 18, NULL, 643.400),
(2054, '879201', 22, NULL, 643.400),
(2055, '879201', 23, NULL, 643.400),
(2056, '879201', 14, NULL, 643.400),
(2057, '879201', 15, NULL, 643.400),
(2058, '879201', 19, NULL, 643.400),
(2059, '879201', 16, NULL, 643.400),
(2060, '879301', 10, NULL, 719.200),
(2061, '879301', 18, NULL, 719.200),
(2062, '879301', 22, NULL, 719.200),
(2063, '879301', 23, NULL, 719.200),
(2064, '879301', 14, NULL, 719.200),
(2065, '879301', 15, NULL, 719.200),
(2066, '879301', 19, NULL, 719.200),
(2067, '879301', 16, NULL, 719.200),
(2068, '879391', 10, NULL, 814.700),
(2069, '879391', 18, NULL, 814.700),
(2070, '879391', 22, NULL, 814.700),
(2071, '879391', 23, NULL, 814.700),
(2072, '879391', 14, NULL, 814.700),
(2073, '879391', 15, NULL, 814.700),
(2074, '879391', 19, NULL, 814.700),
(2075, '879391', 16, NULL, 814.700),
(2076, '879410', 10, NULL, 814.700),
(2077, '879410', 18, NULL, 814.700),
(2078, '879410', 22, NULL, 814.700),
(2079, '879410', 23, NULL, 814.700),
(2080, '879410', 14, NULL, 814.700),
(2081, '879410', 15, NULL, 814.700),
(2082, '879410', 19, NULL, 814.700),
(2083, '879410', 16, NULL, 814.700),
(2084, '879411', 10, NULL, 946.500),
(2085, '879411', 18, NULL, 946.500),
(2086, '879411', 22, NULL, 946.500),
(2087, '879411', 23, NULL, 946.500),
(2088, '879411', 14, NULL, 946.500),
(2089, '879411', 15, NULL, 946.500),
(2090, '879411', 19, NULL, 946.500),
(2091, '879411', 16, NULL, 946.500),
(2092, '879420', 10, NULL, 946.500),
(2093, '879420', 18, NULL, 946.500),
(2094, '879420', 22, NULL, 946.500),
(2095, '879420', 23, NULL, 946.500),
(2096, '879420', 14, NULL, 946.500),
(2097, '879420', 15, NULL, 946.500),
(2098, '879420', 19, NULL, 946.500),
(2099, '879420', 16, NULL, 946.500),
(2100, '879421', 10, NULL, 589.300),
(2101, '879421', 18, NULL, 589.300),
(2102, '879421', 22, NULL, 589.300),
(2103, '879421', 23, NULL, 589.300),
(2104, '879421', 14, NULL, 589.300),
(2105, '879421', 15, NULL, 589.300),
(2106, '879421', 19, NULL, 589.300),
(2107, '879421', 16, NULL, 589.300),
(2108, '879430', 10, NULL, 946.500),
(2109, '879430', 18, NULL, 946.500),
(2110, '879430', 22, NULL, 946.500),
(2111, '879430', 23, NULL, 946.500),
(2112, '879430', 14, NULL, 946.500),
(2113, '879430', 15, NULL, 946.500),
(2114, '879430', 19, NULL, 946.500),
(2115, '879430', 16, NULL, 946.500),
(2116, '879460', 10, NULL, 643.400),
(2117, '879460', 18, NULL, 643.400),
(2118, '879460', 22, NULL, 643.400),
(2119, '879460', 23, NULL, 643.400),
(2120, '879460', 14, NULL, 643.400),
(2121, '879460', 15, NULL, 643.400),
(2122, '879460', 19, NULL, 643.400),
(2123, '879460', 16, NULL, 643.400),
(2124, '879510', 10, NULL, 589.300),
(2125, '879510', 18, NULL, 589.300),
(2126, '879510', 22, NULL, 589.300),
(2127, '879510', 23, NULL, 589.300),
(2128, '879510', 14, NULL, 589.300),
(2129, '879510', 15, NULL, 589.300),
(2130, '879510', 19, NULL, 589.300),
(2131, '879510', 16, NULL, 589.300),
(2132, '879520', 10, NULL, 589.300),
(2133, '879520', 18, NULL, 589.300),
(2134, '879520', 22, NULL, 589.300),
(2135, '879520', 23, NULL, 589.300),
(2136, '879520', 14, NULL, 589.300),
(2137, '879520', 15, NULL, 589.300),
(2138, '879520', 19, NULL, 589.300),
(2139, '879520', 16, NULL, 589.300),
(2140, '879522', 10, NULL, 227.300),
(2141, '879522', 18, NULL, 227.300),
(2142, '879522', 22, NULL, 227.300),
(2143, '879522', 23, NULL, 227.300),
(2144, '879522', 14, NULL, 227.300),
(2145, '879522', 15, NULL, 227.300),
(2146, '879522', 19, NULL, 227.300),
(2147, '879522', 16, NULL, 227.300),
(2148, '879523', 10, NULL, 227.300),
(2149, '879523', 18, NULL, 227.300),
(2150, '879523', 22, NULL, 227.300),
(2151, '879523', 23, NULL, 227.300),
(2152, '879523', 14, NULL, 227.300),
(2153, '879523', 15, NULL, 227.300),
(2154, '879523', 19, NULL, 227.300),
(2155, '879523', 16, NULL, 227.300),
(2156, '879901', 10, NULL, 649.500),
(2157, '879901', 18, NULL, 649.500),
(2158, '879901', 22, NULL, 649.500),
(2159, '879901', 23, NULL, 649.500),
(2160, '879901', 14, NULL, 649.500),
(2161, '879901', 15, NULL, 649.500),
(2162, '879901', 19, NULL, 649.500),
(2163, '879901', 16, NULL, 649.500),
(2164, '879902', 10, NULL, 1002.500),
(2165, '879902', 18, NULL, 1002.500),
(2166, '879902', 22, NULL, 1002.500),
(2167, '879902', 23, NULL, 1002.500),
(2168, '879902', 14, NULL, 1002.500),
(2169, '879902', 15, NULL, 1002.500),
(2170, '879902', 19, NULL, 1002.500),
(2171, '879902', 16, NULL, 1002.500),
(2172, '879910', 10, NULL, 1002.500),
(2173, '879910', 18, NULL, 1002.500),
(2174, '879910', 22, NULL, 1002.500),
(2175, '879910', 23, NULL, 1002.500),
(2176, '879910', 14, NULL, 1002.500),
(2177, '879910', 15, NULL, 1002.500),
(2178, '879910', 19, NULL, 1002.500),
(2179, '879910', 16, NULL, 1002.500),
(2180, '879911', 10, NULL, 1002.500),
(2181, '879911', 18, NULL, 1002.500),
(2182, '879911', 22, NULL, 1002.500),
(2183, '879911', 23, NULL, 1002.500),
(2184, '879911', 14, NULL, 1002.500),
(2185, '879911', 15, NULL, 1002.500),
(2186, '879911', 19, NULL, 1002.500),
(2187, '879911', 16, NULL, 1002.500),
(2188, '879920', 10, NULL, 129.900),
(2189, '879920', 18, NULL, 129.900),
(2190, '879920', 22, NULL, 129.900),
(2191, '879920', 23, NULL, 129.900),
(2192, '879920', 14, NULL, 129.900),
(2193, '879920', 15, NULL, 129.900),
(2194, '879920', 19, NULL, 129.900),
(2195, '879920', 16, NULL, 129.900),
(2196, '879431', 10, NULL, 290.400),
(2197, '879431', 18, NULL, 290.400),
(2198, '879431', 22, NULL, 290.400),
(2199, '879431', 23, NULL, 290.400),
(2200, '879431', 14, NULL, 290.400),
(2201, '879431', 15, NULL, 290.400),
(2202, '879431', 19, NULL, 290.400),
(2203, '879431', 16, NULL, 290.400),
(2204, '876802', 10, NULL, 290.400),
(2205, '876802', 18, NULL, 290.400),
(2206, '876802', 22, NULL, 290.400),
(2207, '876802', 23, NULL, 290.400),
(2208, '876802', 14, NULL, 290.400),
(2209, '876802', 15, NULL, 290.400),
(2210, '876802', 19, NULL, 290.400),
(2211, '876802', 16, NULL, 290.400),
(2212, '876801', 10, NULL, 238.100),
(2213, '876801', 18, NULL, 238.100),
(2214, '876801', 22, NULL, 238.100),
(2215, '876801', 23, NULL, 238.100),
(2216, '876801', 14, NULL, 238.100),
(2217, '876801', 15, NULL, 238.100),
(2218, '876801', 19, NULL, 238.100),
(2219, '876801', 16, NULL, 238.100),
(2220, '890228', 10, NULL, 71.500),
(2221, '890228', 18, NULL, 71.500),
(2222, '890228', 22, NULL, 71.500),
(2223, '890228', 23, NULL, 71.500),
(2224, '890228', 14, NULL, 71.500),
(2225, '890228', 15, NULL, 71.500),
(2226, '890228', 19, NULL, 71.500),
(2227, '890228', 16, NULL, 71.500),
(2228, '890328', 10, NULL, 71.500),
(2229, '890328', 18, NULL, 71.500),
(2230, '890328', 22, NULL, 71.500),
(2231, '890328', 23, NULL, 71.500),
(2232, '890328', 14, NULL, 71.500),
(2233, '890328', 15, NULL, 71.500),
(2234, '890328', 19, NULL, 71.500),
(2235, '890328', 16, NULL, 71.500),
(2236, '890329', 10, NULL, 71.500),
(2237, '890329', 18, NULL, 71.500),
(2238, '890329', 22, NULL, 71.500),
(2239, '890329', 23, NULL, 71.500),
(2240, '890329', 14, NULL, 71.500),
(2241, '890329', 15, NULL, 71.500),
(2242, '890329', 19, NULL, 71.500),
(2243, '890329', 16, NULL, 71.500),
(2244, '890428', 10, NULL, 79.100),
(2245, '890428', 18, NULL, 79.100),
(2246, '890428', 22, NULL, 79.100),
(2247, '890428', 23, NULL, 79.100),
(2248, '890428', 14, NULL, 79.100),
(2249, '890428', 15, NULL, 79.100),
(2250, '890428', 19, NULL, 79.100),
(2251, '890428', 16, NULL, 79.100),
(2252, '890429', 10, NULL, 79.100),
(2253, '890429', 18, NULL, 79.100),
(2254, '890429', 22, NULL, 79.100),
(2255, '890429', 23, NULL, 79.100),
(2256, '890429', 14, NULL, 79.100),
(2257, '890429', 15, NULL, 79.100),
(2258, '890429', 19, NULL, 79.100),
(2259, '890429', 16, NULL, 79.100),
(2260, '894102', 10, NULL, 399.100),
(2261, '894102', 18, NULL, 399.100),
(2262, '894102', 22, NULL, 399.100),
(2263, '894102', 23, NULL, 399.100),
(2264, '894102', 14, NULL, 399.100),
(2265, '894102', 15, NULL, 399.100),
(2266, '894102', 19, NULL, 399.100),
(2267, '894102', 16, NULL, 399.100),
(2268, '895004', 10, NULL, 654.700),
(2269, '895004', 18, NULL, 654.700),
(2270, '895004', 22, NULL, 654.700),
(2271, '895004', 23, NULL, 654.700),
(2272, '895004', 14, NULL, 654.700),
(2273, '895004', 15, NULL, 654.700),
(2274, '895004', 19, NULL, 654.700),
(2275, '895004', 16, NULL, 654.700),
(2276, '881202', 10, NULL, 851.400),
(2277, '881202', 18, NULL, 851.400),
(2278, '881202', 22, NULL, 851.400),
(2279, '881202', 23, NULL, 851.400),
(2280, '881202', 14, NULL, 851.400),
(2281, '881202', 15, NULL, 851.400),
(2282, '881202', 19, NULL, 851.400),
(2283, '881202', 16, NULL, 851.400),
(2284, '881205', 10, NULL, 1110.300),
(2285, '881205', 18, NULL, 1110.300),
(2286, '881205', 22, NULL, 1110.300),
(2287, '881205', 23, NULL, 1110.300),
(2288, '881205', 14, NULL, 1110.300),
(2289, '881205', 15, NULL, 1110.300),
(2290, '881205', 19, NULL, 1110.300),
(2291, '881205', 16, NULL, 1110.300),
(2292, '881210', 10, NULL, 1953.700),
(2293, '881210', 18, NULL, 1953.700),
(2294, '881210', 22, NULL, 1953.700),
(2295, '881210', 23, NULL, 1953.700),
(2296, '881210', 14, NULL, 1953.700),
(2297, '881210', 15, NULL, 1953.700),
(2298, '881210', 19, NULL, 1953.700),
(2299, '881210', 16, NULL, 1953.700),
(2300, '895001', 10, NULL, 654.700),
(2301, '895001', 18, NULL, 654.700),
(2302, '895001', 22, NULL, 654.700),
(2303, '895001', 23, NULL, 654.700),
(2304, '895001', 14, NULL, 654.700),
(2305, '895001', 15, NULL, 654.700),
(2306, '895001', 19, NULL, 654.700),
(2307, '895001', 16, NULL, 654.700),
(2308, '452301', 10, NULL, 3005.600),
(2309, '452301', 18, NULL, 3005.600),
(2310, '452301', 22, NULL, 3005.600),
(2311, '452301', 23, NULL, 3005.600),
(2312, '452301', 14, NULL, 3005.600),
(2313, '452301', 15, NULL, 3005.600),
(2314, '452301', 19, NULL, 3005.600),
(2315, '452301', 16, NULL, 3005.600),
(2316, '452305', 10, NULL, 3005.600),
(2317, '452305', 18, NULL, 3005.600),
(2318, '452305', 22, NULL, 3005.600),
(2319, '452305', 23, NULL, 3005.600),
(2320, '452305', 14, NULL, 3005.600),
(2321, '452305', 15, NULL, 3005.600),
(2322, '452305', 19, NULL, 3005.600),
(2323, '452305', 16, NULL, 3005.600),
(2324, '452401', 10, NULL, 1972.500),
(2325, '452401', 18, NULL, 1972.500),
(2326, '452401', 22, NULL, 1972.500),
(2327, '452401', 23, NULL, 1972.500),
(2328, '452401', 14, NULL, 1972.500),
(2329, '452401', 15, NULL, 1972.500),
(2330, '452401', 19, NULL, 1972.500),
(2331, '452401', 16, NULL, 1972.500),
(2332, '482301', 10, NULL, 1389.400),
(2333, '482301', 18, NULL, 1389.400),
(2334, '482301', 22, NULL, 1389.400),
(2335, '482301', 23, NULL, 1389.400),
(2336, '482301', 14, NULL, 1389.400),
(2337, '482301', 15, NULL, 1389.400),
(2338, '482301', 19, NULL, 1389.400),
(2339, '482301', 16, NULL, 1389.400),
(2340, '441302', 10, NULL, 1389.400),
(2341, '441302', 18, NULL, 1389.400),
(2342, '441302', 22, NULL, 1389.400),
(2343, '441302', 23, NULL, 1389.400),
(2344, '441302', 14, NULL, 1389.400),
(2345, '441302', 15, NULL, 1389.400),
(2346, '441302', 19, NULL, 1389.400),
(2347, '441302', 16, NULL, 1389.400),
(2348, '890246', 10, NULL, 71.539),
(2349, '890246', 18, NULL, 71.539),
(2350, '890246', 22, NULL, 71.539),
(2351, '890246', 23, NULL, 71.539),
(2352, '890246', 14, NULL, 71.539),
(2353, '890246', 15, NULL, 71.539),
(2354, '890246', 19, NULL, 71.539),
(2355, '890246', 16, NULL, 71.539),
(2356, '890346', 10, NULL, 71.539),
(2357, '890346', 18, NULL, 71.539),
(2358, '890346', 22, NULL, 71.539),
(2359, '890346', 23, NULL, 71.539),
(2360, '890346', 14, NULL, 71.539),
(2361, '890346', 15, NULL, 71.539),
(2362, '890346', 19, NULL, 71.539),
(2363, '890346', 16, NULL, 71.539),
(2364, '879116*', 10, NULL, 1088.200),
(2365, '879116*', 18, NULL, 1088.200),
(2366, '879116*', 22, NULL, 1088.200),
(2367, '879116*', 23, NULL, 1088.200),
(2368, '879116*', 14, NULL, 1088.200),
(2369, '879116*', 15, NULL, 1088.200),
(2370, '879116*', 19, NULL, 1088.200),
(2371, '879116*', 16, NULL, 1088.200),
(2372, '879121*', 10, NULL, 799.300),
(2373, '879121*', 18, NULL, 799.300),
(2374, '879121*', 22, NULL, 799.300),
(2375, '879121*', 23, NULL, 799.300),
(2376, '879121*', 14, NULL, 799.300),
(2377, '879121*', 15, NULL, 799.300),
(2378, '879121*', 19, NULL, 799.300),
(2379, '879121*', 16, NULL, 799.300),
(2380, '879122*', 10, NULL, 968.200),
(2381, '879122*', 18, NULL, 968.200),
(2382, '879122*', 22, NULL, 968.200),
(2383, '879122*', 23, NULL, 968.200),
(2384, '879122*', 14, NULL, 968.200),
(2385, '879122*', 15, NULL, 968.200),
(2386, '879122*', 19, NULL, 968.200),
(2387, '879122*', 16, NULL, 968.200),
(2388, '879131*', 10, NULL, 968.200),
(2389, '879131*', 18, NULL, 968.200),
(2390, '879131*', 22, NULL, 968.200),
(2391, '879131*', 23, NULL, 968.200),
(2392, '879131*', 14, NULL, 968.200),
(2393, '879131*', 15, NULL, 968.200),
(2394, '879131*', 19, NULL, 968.200),
(2395, '879131*', 16, NULL, 968.200),
(2396, '879132*', 10, NULL, 1088.200),
(2397, '879132*', 18, NULL, 1088.200),
(2398, '879132*', 22, NULL, 1088.200),
(2399, '879132*', 23, NULL, 1088.200),
(2400, '879132*', 14, NULL, 1088.200),
(2401, '879132*', 15, NULL, 1088.200),
(2402, '879132*', 19, NULL, 1088.200),
(2403, '879132*', 16, NULL, 1088.200),
(2404, '879141*', 10, NULL, 968.200),
(2405, '879141*', 18, NULL, 968.200),
(2406, '879141*', 22, NULL, 968.200),
(2407, '879141*', 23, NULL, 968.200),
(2408, '879141*', 14, NULL, 968.200),
(2409, '879141*', 15, NULL, 968.200),
(2410, '879141*', 19, NULL, 968.200),
(2411, '879141*', 16, NULL, 968.200),
(2412, '879150*', 10, NULL, 968.200),
(2413, '879150*', 18, NULL, 968.200),
(2414, '879150*', 22, NULL, 968.200),
(2415, '879150*', 23, NULL, 968.200),
(2416, '879150*', 14, NULL, 968.200),
(2417, '879150*', 15, NULL, 968.200),
(2418, '879150*', 19, NULL, 968.200),
(2419, '879150*', 16, NULL, 968.200),
(2420, '879161*', 10, NULL, 973.400),
(2421, '879161*', 18, NULL, 973.400),
(2422, '879161*', 22, NULL, 973.400),
(2423, '879161*', 23, NULL, 973.400),
(2424, '879161*', 14, NULL, 973.400),
(2425, '879161*', 15, NULL, 973.400),
(2426, '879161*', 19, NULL, 973.400),
(2427, '879161*', 16, NULL, 973.400),
(2428, '879162*', 10, NULL, 1088.200),
(2429, '879162*', 18, NULL, 1088.200),
(2430, '879162*', 22, NULL, 1088.200),
(2431, '879162*', 23, NULL, 1088.200),
(2432, '879162*', 14, NULL, 1088.200),
(2433, '879162*', 15, NULL, 1088.200),
(2434, '879162*', 19, NULL, 1088.200),
(2435, '879162*', 16, NULL, 1088.200),
(2436, '879201*', 10, NULL, 973.400),
(2437, '879201*', 18, NULL, 973.400),
(2438, '879201*', 22, NULL, 973.400),
(2439, '879201*', 23, NULL, 973.400),
(2440, '879201*', 14, NULL, 973.400),
(2441, '879201*', 15, NULL, 973.400),
(2442, '879201*', 19, NULL, 973.400),
(2443, '879201*', 16, NULL, 973.400),
(2444, '879301*', 10, NULL, 1049.200),
(2445, '879301*', 18, NULL, 1049.200),
(2446, '879301*', 22, NULL, 1049.200),
(2447, '879301*', 23, NULL, 1049.200),
(2448, '879301*', 14, NULL, 1049.200),
(2449, '879301*', 15, NULL, 1049.200),
(2450, '879301*', 19, NULL, 1049.200),
(2451, '879301*', 16, NULL, 1049.200),
(2452, '879391*', 10, NULL, 1144.700),
(2453, '879391*', 18, NULL, 1144.700),
(2454, '879391*', 22, NULL, 1144.700),
(2455, '879391*', 23, NULL, 1144.700),
(2456, '879391*', 14, NULL, 1144.700),
(2457, '879391*', 15, NULL, 1144.700),
(2458, '879391*', 19, NULL, 1144.700),
(2459, '879391*', 16, NULL, 1144.700),
(2460, '879410*', 10, NULL, 1144.700),
(2461, '879410*', 18, NULL, 1144.700),
(2462, '879410*', 22, NULL, 1144.700),
(2463, '879410*', 23, NULL, 1144.700),
(2464, '879410*', 14, NULL, 1144.700),
(2465, '879410*', 15, NULL, 1144.700),
(2466, '879410*', 19, NULL, 1144.700),
(2467, '879410*', 16, NULL, 1144.700),
(2468, '879411*', 10, NULL, 1276.500),
(2469, '879411*', 18, NULL, 1276.500),
(2470, '879411*', 22, NULL, 1276.500),
(2471, '879411*', 23, NULL, 1276.500),
(2472, '879411*', 14, NULL, 1276.500),
(2473, '879411*', 15, NULL, 1276.500),
(2474, '879411*', 19, NULL, 1276.500),
(2475, '879411*', 16, NULL, 1276.500),
(2476, '879420*', 10, NULL, 1396.500),
(2477, '879420*', 18, NULL, 1396.500),
(2478, '879420*', 22, NULL, 1396.500),
(2479, '879420*', 23, NULL, 1396.500),
(2480, '879420*', 14, NULL, 1396.500),
(2481, '879420*', 15, NULL, 1396.500),
(2482, '879420*', 19, NULL, 1396.500),
(2483, '879420*', 16, NULL, 1396.500),
(2484, '879421*', 10, NULL, 919.300),
(2485, '879421*', 18, NULL, 919.300),
(2486, '879421*', 22, NULL, 919.300),
(2487, '879421*', 23, NULL, 919.300),
(2488, '879421*', 14, NULL, 919.300),
(2489, '879421*', 15, NULL, 919.300),
(2490, '879421*', 19, NULL, 919.300),
(2491, '879421*', 16, NULL, 919.300),
(2492, '879430*', 10, NULL, 1276.500),
(2493, '879430*', 18, NULL, 1276.500),
(2494, '879430*', 22, NULL, 1276.500),
(2495, '879430*', 23, NULL, 1276.500),
(2496, '879430*', 14, NULL, 1276.500),
(2497, '879430*', 15, NULL, 1276.500),
(2498, '879430*', 19, NULL, 1276.500),
(2499, '879430*', 16, NULL, 1276.500),
(2500, '879460*', 10, NULL, 1093.400),
(2501, '879460*', 18, NULL, 1093.400),
(2502, '879460*', 22, NULL, 1093.400),
(2503, '879460*', 23, NULL, 1093.400),
(2504, '879460*', 14, NULL, 1093.400),
(2505, '879460*', 15, NULL, 1093.400),
(2506, '879460*', 19, NULL, 1093.400),
(2507, '879460*', 16, NULL, 1093.400),
(2508, '879510*', 10, NULL, 919.300),
(2509, '879510*', 18, NULL, 919.300),
(2510, '879510*', 22, NULL, 919.300),
(2511, '879510*', 23, NULL, 919.300),
(2512, '879510*', 14, NULL, 919.300),
(2513, '879510*', 15, NULL, 919.300),
(2514, '879510*', 19, NULL, 919.300),
(2515, '879510*', 16, NULL, 919.300),
(2516, '879520*', 10, NULL, 919.300),
(2517, '879520*', 18, NULL, 919.300),
(2518, '879520*', 22, NULL, 919.300),
(2519, '879520*', 23, NULL, 919.300),
(2520, '879520*', 14, NULL, 919.300),
(2521, '879520*', 15, NULL, 919.300),
(2522, '879520*', 19, NULL, 919.300),
(2523, '879520*', 16, NULL, 919.300),
(2524, '879522*', 10, NULL, 557.300),
(2525, '879522*', 18, NULL, 557.300),
(2526, '879522*', 22, NULL, 557.300),
(2527, '879522*', 23, NULL, 557.300),
(2528, '879522*', 14, NULL, 557.300),
(2529, '879522*', 15, NULL, 557.300),
(2530, '879522*', 19, NULL, 557.300),
(2531, '879522*', 16, NULL, 557.300),
(2532, '879523*', 10, NULL, 557.300),
(2533, '879523*', 18, NULL, 557.300),
(2534, '879523*', 22, NULL, 557.300),
(2535, '879523*', 23, NULL, 557.300),
(2536, '879523*', 14, NULL, 557.300),
(2537, '879523*', 15, NULL, 557.300),
(2538, '879523*', 19, NULL, 557.300),
(2539, '879523*', 16, NULL, 557.300),
(2540, '879901*', 10, NULL, 1099.500),
(2541, '879901*', 18, NULL, 1099.500),
(2542, '879901*', 22, NULL, 1099.500),
(2543, '879901*', 23, NULL, 1099.500),
(2544, '879901*', 14, NULL, 1099.500),
(2545, '879901*', 15, NULL, 1099.500),
(2546, '879901*', 19, NULL, 1099.500),
(2547, '879901*', 16, NULL, 1099.500),
(2548, '879431*', 10, NULL, 620.400),
(2549, '879431*', 18, NULL, 620.400),
(2550, '879431*', 22, NULL, 620.400),
(2551, '879431*', 23, NULL, 620.400),
(2552, '879431*', 14, NULL, 620.400),
(2553, '879431*', 15, NULL, 620.400),
(2554, '879431*', 19, NULL, 620.400),
(2555, '879431*', 16, NULL, 620.400);

-- --------------------------------------------------------

--
-- Estructura de tabla para la tabla `procedimientos`
--

CREATE TABLE `procedimientos` (
  `codigo_procedimiento` varchar(50) NOT NULL,
  `nombre_procedimiento` varchar(255) NOT NULL,
  `marca` varchar(100) DEFAULT NULL,
  `es_contraste` tinyint(1) DEFAULT 0
) ENGINE=InnoDB DEFAULT CHARSET=utf8mb4 COLLATE=utf8mb4_general_ci;

--
-- Volcado de datos para la tabla `procedimientos`
--

INSERT INTO `procedimientos` (`codigo_procedimiento`, `nombre_procedimiento`, `marca`, `es_contraste`) VALUES
('441302', 'ESOFAGOGASTRODUODENOSCOPIA [EGD] CON O SIN BIOPSIA', 'Endoscopia', 0),
('452301', 'COLONOSCOPIA TOTAL', 'Endoscopia', 0),
('452305', 'COLONOSCOPIA TOTAL CON O SIN BIOPSIA', 'Endoscopia', 0),
('452401', 'SIGMOIDOSCOPIA FLEXIBLE O RIGIDA', 'Endoscopia', 0),
('482301', 'PROCTOSIGMOIDOSCOPIA', 'Endoscopia', 0),
('876801', 'MAMOGRAFIA UNILATERAL O DE PIEZA QUIRURGICA', 'Mamografía', 0),
('876802', 'MAMOGRAFIA BILATERAL', 'Mamografía', 0),
('879111', 'TOMOGRAFIA COMPUTADA DE CRANEO SIMPLE', 'Tomografía', 0),
('879112', 'TOMOGRAFIA COMPUTADA DE CRANEO CON CONTRASTE', 'Tomografía', 1),
('879113', 'TOMOGRAFIA COMPUTADA DE CRANEO SIMPLE Y CON CONTRASTE', 'Tomografía', 1),
('879116', 'TOMOGRAFIA COMPUTADA DE SILLA TURCA (HIPOFISIS)', 'Tomografía', 0),
('879116*', 'TOMOGRAFIA COMPUTADA DE SILLA TURCA (HIPOFISIS) (CON CONTRASTE)', 'Tomografía', 1),
('879121', 'TOMOGRAFIA COMPUTADA DE ORBITAS', 'Tomografía', 0),
('879121*', 'TOMOGRAFIA COMPUTADA DE ORBITAS (CON CONTRASTE)', 'Tomografía', 1),
('879122', 'TOMOGRAFIA COMPUTADA DE OIDO - PEÑASCO Y CONDUCTO AUDITIVO INTERNO', 'Tomografía', 0),
('879122*', 'TOMOGRAFIA COMPUTADA DE OIDO - PEÑASCO Y CONDUCTO AUDITIVO INTERNO (CON CONTRASTE)', 'Tomografía', 1),
('879131', 'TOMOGRAFIA COMPUTADA DE SENOS PARANASALES O CARA', 'Tomografía', 0),
('879131*', 'TOMOGRAFIA COMPUTADA DE SENOS PARANASALES O CARA (CON CONTRASTE)', 'Tomografía', 1),
('879132', 'TOMOGRAFIA COMPUTADA DE RINOFARINGE', 'Tomografía', 0),
('879132*', 'TOMOGRAFIA COMPUTADA DE RINOFARINGE (CON CONTRASTE)', 'Tomografía', 1),
('879141', 'TOMOGRAFIA COMPUTADA DE MAXILARES (ESTUDIO IMPLANTOLOGIA)', 'Tomografía', 0),
('879141*', 'TOMOGRAFIA COMPUTADA DE MAXILARES (ESTUDIO IMPLANTOLOGIA) (CON CONTRASTE)', 'Tomografía', 1),
('879150', 'TOMOGRAFIA COMPUTADA DE ARTICULACION TEMPORO MANDIBULAR (BILATERAL)', 'Tomografía', 0),
('879150*', 'TOMOGRAFIA COMPUTADA DE ARTICULACION TEMPORO MANDIBULAR (BILATERAL) (CON CONTRASTE)', 'Tomografía', 1),
('879161', 'TOMOGRAFIA COMPUTADA DE CUELLO', 'Tomografía', 0),
('879161*', 'TOMOGRAFIA COMPUTADA DE CUELLO (CON CONTRASTE)', 'Tomografía', 1),
('879162', 'TOMOGRAFIA COMPUTADA DE LARINGE', 'Tomografía', 0),
('879162*', 'TOMOGRAFIA COMPUTADA DE LARINGE (CON CONTRASTE)', 'Tomografía', 1),
('879201', 'TOMOGRAFIA COMPUTADA DE COLUMNA SEGMENTOS CERVICAL - TORACICO - LUMBAR O SACRO - POR CADA NIVEL (TRES ESPACIOS)', 'Tomografía', 0),
('879201*', 'TOMOGRAFIA COMPUTADA DE COLUMNA SEGMENTOS CERVICAL - TORACICO - LUMBAR O SACRO - POR CADA NIVEL (TRES ESPACIOS) (CON CONTRASTE)', 'Tomografía', 1),
('879301', 'TOMOGRAFIA COMPUTADA DE TORAX', 'Tomografía', 0),
('879301*', 'TOMOGRAFIA COMPUTADA DE TORAX (CON CONTRASTE)', 'Tomografía', 1),
('879391', 'TOMOGRAFIA COMPUTADA DE TORAX EXTENDIDO AL ABDOMEN SUPERIOR CON SUPRARRENALES', 'Tomografía', 1),
('879391*', 'TOMOGRAFIA COMPUTADA DE TORAX EXTENDIDO AL ABDOMEN SUPERIOR CON SUPRARRENALES (CON CONTRASTE)', 'Tomografía', 1),
('879410', 'TOMOGRAFIA COMPUTADA DE ABDOMEN SUPERIOR', 'Tomografía', 0),
('879410*', 'TOMOGRAFIA COMPUTADA DE ABDOMEN SUPERIOR (CON CONTRASTE)', 'Tomografía', 1),
('879411', 'TOMOGRAFIA COMPUTADA DE INTESTINO [ENTEROTC]', 'Tomografía', 0),
('879411*', 'TOMOGRAFIA COMPUTADA DE INTESTINO [ENTEROTC] (CON CONTRASTE)', 'Tomografía', 1),
('879420', 'TOMOGRAFIA COMPUTADA DE ABDOMEN Y PELVIS (ABDOMEN TOTAL)', 'Tomografía', 0),
('879420*', 'TOMOGRAFIA COMPUTADA DE ABDOMEN Y PELVIS (ABDOMEN TOTAL) (CON CONTRASTE)', 'Tomografía', 1),
('879421', 'TOMOGRAFIA COMPUTADA DE CADERA', 'Tomografía', 0),
('879421*', 'TOMOGRAFIA COMPUTADA DE CADERA (CON CONTRASTE)', 'Tomografía', 1),
('879430', 'TOMOGRAFIA COMPUTADA DE VIAS URINARIAS [UROTC]', 'Tomografía', 0),
('879430*', 'TOMOGRAFIA COMPUTADA DE VIAS URINARIAS [UROTC] (CON CONTRASTE)', 'Tomografía', 1),
('879431', 'UROGRAFIA CON TOMOGRAFIA COMPUTADA', 'Tomografía', 1),
('879431*', 'UROGRAFIA CON TOMOGRAFIA COMPUTADA (CON CONTRASTE)', 'Tomografía', 1),
('879460', 'TOMOGRAFIA COMPUTADA DE PELVIS', 'Tomografía', 0),
('879460*', 'TOMOGRAFIA COMPUTADA DE PELVIS (CON CONTRASTE)', 'Tomografía', 1),
('879510', 'TOMOGRAFIA COMPUTADA DE MIEMBROS SUPERIORES Y ARTICULACIONES', 'Tomografía', 0),
('879510*', 'TOMOGRAFIA COMPUTADA DE MIEMBROS SUPERIORES Y ARTICULACIONES (CON CONTRASTE)', 'Tomografía', 1),
('879520', 'TOMOGRAFIA COMPUTADA DE MIEMBROS INFERIORES Y ARTICULACIONES', 'Tomografía', 0),
('879520*', 'TOMOGRAFIA COMPUTADA DE MIEMBROS INFERIORES Y ARTICULACIONES (CON CONTRASTE)', 'Tomografía', 1),
('879522', 'TOMOGRAFIA COMPUTADA DE MIEMBROS INFERIORES (ANTEVERSION FEMORAL O TORSION TIBIAL)', 'Tomografía', 0),
('879522*', 'TOMOGRAFIA COMPUTADA DE MIEMBROS INFERIORES (ANTEVERSION FEMORAL O TORSION TIBIAL) (CON CONTRASTE)', 'Tomografía', 1),
('879523', 'TOMOGRAFIA COMPUTADA DE MIEMBROS INFERIORES (AXIALES DE ROTULA O LONGITUD DE MIEMBROS INFERIORES)', 'Tomografía', 0),
('879523*', 'TOMOGRAFIA COMPUTADA DE MIEMBROS INFERIORES (AXIALES DE ROTULA O LONGITUD DE MIEMBROS INFERIORES) (CON CONTRASTE)', 'Tomografía', 1),
('879901', 'TOMOGRAFIA COMPUTADA DE VASOS', 'Tomografía', 0),
('879901*', 'TOMOGRAFIA COMPUTADA DE VASOS (CON CONTRASTE)', 'Tomografía', 1),
('879902', 'TOMOGRAFIA COMPUTADA DE CORONARIAS [ANGIOTC CORONARIO]', 'Tomografía', 1),
('879910', 'TOMOGRAFIA COMPUTADA EN RECONSTRUCCION TRIDIMENSIONAL', 'Tomografía', 0),
('879911', 'TOMOGRAFIA COMPUTADA RECONSTRUCCION VIRTUAL', 'Tomografía', 0),
('879920', 'TOMOGRAFIA COMPUTADA CON MODALIDAD DINAMICA (SECUENCIA RAPIDA)', 'Tomografía', 0),
('881202', 'ECOCARDIOGRAMA TRANSTORÁCICO', 'Ecocardiograma', 0),
('881205', 'ECOCARDIOGRAMA TRANSESOFÁGICO', 'Ecocardiograma', 0),
('881210', 'ECOCARDIOGRAMA DE STRESS CON PRUEBA DE ESFUERZO O CON PRUEBA FARMACOLÓGICA', 'Ecocardiograma', 0),
('890228', 'CONSULTA DE PRIMERA VEZ POR ESPECIALISTA EN CARDIOLOGÍA', 'Consulta', 0),
('890246', 'CONSULTA DE PRIMERA VEZ POR ESPECIALISTA EN GASTROENTEROLOGIA', 'Consulta', 0),
('890328', 'CONSULTA DE CONTROL O DE SEGUIMIENTO POR ESPECIALISTA EN CARDIOLOGÍA', 'Consulta', 0),
('890329', 'CONSULTA DE CONTROL O DE SEGUIMIENTO POR ESPECIALISTA EN CARDIOLOGÍA PEDIÁTRICA', 'Consulta', 0),
('890346', 'CONSULTA DE CONTROL O DE SEGUIMIENTO POR ESPECIALISTA EN GASTROENTEROLOGIA', 'Consulta', 0),
('890428', 'INTERCONSULTA POR ESPECIALISTA EN CARDIOLOGIA', 'Consulta', 0),
('890429', 'INTERCONSULTA POR ESPECIALISTA EN CARDIOLOGIA PEDIATRICA', 'Consulta', 0),
('894102', 'PRUEBA DE ESFUERZO CARDIOVASCULAR', 'Prueba', 0),
('895001', 'MONITOREO ELECTROCARDIOGRÁFICO CONTINUO (HOLTER)', 'Monitoreo', 0),
('895004', 'MONITOREO AMBULATORIO DE PRESIÓN ARTERIAL SISTÉMICA', 'Monitoreo', 0);

--
-- Índices para tablas volcadas
--

--
-- Indices de la tabla `entidades`
--
ALTER TABLE `entidades`
  ADD PRIMARY KEY (`id_entidad`);

--
-- Indices de la tabla `factura`
--
ALTER TABLE `factura`
  ADD PRIMARY KEY (`codigo_factura`),
  ADD KEY `codigo_procedimiento` (`codigo_procedimiento`),
  ADD KEY `id_entidad` (`id_entidad`);

--
-- Indices de la tabla `precios`
--
ALTER TABLE `precios`
  ADD PRIMARY KEY (`id_precio`),
  ADD KEY `codigo_procedimiento` (`codigo_procedimiento`),
  ADD KEY `id_entidad` (`id_entidad`);

--
-- Indices de la tabla `procedimientos`
--
ALTER TABLE `procedimientos`
  ADD PRIMARY KEY (`codigo_procedimiento`);

--
-- AUTO_INCREMENT de las tablas volcadas
--

--
-- AUTO_INCREMENT de la tabla `entidades`
--
ALTER TABLE `entidades`
  MODIFY `id_entidad` int(11) NOT NULL AUTO_INCREMENT, AUTO_INCREMENT=26;

--
-- AUTO_INCREMENT de la tabla `precios`
--
ALTER TABLE `precios`
  MODIFY `id_precio` int(11) NOT NULL AUTO_INCREMENT, AUTO_INCREMENT=3547;

--
-- Restricciones para tablas volcadas
--

--
-- Filtros para la tabla `factura`
--
ALTER TABLE `factura`
  ADD CONSTRAINT `factura_ibfk_1` FOREIGN KEY (`codigo_procedimiento`) REFERENCES `procedimientos` (`codigo_procedimiento`),
  ADD CONSTRAINT `factura_ibfk_2` FOREIGN KEY (`id_entidad`) REFERENCES `entidades` (`id_entidad`);

--
-- Filtros para la tabla `precios`
--
ALTER TABLE `precios`
  ADD CONSTRAINT `precios_ibfk_1` FOREIGN KEY (`codigo_procedimiento`) REFERENCES `procedimientos` (`codigo_procedimiento`),
  ADD CONSTRAINT `precios_ibfk_2` FOREIGN KEY (`id_entidad`) REFERENCES `entidades` (`id_entidad`);
COMMIT;

/*!40101 SET CHARACTER_SET_CLIENT=@OLD_CHARACTER_SET_CLIENT */;
/*!40101 SET CHARACTER_SET_RESULTS=@OLD_CHARACTER_SET_RESULTS */;
/*!40101 SET COLLATION_CONNECTION=@OLD_COLLATION_CONNECTION */;
